relative_path,label,derived_split,group_id,original_split,sha256,width,height,byte_size
archive/test/Road_Issues_Damaged_Sign/IMG_8090_jpg.rf.e57b342cce1cd5354d512bd5e8be2469.jpg,DAMAGED_SIGN,train,damaged_sign-1f6f8d01fa6e2e8b,test,9998663f6c3b946568ad03231ffea3d529699f13faeffea47a351dfa7eaae677,640,640,36489
archive/test/Road_Issues_Damaged_Sign/IMG_8205_jpg.rf.c95f4044ab481295dddf13886198abb0.jpg,DAMAGED_SIGN,train,damaged_sign-ca87554bb29eef50,test,0d757ae892ce56403b778421b6272ad5cf5bb8abd9be66f19ddad67ca72c8a32,640,640,21128
archive/test/Road_Issues_Damaged_Sign/IMG_8221_jpg.rf.47214e4f6407193c799b94f0da74539c.jpg,DAMAGED_SIGN,train,damaged_sign-67d1e35ca061cb46,test,68a3b9635a1da95f617583a7bc977f548dfe02ca8ddf97ff6a0d211e97355e3c,640,640,29795
archive/test/Road_Issues_Damaged_Sign/IMG_8281_jpg.rf.04c649eed159ceb13d9414b563900272.jpg,DAMAGED_SIGN,train,damaged_sign-df87a8a72e1663f3,test,b53f2f10180d11c9c67af94be99b24b8edaedbb67d4983031d03dcceca34e781,640,640,22818
archive/test/Road_Issues_Damaged_Sign/IMG_8308_jpg.rf.4ae7540870d96e8c3ee2923ad599e5c4.jpg,DAMAGED_SIGN,train,damaged_sign-3efb91011772c1d8,test,377c67e4310add964483eb0212a7da8d321d0af0aafd9bd72741420d5557ba9a,640,640,34536
archive/test/Road_Issues_Damaged_Sign/IMG_8314_jpg.rf.3c61e9f730e692ac4a383b46b654b81f.jpg,DAMAGED_SIGN,train,damaged_sign-d8b4bf9a9cf826f1,test,5ffd0addd29c0389f0b79e941ef38d3a8a8557d4242145884f301eeac42a6088,640,640,27762
archive/test/Road_Issues_Damaged_Sign/IMG_8364_jpg.rf.837160c4a6ec37dbf1000f661539c0f4.jpg,DAMAGED_SIGN,train,damaged_sign-677f18e487244aec,test,d2374b7c8a1e13fffaa245d0000b7fc493252efd2a924ed4b8c252aabb8b2a69,640,640,25657
archive/test/Road_Issues_Damaged_Sign/IMG_8375_jpg.rf.92f8913291d501df4e0c911e38ca846a.jpg,DAMAGED_SIGN,train,damaged_sign-c4f307dbbc959771,test,59c8cd08a9b4017a73f6d08d05d879f8fb5129ad9bcd94499d4841c9cd28496e,640,640,43159
archive/test/Road_Issues_Damaged_Sign/IMG_8664_jpg.rf.5f8097d7bb212f661b9d2c34ae2cbd33.jpg,DAMAGED_SIGN,train,damaged_sign-19ad1bf6b1d7cde7,test,9d0eb6be5a5cec8289ab98899be8784d435bdf2e62bbd082e1afa2cd9380834d,640,640,62831
archive/test/Road_Issues_Damaged_Sign/IMG_8818_jpg.rf.59b71ce96598a005a7d4bcd52e4d65ab.jpg,DAMAGED_SIGN,train,damaged_sign-1ae4de34c171512a,test,17ee5598f6d337df51af42c81610c62ae7d9175c3dd12cd2863cfc235aa84320,640,640,36275
archive/test/Road_Issues_Damaged_Sign/IMG_8855_jpg.rf.5cf99f8b3414d01c5ec1622e8af615f7.jpg,DAMAGED_SIGN,train,damaged_sign-f1b7507f839c22cd,test,fbfb53c46d30173e5ad1bb6c75c7d3edd21d5c309f3464db5ff4bf2966482677,640,640,36318
archive/test/Road_Issues_Damaged_Sign/IMG_8942_jpg.rf.a2ac0e5ea05b2308eaf49d0604bcb7de.jpg,DAMAGED_SIGN,train,damaged_sign-df6f7ad6996541ed,test,245ba6bc267b0f6df998fe052db4666d48917072c0df030c36dfc9fb10587c1f,640,640,33810
archive/test/Road_Issues_Damaged_Sign/IMG_8959_jpg.rf.c911506bf840ae5ef9e3377133c5a8bc.jpg,DAMAGED_SIGN,train,damaged_sign-f131557b1b979fa5,test,36c74135956896d56082a77d964c7d95b505c06800863501fa794ae81ced664c,640,640,56024
archive/test/Road_Issues_Damaged_Sign/IMG_8976_jpg.rf.e121c6ed97e361da20c1442fa5156902.jpg,DAMAGED_SIGN,train,damaged_sign-63020a119f61e2dc,test,6153d20886f0568854ec01189d7b24bf8a5f68bd775f9ab0fcf7447502a3251c,640,640,52032
archive/test/Road_Issues_Damaged_Sign/IMG_9082_jpg.rf.aa634b9d49ae450c95ca23e393d9fa6c.jpg,DAMAGED_SIGN,train,damaged_sign-eae1b7d900989885,test,9247a078d75282964dd0f8e3482324b8dad3fcb6d53dc383c5c9ed3fdfbcaeae,640,640,35613
archive/test/Road_Issues_Damaged_Sign/IMG_9104_jpg.rf.9546d8ec7f4e7e95f0301ef90c7b0e95.jpg,DAMAGED_SIGN,train,damaged_sign-1f341b11bd208ddf,test,196c1361fbe9ac7e49fe5c37975df4e3b7f96047ffc7bb1959a8a3963c347df4,640,640,43652
archive/test/Road_Issues_Damaged_Sign/image0-20-_jpeg_jpg.rf.8796cd60d935876171c16354f5f81763.jpg,DAMAGED_SIGN,train,damaged_sign-c1960e3a3d20cde3,test,dc50ad564bc4e8e13a833f04c1dfa1ffed051a323e415def534bada715571c3c,640,640,37520
archive/test/Road_Issues_Damaged_Sign/image6-12-_jpeg_jpg.rf.91ab06fa3f50ef9ec392a442f4f16113.jpg,DAMAGED_SIGN,train,damaged_sign-0f40acd0966549ca,test,a969eb14df3c2b457cea8a2ba813c914038d5f04f04bbb58e6d93bf25233d944,640,640,57363
archive/train/Road_Issues_Damaged_Sign/IMG_8070_jpg.rf.b6697f78626ffaf77c119dacbcf7f93a.jpg,DAMAGED_SIGN,train,damaged_sign-f5f38fa231b4e6e7,train,dd918349fc98c55b8373d619f27a69b2df51ed2845f5eb111dc0745c33cf5ece,640,640,28470
archive/train/Road_Issues_Damaged_Sign/IMG_8073_jpg.rf.523465bc9a9e367e04e4faf714024059.jpg,DAMAGED_SIGN,train,damaged_sign-8cfc8513c63c5e16,train,ef4fee03c49f65f9efac41e0e40b32528dc4c1c9589358e6008e8a1087219f00,640,640,33305
archive/train/Road_Issues_Damaged_Sign/IMG_8080_jpg.rf.71f6e0457d9b42ad0ce9e10e1212fe7a.jpg,DAMAGED_SIGN,train,damaged_sign-b66bbd086e58a125,train,e84210a941f6ba1b00591620de84ab491d38f15ca63b924d7280fb7e6dea0528,640,640,37948
archive/train/Road_Issues_Damaged_Sign/IMG_8084_jpg.rf.6581ea9103998fc1c80f6e761ce718db.jpg,DAMAGED_SIGN,train,damaged_sign-6afd0116078222ad,train,e893541a544c8e9e010abae31debe67d836743a5f50e08749fd6a40fe47d18fd,640,640,43232
archive/train/Road_Issues_Damaged_Sign/IMG_8091_jpg.rf.05882c4283451d2906e6d3790ca09000.jpg,DAMAGED_SIGN,train,damaged_sign-1de45f9fa00c4f5b,train,4aec2a392eaec241b15da5f2fedb9f83bb4f0d4054ebdecd1b41fd32940d5272,640,640,26521
archive/train/Road_Issues_Damaged_Sign/IMG_8101_jpg.rf.8f8c0448e47f74b9caac977e244defe9.jpg,DAMAGED_SIGN,train,damaged_sign-88a9e14ed52afd46,train,1f9ca3dab33858805f16a0d3aff4125f5cf32d015819eb2a99f5e5574e01aa71,640,640,24612
archive/train/Road_Issues_Damaged_Sign/IMG_8103_jpg.rf.b33bccb67de06c439a4e513ed5f1b207.jpg,DAMAGED_SIGN,train,damaged_sign-38fc223e4ab7663d,train,cbc76f216376f43005b293b90d771b5418e52e9970e184e7e3200905f5af984b,640,640,37443
archive/train/Road_Issues_Damaged_Sign/IMG_8104_jpg.rf.fd2f3e97bd9f30d9092397dbb916b1bd.jpg,DAMAGED_SIGN,train,damaged_sign-afdb27aeb1fc7eef,train,590d472efcbb9d23399800325e207b8a2347768fa59d1be3ab1e47b9e3f198ed,640,640,30021
archive/train/Road_Issues_Damaged_Sign/IMG_8110_jpg.rf.aa76a6e40dd613b5239b3f3579dca100.jpg,DAMAGED_SIGN,train,damaged_sign-e5357280854793ac,train,5d075b67cb71a753faffb374b05381c853c3147cc64e49c66a0216c933797f52,640,640,20338
archive/train/Road_Issues_Damaged_Sign/IMG_8113_jpg.rf.d338743e863c2b245939e221e57065e9.jpg,DAMAGED_SIGN,train,damaged_sign-77796cf2f19ee55b,train,723bb20a9d3fe860f7e97ebfdba37752dac256c6d88aef9e4c8cd6794e6bfdd7,640,640,24828
archive/train/Road_Issues_Damaged_Sign/IMG_8115_jpg.rf.88eec69bebd63b945d8964ca7b02069f.jpg,DAMAGED_SIGN,train,damaged_sign-6007156bb8fea698,train,ca77ad5d305f34e68aa2f47c5811f2bce7bde6b1635710e22865301b533c9952,640,640,29700
archive/train/Road_Issues_Damaged_Sign/IMG_8117_jpg.rf.27371ffbe1a9418d2d3ffb30e60c7745.jpg,DAMAGED_SIGN,train,damaged_sign-6af45c9f208717b0,train,8357a5d20142d5d01b11ee2defc6c942ccd09a7e34ebfae39e3d7e337ed9e598,640,640,32582
archive/train/Road_Issues_Damaged_Sign/IMG_8118_jpg.rf.3c16ca328cf5d7ee3209a1c75095a648.jpg,DAMAGED_SIGN,train,damaged_sign-d39a3bc61bd73fc7,train,7613d24e7cfa02d8ce1be0fcd829c54e76a178b7630c746c5587fb0f0e8ba496,640,640,34915
archive/train/Road_Issues_Damaged_Sign/IMG_8121_jpg.rf.8c25804a64bb065d00335684e7da929f.jpg,DAMAGED_SIGN,train,damaged_sign-85cb8a11c9ccf66b,train,a35a9559984840c7d535697b6bbad1bb551a6621d6a7dd669c8c422fe86b7187,640,640,30350
archive/train/Road_Issues_Damaged_Sign/IMG_8122_jpg.rf.9b60eec13dffa8ef728170db0747bb18.jpg,DAMAGED_SIGN,train,damaged_sign-ee12ba6fd27fd9be,train,2b92a5a364f6cbba7871146f906616e60a33f0287d3dbdd7f46d25eedc3efdb8,640,640,29121
archive/train/Road_Issues_Damaged_Sign/IMG_8123_jpg.rf.e26ad37ea538ad92ea3cda81dee7115e.jpg,DAMAGED_SIGN,train,damaged_sign-903f4a8e41b786e8,train,8937d2146c75ec0857c8901605e0e8a6dcd2f85099ed70fb40114188ba050d06,640,640,45835
archive/train/Road_Issues_Damaged_Sign/IMG_8124_jpg.rf.9d3d125d1a346fcb5acd75fa26bcc04a.jpg,DAMAGED_SIGN,train,damaged_sign-d6df7438f0d6a18d,train,59cd1ad718dd133e2e4c45cdbeb684a56827e50be227bc973cb804f017edd8e9,640,640,29526
archive/train/Road_Issues_Damaged_Sign/IMG_8126_jpg.rf.6685fb669208b0041f3f1ec197160b48.jpg,DAMAGED_SIGN,train,damaged_sign-75ae721cdfe0b9f5,train,2b0cec170479cb149aa22013dd30d6833a294b58eec16b9dd6d2dc3aa2731d9d,640,640,36365
archive/train/Road_Issues_Damaged_Sign/IMG_8129_jpg.rf.86b482f583fc9f116adb13f97aa20923.jpg,DAMAGED_SIGN,train,damaged_sign-9b6c11a388388db8,train,7f0a634de5e02564bd519964a05ee0e59f7a34b25e1e1c4940eeb28a4bcf933a,640,640,31300
archive/train/Road_Issues_Damaged_Sign/IMG_8131_jpg.rf.69e9b0639bd0291ee3e211281c9a714f.jpg,DAMAGED_SIGN,train,damaged_sign-f9168b262e6e2642,train,ef0062eeea9cad3ba8f5d6a07538a4af4f2389f6c008909d0abf8cdeaa7df4d8,640,640,25725
archive/train/Road_Issues_Damaged_Sign/IMG_8135_jpg.rf.c3e9565aaa6df182ac191d07bdd92820.jpg,DAMAGED_SIGN,train,damaged_sign-7585f1f89c210b4b,train,e737182b3ea80ff68b264371d7351b4c2eecc1586a42286746314079570922d3,640,640,27765
archive/train/Road_Issues_Damaged_Sign/IMG_8136_jpg.rf.622bff62e334e230bf03ec20becdfcb9.jpg,DAMAGED_SIGN,train,damaged_sign-36b340e7c58d0c5f,train,69632abcf3787fd5eb8f7bc737eef6db7a98c828a15e917f17b511af2b9e069a,640,640,25495
archive/train/Road_Issues_Damaged_Sign/IMG_8137_jpg.rf.5d0fa0e3907206414cd5c518c187e4de.jpg,DAMAGED_SIGN,train,damaged_sign-f41d7cbeda1bd294,train,3c96a7194027530f9f88a8eaf7e73a0c7d3acfcd9c9744c0e905dc324bb37f20,640,640,27954
archive/train/Road_Issues_Damaged_Sign/IMG_8140_jpg.rf.7132cf0b83c65ce6ce714adae68096fe.jpg,DAMAGED_SIGN,train,damaged_sign-49fac5d7bdd7bf4a,train,444c89a36568dd7b3d11646dfe4af88bf66921393dbebe72e5aecf32cc1807e7,640,640,38527
archive/train/Road_Issues_Damaged_Sign/IMG_8143_jpg.rf.83bbb87bea2ac6c0fb60800d17edf38b.jpg,DAMAGED_SIGN,train,damaged_sign-a08782c161372a12,train,4ee3210db8bcc260cd382a58f56ed3fa00e17ac6e538b5fbc57e971a525f4488,640,640,25184
archive/train/Road_Issues_Damaged_Sign/IMG_8148_jpg.rf.32daf4981e9bb36b924e5cd10f8b5ec5.jpg,DAMAGED_SIGN,train,damaged_sign-1730041072185ec2,train,43e68c078848639873a9e579c67226ca76b7deeb655f57d1e2dc0c84148e9650,640,640,23203
archive/train/Road_Issues_Damaged_Sign/IMG_8149_jpg.rf.596ad70f9dc4031946b5793eaf29a0e9.jpg,DAMAGED_SIGN,train,damaged_sign-14166ed30c025846,train,a401a81a83e66a505427f4b79a9715af3d05e9e4579eb13db243c07d8ca023da,640,640,25301
archive/train/Road_Issues_Damaged_Sign/IMG_8152_jpg.rf.552b151110837fedda278affbaaeaf16.jpg,DAMAGED_SIGN,train,damaged_sign-6625d5abed165433,train,44fca7994c41c0efb67bfecf0ebc4f40f854ba8fafc69ce2a1673faa99ef9154,640,640,28176
archive/train/Road_Issues_Damaged_Sign/IMG_8156_jpg.rf.bd7552797985c7a98bceb2f15a76ae97.jpg,DAMAGED_SIGN,train,damaged_sign-ba6d62e5ef72ff1e,train,3e88f6685932a2150731d3fa858ab851fe27518fcecb3e2bd8dca4f4a70766f9,640,640,28803
archive/train/Road_Issues_Damaged_Sign/IMG_8158_jpg.rf.874cda77a9a8af98486df5bf4fb292e0.jpg,DAMAGED_SIGN,train,damaged_sign-f81af6a58e83dca3,train,029b429ee752b2f0a84baa3051c81daf7b2e15a0a696e90fc9f02073529a295f,640,640,25213
archive/train/Road_Issues_Damaged_Sign/IMG_8161_jpg.rf.190eb26420be50adffc6733251c9e7d4.jpg,DAMAGED_SIGN,train,damaged_sign-e680529c1ecd7216,train,ec698461613e6025537513172c79d7891345c43053ddeb4d03f621261b944342,640,640,33752
archive/train/Road_Issues_Damaged_Sign/IMG_8162_jpg.rf.7ca3c4004d68d4b2a287ffdd993f49de.jpg,DAMAGED_SIGN,train,damaged_sign-2ee1647028d3bde0,train,22f5ba6e80b1dd47df3a5be8836467ce4993d85db749bb2ff2361220f16776fa,640,640,32982
archive/train/Road_Issues_Damaged_Sign/IMG_8165_jpg.rf.1fe9b5cc750472f82bc1a1f8c501ee62.jpg,DAMAGED_SIGN,train,damaged_sign-cdfc3cb1aa913577,train,6c5397f0b3c6459a3374cacdf7828174ec77e8abc08f50bc3dbf3c6c8f10ca3a,640,640,40079
archive/train/Road_Issues_Damaged_Sign/IMG_8167_jpg.rf.c42d99d988dfb24e795f2e18fedfa8a4.jpg,DAMAGED_SIGN,train,damaged_sign-b6303e7eeb9c3cf5,train,4dc932c5e1e425a96df2684eb002b4f0dac2669fbca7e2a301093069d77f8572,640,640,42233
archive/train/Road_Issues_Damaged_Sign/IMG_8170_jpg.rf.1e42bd953cc46963fb9f0e0ec721b4fe.jpg,DAMAGED_SIGN,train,damaged_sign-7e98c8555048ec6d,train,4c43fc3d74bff9e89564c6122aa0c81b67fb15c850e05c415637dc47c9ead34f,640,640,29481
archive/train/Road_Issues_Damaged_Sign/IMG_8172_jpg.rf.8a3d334a36fccff9fb9374fc2d102717.jpg,DAMAGED_SIGN,train,damaged_sign-6a20b60c816ebe07,train,ea633b424ebddfd778510e72a2cbc76ea3490533f159f734f2f0a45370759bb6,640,640,35823
archive/train/Road_Issues_Damaged_Sign/IMG_8180_jpg.rf.7231607f90b15c6ecadd82e746e772a2.jpg,DAMAGED_SIGN,train,damaged_sign-868af7c4c7a35270,train,17ab76ced6118644aa70219d92e4df408da40883452d864652239b5d3a35eb6b,640,640,36066
archive/train/Road_Issues_Damaged_Sign/IMG_8182_jpg.rf.6eef6448eb064bff70bd841b7215f398.jpg,DAMAGED_SIGN,train,damaged_sign-bc87d6b2d7e58fd2,train,90b25a85ff74f4cc0068fd94cc16ab7390413369065bfa3d77614b6a02fb8419,640,640,33358
archive/train/Road_Issues_Damaged_Sign/IMG_8183_jpg.rf.b6aa51c8b9c90de4ac4a558df269c55c.jpg,DAMAGED_SIGN,train,damaged_sign-51b5f91cbd22a5e0,train,03b32f5b4ee1beaea13b509e01a18e4352527aa8f7843faa94e8286f7e750fe2,640,640,25415
archive/train/Road_Issues_Damaged_Sign/IMG_8185_jpg.rf.475671cacc5746acccf8171033075e0f.jpg,DAMAGED_SIGN,train,damaged_sign-e15dc79c847ee03e,train,6566d5ce91267e2a275e03be94cc044192ad9ec2cdb594444934b8e2787b380a,640,640,32367
archive/train/Road_Issues_Damaged_Sign/IMG_8186_jpg.rf.5372ba277b168f0899eea43b29f3b8d1.jpg,DAMAGED_SIGN,train,damaged_sign-86956b6f99325dfc,train,6d724263b662ef19b2484880ce13626c51353015e7e473e59a9fedf437db83bb,640,640,26867
archive/train/Road_Issues_Damaged_Sign/IMG_8191_jpg.rf.f44b6531b755c1804a20963ebf7308a8.jpg,DAMAGED_SIGN,train,damaged_sign-c0e880f343c3d0c7,train,77e564d46f6dce428f751a1c2714143c45b7a63a7b3244b9ffff8e5db2f17e58,640,640,38420
archive/train/Road_Issues_Damaged_Sign/IMG_8198_jpg.rf.ff04cfad77f69fe6740b0ed506605d77.jpg,DAMAGED_SIGN,train,damaged_sign-efa3603c203ef17e,train,584b28454198e047dedc648e5ec9f309a1fba856897243c857af26e4ea86621e,640,640,33642
archive/train/Road_Issues_Damaged_Sign/IMG_8207_jpg.rf.55426992fc8b01fb554245681bfbe2b7.jpg,DAMAGED_SIGN,train,damaged_sign-0e34ddcfa4a0cf2c,train,dcde3f47460afd078be7bf9b5eae417f395cf7c61700798513ad575a0ee0253e,640,640,24956
archive/train/Road_Issues_Damaged_Sign/IMG_8210_jpg.rf.8a30d8181fc24073af31c322e1d58238.jpg,DAMAGED_SIGN,train,damaged_sign-385d10177578c0a0,train,fbff30c02559aeab65cf5d87b4cd25fcde32b481c116e1c7af1daf6559a19610,640,640,22419
archive/train/Road_Issues_Damaged_Sign/IMG_8212_jpg.rf.b3029f3ca801951e45535ca37405bb6f.jpg,DAMAGED_SIGN,train,damaged_sign-bd1c71f196aa6cab,train,4ee976fc1563b1be516450b69edd5fc7dde55de8a8a986069a06ce976704e538,640,640,38621
archive/train/Road_Issues_Damaged_Sign/IMG_8218_jpg.rf.32b00bc14b1fb1ee565aba51d5a36ae0.jpg,DAMAGED_SIGN,train,damaged_sign-0b9849881d920ec3,train,21953d8084d0d392832a4e5ce502a45df287536e6ad6f05b932cefc487a62272,640,640,30594
archive/train/Road_Issues_Damaged_Sign/IMG_8223_jpg.rf.2541630a14808d7ff770d47cef2b2a22.jpg,DAMAGED_SIGN,train,damaged_sign-481f5f7aaba6721b,train,b1210a381c202706a334f9ebe340dd8311404cdc2e9669bb1a38c256cfd0dc07,640,640,28805
archive/train/Road_Issues_Damaged_Sign/IMG_8225_jpg.rf.60559b5bc0ca863a9d021ff0b1a84971.jpg,DAMAGED_SIGN,train,damaged_sign-5d3f871d38da58cb,train,70cc2bdb3466bb12dfc9cf30e2960c4b410dab517becf68b359134a9f88b41b9,640,640,40656
archive/train/Road_Issues_Damaged_Sign/IMG_8226_jpg.rf.6df317d1b4868336025e9cb3622f20f2.jpg,DAMAGED_SIGN,train,damaged_sign-12756ba2b23cdf8b,train,d0adb80e7f9448692479eae05700bd60a82b0777bd1694b1299cc29738d37e97,640,640,28804
archive/train/Road_Issues_Damaged_Sign/IMG_8227_jpg.rf.71806777c9a1c809d686c9a6b49b21e4.jpg,DAMAGED_SIGN,train,damaged_sign-c23c6b563df93fba,train,78cf68b8f8af0c6156803b15cd5360af2dc3205756d472e61f96555864bcf2fd,640,640,28679
archive/train/Road_Issues_Damaged_Sign/IMG_8228_jpg.rf.67f21550640816fe60d3eaf6ad230ad8.jpg,DAMAGED_SIGN,train,damaged_sign-0096668898df1ab0,train,661a40c209d362676e063ce2fc7829fe19b26d0a104defca65ef12861fb1a070,640,640,37078
archive/train/Road_Issues_Damaged_Sign/IMG_8230_jpg.rf.4926910866e289c6cba46de0acd42dfe.jpg,DAMAGED_SIGN,train,damaged_sign-4a372132a8c3eb30,train,d594f010d850d3aec5c22c3393da4755bf9ee1dabd13ef892281636f6dec5a3a,640,640,33581
archive/train/Road_Issues_Damaged_Sign/IMG_8232_jpg.rf.98a4ad6daea75c22a27176a1d9437a99.jpg,DAMAGED_SIGN,train,damaged_sign-7a2f7e10189ad443,train,8e62e372c7ba744e5349c780bc655ca2f9d73088a751555a3b5d15d485e6b51a,640,640,29457
archive/train/Road_Issues_Damaged_Sign/IMG_8233_jpg.rf.ce2161ae5de5e2f8927d5cd2091bd950.jpg,DAMAGED_SIGN,train,damaged_sign-cad3ab4208bffff4,train,7a4227dc5befc04f6f483628764bc140d3b0c07dff689459e4f2145d9e0de4bb,640,640,31146
archive/train/Road_Issues_Damaged_Sign/IMG_8234_jpg.rf.5075bc86f808a27e06d3f30a074f8908.jpg,DAMAGED_SIGN,train,damaged_sign-ea98cc7dd3bce28c,train,39bfd13b3466b87c7c0e4f3db41fdd8d80d1355f39b2bd4e9ecd72adfbebf671,640,640,29790
archive/train/Road_Issues_Damaged_Sign/IMG_8235_jpg.rf.24eff22c7390fb485b7ca541bce47ef4.jpg,DAMAGED_SIGN,train,damaged_sign-27672ebdf2a508dd,train,16127eed07eb1a5df19e50aca73efd628af86839e72d98721abc40932dbcf2ed,640,640,20944
archive/train/Road_Issues_Damaged_Sign/IMG_8242_jpg.rf.fffac53f9eccaba13277a689f7a9e87a.jpg,DAMAGED_SIGN,train,damaged_sign-15c214287c28772d,train,e71d33f136faf330f49fd0a5a909868fccfa84eb5d8bfbd94655b6730d9be6bb,640,640,32245
archive/train/Road_Issues_Damaged_Sign/IMG_8243_jpg.rf.302f7fc47d94afc8fc5fa864027d1963.jpg,DAMAGED_SIGN,train,damaged_sign-1a052e02ea2783a6,train,9b2b9f247860b1c0145d347410a7d27dcb7418e6c732b53ff8c7d9679082b8ce,640,640,26509
archive/train/Road_Issues_Damaged_Sign/IMG_8247_jpg.rf.b393b0ada05af4461227bc4573f942b0.jpg,DAMAGED_SIGN,train,damaged_sign-0bde9c07e153b88b,train,6047842b46dd8b01c76384e22d61716a71cd5096a47af05fce2477da9e6f5960,640,640,39960
archive/train/Road_Issues_Damaged_Sign/IMG_8248_jpg.rf.9f37ade6a128a9c5468f4ec014c7c7f1.jpg,DAMAGED_SIGN,train,damaged_sign-915a12bd27af130d,train,360030ac30bed0bc547324a13aa741459ef7c16507cab4cd8c49e22b1d660399,640,640,35978
archive/train/Road_Issues_Damaged_Sign/IMG_8250_jpg.rf.5ae1d0bb93944963d90d50a39cc8cb21.jpg,DAMAGED_SIGN,train,damaged_sign-af07e6cf4d285f98,train,c5581df0018612c6d10db8197ae135a5b64cc40a231184c993a4e601ab10d7d4,640,640,30590
archive/train/Road_Issues_Damaged_Sign/IMG_8253_jpg.rf.ef6660f5919a85d82cfd09b762208ee7.jpg,DAMAGED_SIGN,train,damaged_sign-9a40726ac8121618,train,1c3ac5fecdf9e7329639462c1503788274179d9d0e8255a6c1d7d626859610b2,640,640,25422
archive/train/Road_Issues_Damaged_Sign/IMG_8256_jpg.rf.8c097763fcf64b7b2a09748800e2005b.jpg,DAMAGED_SIGN,train,damaged_sign-d5d913c79ed33b3c,train,2aa8bc46d997a824609bbfc2a4bef85d5588da1c0f82b77c1e7d4e257bc15661,640,640,25495
archive/train/Road_Issues_Damaged_Sign/IMG_8257_jpg.rf.f3d9993b8bb3c6a0e6144b5cad85304f.jpg,DAMAGED_SIGN,train,damaged_sign-f7df5cd0f665bbe4,train,a7dccbf22ce7ab2797a25cc10f49b5c50fe3566796f22da5c1ddee88e826177d,640,640,29471
archive/train/Road_Issues_Damaged_Sign/IMG_8261_jpg.rf.62e84c887ad39fdd0e0da9b4ed7d9175.jpg,DAMAGED_SIGN,train,damaged_sign-557007d2e43628e6,train,e7a0db6b307752ee60a07c1e963262ab592bab07e59b8a087c0b0209aba96eb5,640,640,29541
archive/train/Road_Issues_Damaged_Sign/IMG_8266_jpg.rf.ca091257b5a10faf2ff04eb601ec763c.jpg,DAMAGED_SIGN,train,damaged_sign-029b0e53e9b92ed9,train,d88dea4105285b8d63bab051fcb6a4e9776ef0d0669f45d7cbd885b9434c4911,640,640,31166
archive/train/Road_Issues_Damaged_Sign/IMG_8268_jpg.rf.b73134816d6fe9ee267387120ff4da62.jpg,DAMAGED_SIGN,train,damaged_sign-e91d73ad9d8801ad,train,52c481c7ee7c861ec628a79417ec4c8fe0f0633ef9179ae9a75a14492cf6e15a,640,640,33843
archive/train/Road_Issues_Damaged_Sign/IMG_8272_jpg.rf.5e24a07c5fd2cd3be417429fc207518e.jpg,DAMAGED_SIGN,train,damaged_sign-07afc005095ee9e1,train,a7c710d325a3bb8bb1127ab4eca8aa424d75d51b80a5d202ec0a57f339ce121a,640,640,37126
archive/train/Road_Issues_Damaged_Sign/IMG_8274_jpg.rf.6f3025e8c66a6f6e85c6df8b161f2597.jpg,DAMAGED_SIGN,train,damaged_sign-66b1bf9a55845c81,train,7f6281636c0c8649c73575a4ea7e88bb03ffae28a21a028d4be2a4821f5a84fd,640,640,29805
archive/train/Road_Issues_Damaged_Sign/IMG_8280_jpg.rf.9b62776399cd00ff5c79589a33a560a6.jpg,DAMAGED_SIGN,train,damaged_sign-370fa5c57afab604,train,d2390861e2815fafe8671edfa6f13b8cc4cc36066699939476cd23c888027868,640,640,22743
archive/train/Road_Issues_Damaged_Sign/IMG_8282_jpg.rf.b298359f8a345511e07be3f144327444.jpg,DAMAGED_SIGN,train,damaged_sign-c05e8573c751ad37,train,245fea6fb090fb750f8146bf383121b6c2e6e25f0cf33fca3699e7f406f5082c,640,640,28358
archive/train/Road_Issues_Damaged_Sign/IMG_8285_jpg.rf.1bd738c5a34727f81e78958a38a38093.jpg,DAMAGED_SIGN,train,damaged_sign-ecc5ca76e15829a3,train,2fc8298b2d95d9149de47e8abbd738a198b17a41ef1c01894cd3604e843ff1c5,640,640,33305
archive/train/Road_Issues_Damaged_Sign/IMG_8286_jpg.rf.65b67c1b006cea23be8f080fe55f2727.jpg,DAMAGED_SIGN,train,damaged_sign-34b6ee56a33b844a,train,7c212a9e263c605bd6214bf760ad5a2fe45684aac38a56a5ee8dcd734b7fcff3,640,640,31054
archive/train/Road_Issues_Damaged_Sign/IMG_8288_jpg.rf.0a4f2874fc50006431b0319341bceea1.jpg,DAMAGED_SIGN,train,damaged_sign-4b417e37251a33e6,train,603cabd5ef3c3bc19abeb1d1ccf19406013898316b2a24c4bef5e96069082056,640,640,44338
archive/train/Road_Issues_Damaged_Sign/IMG_8293_jpg.rf.3ca29b8db676f70351de2868a9af25cd.jpg,DAMAGED_SIGN,train,damaged_sign-5577993102bd4822,train,316a7b7b168280f1efea8e54f8f4e75b2f04a608d1de5b29c742d6b0d5a9ec97,640,640,32498
archive/train/Road_Issues_Damaged_Sign/IMG_8297_jpg.rf.a0eba47540b6ccc53a929e6a1bb3058a.jpg,DAMAGED_SIGN,train,damaged_sign-82fad5fe8b0c8478,train,8a7e64041e4f22a91571a27f39f3e9e8ce9415d7be8b55ddcf6b314a4a6da4af,640,640,53259
archive/train/Road_Issues_Damaged_Sign/IMG_8299_jpg.rf.034abcbe2d96f056835c20292d8bd414.jpg,DAMAGED_SIGN,train,damaged_sign-a7484850dc039c9b,train,21ef474aa2d936dfa8fdb48ad0839bab8dec45484425fb2a66c59f31d69a9481,640,640,25582
archive/train/Road_Issues_Damaged_Sign/IMG_8304_jpg.rf.44580591333125e555378143f6b4dc65.jpg,DAMAGED_SIGN,train,damaged_sign-c9758b0175ca5c2b,train,76aded3ec26b8ee833f224e769ab5a5778bb707a43d0a713f44b7228be5243fb,640,640,31086
archive/train/Road_Issues_Damaged_Sign/IMG_8306_jpg.rf.c7f1f211b9287966c2792fab5c6a76c1.jpg,DAMAGED_SIGN,train,damaged_sign-610473192eaf9129,train,02659d944a8a1b0a859d89c7b91232067601dc9cb5bb4a0be3071b3a74317281,640,640,42491
archive/train/Road_Issues_Damaged_Sign/IMG_8307_jpg.rf.b889d26629debcded92641e41eecfe7f.jpg,DAMAGED_SIGN,train,damaged_sign-7f2d1290b5b0da07,train,36f9180dad0cfb1b50c7678598ff2cadb6497ebf9398cd94e8333a4107acf12d,640,640,35917
archive/train/Road_Issues_Damaged_Sign/IMG_8310_jpg.rf.d5a629045be6dbbe189b928d1653543c.jpg,DAMAGED_SIGN,train,damaged_sign-fbb01a4c06109930,train,1ce485e4654cacd6b1a540b53e383c5d77311e929ee3481ae8d8a93df5ac26d7,640,640,29953
archive/train/Road_Issues_Damaged_Sign/IMG_8311_jpg.rf.36ea43c12ff57fe6e42ed575d4333aaf.jpg,DAMAGED_SIGN,train,damaged_sign-8a5899ac4bdded60,train,a682107512fdaf852507e98883ba51296db30d087b42a0057bbb25047eb50718,640,640,36521
archive/train/Road_Issues_Damaged_Sign/IMG_8312_jpg.rf.f902dee77855f0c7e0be13ae2049e4a7.jpg,DAMAGED_SIGN,train,damaged_sign-62fa9b4068fbb379,train,17295feaa723caf1f503550a4bf82532c6931b1e891aa08e7d37223cf75c1080,640,640,32373
archive/train/Road_Issues_Damaged_Sign/IMG_8316_jpg.rf.71b562b1505b146e087fa44d33957f4a.jpg,DAMAGED_SIGN,train,damaged_sign-186fffa6197dcd3f,train,3534c158080fb52eb5f1e436b2760a72643bb98bb86bbb6159dccf81cab1ffb6,640,640,33691
archive/train/Road_Issues_Damaged_Sign/IMG_8321_jpg.rf.20c2213d3288f8dba8010f53cf25c4bc.jpg,DAMAGED_SIGN,train,damaged_sign-5e2363c12446aca6,train,987428f408abd592cbe45271b0c6444fde82a524176ad1f57ce75c693abcc74d,640,640,26731
archive/train/Road_Issues_Damaged_Sign/IMG_8326_jpg.rf.ec323a7e78ef7a60e2bf729abc5e15a0.jpg,DAMAGED_SIGN,train,damaged_sign-8e4904d29030d51c,train,8ebda5ec0878b8b4ffb25ffdead330ec60d024d112c9ece7c04c06b1fb6dd5b4,640,640,32842
archive/train/Road_Issues_Damaged_Sign/IMG_8327_jpg.rf.f472af67bd4d69ed056d95ccb27c74d3.jpg,DAMAGED_SIGN,train,damaged_sign-50cd5eb877674bd2,train,a5ce0babb3b2e959ee51c41c532451d86fabfebe806b72ce90b6316c6ea34aab,640,640,29499
archive/train/Road_Issues_Damaged_Sign/IMG_8328_jpg.rf.fcee23b12e9b541f841b63272252b436.jpg,DAMAGED_SIGN,train,damaged_sign-52dc603fa270a8e9,train,dcd7b21db1df1534dacdbc724fec384d5676155d943ef88427c52376fe7cee54,640,640,32165
archive/train/Road_Issues_Damaged_Sign/IMG_8333_jpg.rf.4883e048209688024c3ce9a36316168f.jpg,DAMAGED_SIGN,train,damaged_sign-3f3d0227e8d8a6de,train,9a6a07c7729117a96155aff141c9f503406b4789e3a3907ac381c3987c930e59,640,640,28285
archive/train/Road_Issues_Damaged_Sign/IMG_8336_jpg.rf.1242254d013822aec67ea851f2d2e38b.jpg,DAMAGED_SIGN,train,damaged_sign-296270a98715c02d,train,46c7842ea3df161f33908172a5c4b2953126c6d0f94cf198209022c773cb58bd,640,640,30443
archive/train/Road_Issues_Damaged_Sign/IMG_8338_jpg.rf.5fee82934efdccad91f00b2bd25168d8.jpg,DAMAGED_SIGN,train,damaged_sign-cef77d6dcd6c07f6,train,72737855a8ac65b76fd305fe177014dc2976b2021b671200e659e98994587697,640,640,38555
archive/train/Road_Issues_Damaged_Sign/IMG_8340_jpg.rf.8293efbe4bd8c7aae590f6a772106d37.jpg,DAMAGED_SIGN,train,damaged_sign-31bc7521e556af9d,train,a9947b2dc88802e6f57f13374171d58cb87b0ac2776fe137789753de97e2ad84,640,640,33287
archive/train/Road_Issues_Damaged_Sign/IMG_8343_jpg.rf.b9fe274df700cf1a8dff4fe8c125735d.jpg,DAMAGED_SIGN,train,damaged_sign-900691d226ff1852,train,2b6cd3ed5b9579d3ca6f61de27f4161a764abc99fbfefe09f9ffece1a8c1b111,640,640,23032
archive/train/Road_Issues_Damaged_Sign/IMG_8346_jpg.rf.0e381691d781533f4fdec5505d2c2528.jpg,DAMAGED_SIGN,train,damaged_sign-e3742abb2f930809,train,f2af7cdd82e271c850bc03279577caae3dbefeecf4aafe03b990302c23ac24c9,640,640,34251
archive/train/Road_Issues_Damaged_Sign/IMG_8347_jpg.rf.89b7630d9a230218852d8579529ba646.jpg,DAMAGED_SIGN,train,damaged_sign-93424efa0baf50f6,train,e00405850d0e6cdd72b433a5c9c7ba132a75ca9bf2755ada481a14ba10be9f06,640,640,27692
archive/train/Road_Issues_Damaged_Sign/IMG_8348_jpg.rf.430b9cdb2cc6ffd146321bacfcba5f43.jpg,DAMAGED_SIGN,train,damaged_sign-1f2592d460bc2d9f,train,3fccbbdcba0b57865fdc9dce1555db34a8a65dca50c7b367a271f3add4f4a277,640,640,29358
archive/train/Road_Issues_Damaged_Sign/IMG_8350_jpg.rf.4ddca53aa08956ffb6accf056419e1c2.jpg,DAMAGED_SIGN,train,damaged_sign-81fff4571fea93ca,train,f0f9de741ca7e27d0060568111d2f4cd95f22b92ebcf38a7680e9bffa5902c3b,640,640,34312
archive/train/Road_Issues_Damaged_Sign/IMG_8353_jpg.rf.22c4e52131ade770146ba686b2cdd3a8.jpg,DAMAGED_SIGN,train,damaged_sign-f27738f46cb2a854,train,d03e4a544670c346095a37c4774181cfff9647ffa06397d076bf30940ebb1dc2,640,640,30487
archive/train/Road_Issues_Damaged_Sign/IMG_8359_jpg.rf.c1dac3c1086061063a6c0a7abefa8900.jpg,DAMAGED_SIGN,train,damaged_sign-86db21786269b76b,train,0d77df1ed4be42a6cfcc3141cf2dc193c35796eb3a8fb720c58fd179fb78a8ea,640,640,28062
archive/train/Road_Issues_Damaged_Sign/IMG_8363_jpg.rf.437fededf8010bb5542e875a505ece61.jpg,DAMAGED_SIGN,train,damaged_sign-fe13dfd0f5b96788,train,054a52bdeb0d0f405470497b1dc3e1b8399ed5c18d44d26045b13a24d2aeca56,640,640,27233
archive/train/Road_Issues_Damaged_Sign/IMG_8365_jpg.rf.8c6f063e39c8495f0813621e57d69b61.jpg,DAMAGED_SIGN,train,damaged_sign-c40b98782b8245dd,train,70ed235703855c6a6acbfcf9e63723cd55fff1b38c1cbf70c94d76594058a5f9,640,640,28108
archive/train/Road_Issues_Damaged_Sign/IMG_8374_jpg.rf.3df3a6e5cec2503e16840e8b6ceb6f57.jpg,DAMAGED_SIGN,train,damaged_sign-6fd41013067cb1e5,train,72be01de6729abc70f6c88d60533dfd25d6c791c0152b92a6a58432b921e8233,640,640,37140
archive/train/Road_Issues_Damaged_Sign/IMG_8377_jpg.rf.1b3ea6f38b1cd5375860c2743c51e459.jpg,DAMAGED_SIGN,train,damaged_sign-5462187606e46b13,train,5bc01e6a7a695fdf060613f065efc445259d505659ad13005832c4530a873c83,640,640,41956
archive/train/Road_Issues_Damaged_Sign/IMG_8378_jpg.rf.11af14fc1e0a3278a753d43010a88b22.jpg,DAMAGED_SIGN,train,damaged_sign-f43c837e4c6aebd9,train,644e5b05ccf85c92d1617892a6dd27c4b2452707641bd301583807d1ae857e93,640,640,35682
archive/train/Road_Issues_Damaged_Sign/IMG_8655_jpg.rf.8e7406f4ba9472bced98134b7c8b7609.jpg,DAMAGED_SIGN,train,damaged_sign-6b2e528b7fcc5cbb,train,7b98eeeff2c9cf5847ebb49afaaaad15830cc4487a749e0ad186a8d85bd53a72,640,640,27648
archive/train/Road_Issues_Damaged_Sign/IMG_8657_jpg.rf.62534fbcde97067eeb73c9add4c69dd0.jpg,DAMAGED_SIGN,train,damaged_sign-fa308d7e287e0475,train,b18099108d14ea549bc24b81b78e7002ad7a2b9131752092f345b0b6df6bf6c3,640,640,30180
archive/train/Road_Issues_Damaged_Sign/IMG_8661_jpg.rf.e4d3a4312d01026e2dced71592a32061.jpg,DAMAGED_SIGN,train,damaged_sign-47f3cc3dbabf3e61,train,3151884e2c3e7711ec07b5d6ac45732601a802e1be4c2875642e72f2256c8b05,640,640,41355
archive/train/Road_Issues_Damaged_Sign/IMG_8677_jpg.rf.d0098a69aae49505d0cb1d3404ccbbf1.jpg,DAMAGED_SIGN,train,damaged_sign-d886cdf67a30ad8f,train,a2406988224336e9958aa40d9875d0da298b4aaaa17d8aeb11e956672d42706d,640,640,57287
archive/train/Road_Issues_Damaged_Sign/IMG_8678_jpg.rf.a02c7a81fe35153e70d12198bfba25ea.jpg,DAMAGED_SIGN,train,damaged_sign-5696e2aed18197c6,train,2e73d9f71fcaa64a4e9fa19b3cea1dabb8a10aedce54cc336fb8b0e59f9c4142,640,640,50018
archive/train/Road_Issues_Damaged_Sign/IMG_8689_jpg.rf.7521d8c9c6c5b586e1dbdd1cf6d02296.jpg,DAMAGED_SIGN,train,damaged_sign-8ac19d107991235d,train,fad391121e8b323efc4df4514cba5ef053acabf7dca3e1241672155edeb932d3,640,640,34042
archive/train/Road_Issues_Damaged_Sign/IMG_8692_jpg.rf.8aea0afab92917e96bbeda10b2289754.jpg,DAMAGED_SIGN,train,damaged_sign-779c761f0025ff9c,train,2b1d64e8d1b612cfe9a59fed8d21a1eb567d970f3d51be25c0047a8f9682386e,640,640,76954
archive/train/Road_Issues_Damaged_Sign/IMG_8693_jpg.rf.12722413423a9a5c01bc41f6ad5a054b.jpg,DAMAGED_SIGN,train,damaged_sign-3c4ab889eb1c2f42,train,0542ddca9668ea108c67d4b45a4cf927f4fa1cf03951dc5960b08fa16049bc11,640,640,72706
archive/train/Road_Issues_Damaged_Sign/IMG_8695_jpg.rf.5bcd7a4e9c572c34e06587d5f72bf5e9.jpg,DAMAGED_SIGN,train,damaged_sign-43166a0bdd981c9a,train,4d1679b5598c64212f951c8b1b39b6d5615589c249e576ef5ca0c5511084f05e,640,640,34374
archive/train/Road_Issues_Damaged_Sign/IMG_8696_jpg.rf.71cf594ca3f5f57bd25be1ce8da8d954.jpg,DAMAGED_SIGN,train,damaged_sign-89ce15bd04cfda3b,train,08b342b054d28f7b62577868110b78aa66abc41ecfc84fd8f823e640db73e88c,640,640,44894
archive/train/Road_Issues_Damaged_Sign/IMG_8698_jpg.rf.22c741f46dfddd304fb9ee9e353154e8.jpg,DAMAGED_SIGN,train,damaged_sign-7ee8f59d92e917ed,train,076b994ce1d972176db88e167acf607a8f89e716c89b99e38da9ece7f4eca783,640,640,26463
archive/train/Road_Issues_Damaged_Sign/IMG_8699_jpg.rf.740a1b072315c73861f298aaa82542d4.jpg,DAMAGED_SIGN,train,damaged_sign-e3403d5f68745dfc,train,a3fdef0ee6efe0f051fe5fd8edc59701a3cf31a0bc01f8b4300485c179c985e4,640,640,37536
archive/train/Road_Issues_Damaged_Sign/IMG_8700_jpg.rf.e808970be0ed85b46f2af54a5724f2f4.jpg,DAMAGED_SIGN,train,damaged_sign-f94667bd0c23ad61,train,210b6bc406dfb33dde4d912a157a9bcfd7e29535b6c2711e26945caf4b706276,640,640,50138
archive/train/Road_Issues_Damaged_Sign/IMG_8701_jpg.rf.7cf73523b3b265650c1d31f4579b699b.jpg,DAMAGED_SIGN,train,damaged_sign-cb5a503875874fda,train,2c40c6a8ea7d580da1b630bd2abb1ec5605ebb1fffbd931671a989c4ccb91b23,640,640,44857
archive/train/Road_Issues_Damaged_Sign/IMG_8707_jpg.rf.6e6be7177e270ac143dd236c1e146475.jpg,DAMAGED_SIGN,train,damaged_sign-541f15894db48a79,train,369033971834537beb6140d6a9ee59054e2309c87f4b6ef86434a50ed1ac7639,640,640,38368
archive/train/Road_Issues_Damaged_Sign/IMG_8715_jpg.rf.fa02c7bdaac0d975d65d1a8f9458fd96.jpg,DAMAGED_SIGN,train,damaged_sign-6217341f99fbf21d,train,aa52904423e16da1166cb0d327b4bca2ba5a57a653026952df8fabad1c1c1dbb,640,640,47129
archive/train/Road_Issues_Damaged_Sign/IMG_8716_jpg.rf.3c37a6000316ed4674ec6eb0b028c2e5.jpg,DAMAGED_SIGN,train,damaged_sign-9c40211e116c083f,train,67c4b027d40e4e147b0324c16ee85a80c36be470f117adcbb8e8e042d508c742,640,640,64114
archive/train/Road_Issues_Damaged_Sign/IMG_8717_jpg.rf.9a6d4fd2b94e6747e650e712e3da4f17.jpg,DAMAGED_SIGN,train,damaged_sign-0366ae6fcf1380c3,train,701c12aef90c9cd5b8f3bd13af836fec7bbbde33e51cdabc338d31f0d795e6e1,640,640,87658
archive/train/Road_Issues_Damaged_Sign/IMG_8718_jpg.rf.f054f0a3691fe2128a8b36041136499f.jpg,DAMAGED_SIGN,train,damaged_sign-d7651041ea55865e,train,45f884d6742a81fa8132d0cea5dc1346b5e6b60b6003c2d9e6bf200d9312fcd1,640,640,84758
archive/train/Road_Issues_Damaged_Sign/IMG_8719_jpg.rf.d274d372e17ad8924adbc27393f63c32.jpg,DAMAGED_SIGN,train,damaged_sign-5097be24d74b0d6c,train,fdb7e78f94a4a235b9a20f58ad4ad0751a99c7d761e46b4f4bebbbbc5f722c80,640,640,39381
archive/train/Road_Issues_Damaged_Sign/IMG_8720_jpg.rf.2fbc5fa56e89c6b2d64c2da78d11b6cc.jpg,DAMAGED_SIGN,train,damaged_sign-1650b222e825cf92,train,5e4b5326a6f724690714d863cfb6659e0e03fe7fef41b52e1eb77d1db0d2cb27,640,640,63219
archive/train/Road_Issues_Damaged_Sign/IMG_8728_jpg.rf.e4e6b9ea57a68e6fde34c89d74507d1c.jpg,DAMAGED_SIGN,train,damaged_sign-ae7df69dd5716a50,train,ffcffb086cdfb0b4db7440bcf6d1276e5b3b7ffc7f0128b7652ccd9d88877d3c,640,640,23275
archive/train/Road_Issues_Damaged_Sign/IMG_8729_jpg.rf.6a1046de693410056b56737d2006e394.jpg,DAMAGED_SIGN,train,damaged_sign-f0426433d364f301,train,0ac24b6f035ffd768cf04f37ae861c2bb1de802e2f55a804ac1d878a44b41c92,640,640,73087
archive/train/Road_Issues_Damaged_Sign/IMG_8734_jpg.rf.938f7818539f913e0eedc00f309cbf04.jpg,DAMAGED_SIGN,train,damaged_sign-3898b0bba8b0d349,train,4dd478a67736260b08bf293b5f21252d68ace465ba421a282690af7b3e73d2b2,640,640,37318
archive/train/Road_Issues_Damaged_Sign/IMG_8735_jpg.rf.91ae09921399c714a5db53df112e0d5f.jpg,DAMAGED_SIGN,train,damaged_sign-76001eb234986f2b,train,e66aa05e2a017c9e4788e20e01c6a357698525107e3fb53bff1628c42af95b5d,640,640,72804
archive/train/Road_Issues_Damaged_Sign/IMG_8737_jpg.rf.ef3dcea228cd12b5cc890eaa31dc50a3.jpg,DAMAGED_SIGN,train,damaged_sign-28de92cbbea44aef,train,bf5152e7fa5fcee4d67a41d60aba7c8045414434e923c1d9a377b068615a70d1,640,640,54511
archive/train/Road_Issues_Damaged_Sign/IMG_8740_jpg.rf.31218f55070b5831089e693fb7d524d7.jpg,DAMAGED_SIGN,train,damaged_sign-ebd7e2728182d7fb,train,aba412c2b80885e81af3b1eabf30d1bdacfc3d388d9dc6a3bea9cdb37298e460,640,640,64633
archive/train/Road_Issues_Damaged_Sign/IMG_8742_jpg.rf.937eb649d4035c52dd57aa4d3aa66ba1.jpg,DAMAGED_SIGN,train,damaged_sign-45a6009325098ac5,train,080394a54106a16c33bbd425ffdc6a5c798f4128607bcd7bf904a65f991312f1,640,640,30981
archive/train/Road_Issues_Damaged_Sign/IMG_8744_jpg.rf.57af52044684c8ea69cce2630e1f4cac.jpg,DAMAGED_SIGN,train,damaged_sign-a3154e70dfb12848,train,45a201bbb5246f4e684653bf87ec48253a0c83a99d1db3c5688b7a2376b2c0b1,640,640,55052
archive/train/Road_Issues_Damaged_Sign/IMG_8746_jpg.rf.d028eaf81faff3cdef1ad6be198e3659.jpg,DAMAGED_SIGN,train,damaged_sign-73f0b482b488abd6,train,a91a117336b87f7c918247dcc0c1307050cd4390059ab9e6cc2f74b242a066e2,640,640,24890
archive/train/Road_Issues_Damaged_Sign/IMG_8747_jpg.rf.eb5a9315187934be4920b727449b0eb7.jpg,DAMAGED_SIGN,train,damaged_sign-ff0fabe58482b486,train,165d55fb22215d227a63154aa6545dafaaf1cee3d527e187de5debf65b15c5b6,640,640,66807
archive/train/Road_Issues_Damaged_Sign/IMG_8748_jpg.rf.2d64635bcdb2f948747377d141ac733f.jpg,DAMAGED_SIGN,train,damaged_sign-baeebc187ef246fc,train,4fe956386dde4ede49ed19dc6fffad31c4fb1f962bb883fe59ca5e1815dfb6aa,640,640,30030
archive/train/Road_Issues_Damaged_Sign/IMG_8751_jpg.rf.296f46b405492adc995738daa3bc6473.jpg,DAMAGED_SIGN,train,damaged_sign-21fad77a02625d86,train,8a11cf44e24b202bb5ccbb27534a235913b7152425311d0b47de111ca94ee5bf,640,640,30043
archive/train/Road_Issues_Damaged_Sign/IMG_8755_jpg.rf.2bea82210018756498638614f4344bb3.jpg,DAMAGED_SIGN,train,damaged_sign-4ba2660b7ef1b32f,train,db1493fa5949a386943775f6d1652da3a6ceb2e6bd88e966accb7e4439751822,640,640,56810
archive/train/Road_Issues_Damaged_Sign/IMG_8756_jpg.rf.a04048b51083651ce1c8f9bc545d292d.jpg,DAMAGED_SIGN,train,damaged_sign-6dabb784be71be13,train,d05b41f08685e93884a20cccf5223516c069232b1478435ca588daf57a9b1711,640,640,25153
archive/train/Road_Issues_Damaged_Sign/IMG_8758_jpg.rf.5d8cacf412decb6b8064f442d46fa0d9.jpg,DAMAGED_SIGN,train,damaged_sign-acb542dbf2983c13,train,8a1bf0d0a67ea72e32eebad02a1aa96689f89a89302487ad9f6fdcf42271efa0,640,640,46010
archive/train/Road_Issues_Damaged_Sign/IMG_8760_jpg.rf.5faf566e2d06faff60613b950f16de58.jpg,DAMAGED_SIGN,train,damaged_sign-e92fd13e819682a4,train,682120d03383dd9bc0b35b2f0f46fc7c5d46dd68867798b9949aef3efc3b4fd4,640,640,39203
archive/train/Road_Issues_Damaged_Sign/IMG_8762_jpg.rf.6614d04d097bc09005916fc87810e1b7.jpg,DAMAGED_SIGN,train,damaged_sign-a7e8d6ffa3fac3c3,train,047b6aef16893f1480a362d6ed5d6669bbe0ca4b3d271b64f63fc5979800c589,640,640,31242
archive/train/Road_Issues_Damaged_Sign/IMG_8765_jpg.rf.1cd4eb0548e2ff75e7df3da7947cf808.jpg,DAMAGED_SIGN,train,damaged_sign-af88476695b6487e,train,d7821bb721a487b19afdeee432dd2b089ad3e49d454ce01acd4992dca900a033,640,640,27803
archive/train/Road_Issues_Damaged_Sign/IMG_8768_jpg.rf.0a5f90951a88bcec56c3bbe3a79d35ec.jpg,DAMAGED_SIGN,train,damaged_sign-dbbbd3939a027a79,train,cdde16ca2841c3f78ae356a8a6041acf27365abb8baed53b6919ed7629a6d1e3,640,640,24981
archive/train/Road_Issues_Damaged_Sign/IMG_8769_jpg.rf.d307961b1f944d4ed4d8bae323815038.jpg,DAMAGED_SIGN,train,damaged_sign-9dcac5db751a931f,train,eec6d42897da327d9ced95e891c5926eee84e3ce75bee29b492e96dfe2629575,640,640,59692
archive/train/Road_Issues_Damaged_Sign/IMG_8770_jpg.rf.dbbdb3003e4d9d1efda1efc6a5be1689.jpg,DAMAGED_SIGN,train,damaged_sign-051345fa7def9c2c,train,e5987f3903e1bd834e26ee49091a323995a7b84ad9b629e0996cc1950e0dfdc0,640,640,62815
archive/train/Road_Issues_Damaged_Sign/IMG_8771_jpg.rf.920baf07afc8d3bac92dbfd023e1e316.jpg,DAMAGED_SIGN,train,damaged_sign-6a53e8cdd36c38e1,train,0e8fc985192d7cf227eb36457c9e9a5cad4023fcd859b47973947877096496d2,640,640,56645
archive/train/Road_Issues_Damaged_Sign/IMG_8772_jpg.rf.480cfa42c83932f8444cf782e4b5c40d.jpg,DAMAGED_SIGN,train,damaged_sign-a84ee088c167ab30,train,e3eb9f3a9ccc0726b08d8590d65cc5664595fe11518d792d92b95a47fd4429a8,640,640,41094
archive/train/Road_Issues_Damaged_Sign/IMG_8775_jpg.rf.f74f0b426a812b6db97d1da33637c573.jpg,DAMAGED_SIGN,train,damaged_sign-945cfb442532e038,train,e4b29af5898f249a6b38562310e16518f0573b5ffe88a10a2e7c961f2ddbae3c,640,640,50225
archive/train/Road_Issues_Damaged_Sign/IMG_8777_jpg.rf.f9da3762bb484b6d39d6e15b0e427349.jpg,DAMAGED_SIGN,train,damaged_sign-fef66f9cefb0bf58,train,a886b3c0d10d0a701fb4ae8b0fe25f00ebd667161f092263f04782012892a56e,640,640,39930
archive/train/Road_Issues_Damaged_Sign/IMG_8778_jpg.rf.ad2131d5a9fa28baf783e53d336aceed.jpg,DAMAGED_SIGN,train,damaged_sign-9bc75b6d5480aade,train,9400f9c3cdc20cdc62e2764519883348e1f86b0ea0f9f5daec843a102cb489f2,640,640,33511
archive/train/Road_Issues_Damaged_Sign/IMG_8779_jpg.rf.069c468c2283ad6b7167eb38c5c7fa49.jpg,DAMAGED_SIGN,train,damaged_sign-90b985f0d838e372,train,e51abffed6d5ef0ed7b6e0d3bab8b32f6479fc6fa6c8d5d0ffb090da780809d7,640,640,57613
archive/train/Road_Issues_Damaged_Sign/IMG_8781_jpg.rf.35ced7f1d3fd1ee77e5392e1d6e1be47.jpg,DAMAGED_SIGN,train,damaged_sign-24a9347939920cd7,train,7d5c780b7c19a3d20c84074718a6c86cbb574e6e7125aebab99fcc6e8068307b,640,640,40184
archive/train/Road_Issues_Damaged_Sign/IMG_8790_jpg.rf.f86b509e060acbfb94ea66ecb632556f.jpg,DAMAGED_SIGN,train,damaged_sign-02e90c029d49e204,train,ab505612fa5a1e23c70bbba8b0a3b117d0ffb6de5bfa52acd7ad9d3486853f19,640,640,43576
archive/train/Road_Issues_Damaged_Sign/IMG_8792_jpg.rf.dc74ba419fcc1990af2f06d4b2069cb7.jpg,DAMAGED_SIGN,train,damaged_sign-67f98084ed616249,train,79aa519a161e219e044d4c2065aa2d923e85a2d5bceb09c69a9a6de473c34d35,640,640,42401
archive/train/Road_Issues_Damaged_Sign/IMG_8793_jpg.rf.d5e566bad490aa6628d3e5422d1cf7ee.jpg,DAMAGED_SIGN,train,damaged_sign-4b85d0dfe5ba9d04,train,e2db517b5e4b181c0645c927f65bd11183c0ad90f85ecf2713d985ff4bfb5cf4,640,640,35702
archive/train/Road_Issues_Damaged_Sign/IMG_8794_jpg.rf.2f5e053cea90f77e0429fabd6bae4ee5.jpg,DAMAGED_SIGN,train,damaged_sign-cf77df1c5f5fad60,train,c7dcaf0ad48d926e79e094b2dc2cfe5a598a4ccd18330b09b5fec973db6f42cf,640,640,41218
archive/train/Road_Issues_Damaged_Sign/IMG_8795_jpg.rf.d660e5767fa91fd45774d7bdb9092a84.jpg,DAMAGED_SIGN,train,damaged_sign-479acf2ebeefbf8e,train,2448a6a313dafae27926ef226ef7b92c1dbdd975573052734d4091e0e63346b4,640,640,40310
archive/train/Road_Issues_Damaged_Sign/IMG_8797_jpg.rf.b92c855dddd5b274ddbde68201b3fc13.jpg,DAMAGED_SIGN,train,damaged_sign-fb0304f0db6111c6,train,916b6b0bf1e823bbd65b72a57344b291b5c3f615d2eab747c76e6fa461a3dfa8,640,640,54393
archive/train/Road_Issues_Damaged_Sign/IMG_8798_jpg.rf.3039bbfe662f6997a5edab47e523daa2.jpg,DAMAGED_SIGN,train,damaged_sign-27419bfcc7224455,train,2ac58935c6364b7d3ab626d09fdcd705bd89f199b8e5fc8779588afdc2280f9b,640,640,31241
archive/train/Road_Issues_Damaged_Sign/IMG_8799_jpg.rf.2545fa643ae2ddfcd45181dec89c0ac9.jpg,DAMAGED_SIGN,train,damaged_sign-1273e0c5ca2f0759,train,c8a30c4698394653072a624c36d6ba6c3e0112692a15f0cd7d4b39d83453576e,640,640,51344
archive/train/Road_Issues_Damaged_Sign/IMG_8801_jpg.rf.87f0cf3437d2afe59594f06c815d3bdf.jpg,DAMAGED_SIGN,train,damaged_sign-2157512659d6e501,train,2cbaa8506969781b5dc53a7b8659bb2488e2165c05cbaa7ee0607bbff06afe29,640,640,41428
archive/train/Road_Issues_Damaged_Sign/IMG_8802_jpg.rf.10f6e032139f0e6eef0aa23c8afc0eb7.jpg,DAMAGED_SIGN,train,damaged_sign-8493f4484f7d2016,train,ba942184f7f7212b1f7b0194903c80f672ec0e9b30f52838c4c23e36a68833ad,640,640,31480
archive/train/Road_Issues_Damaged_Sign/IMG_8804_jpg.rf.804411d53ec10382bd875276374685cf.jpg,DAMAGED_SIGN,train,damaged_sign-d5853b23ad6c3a29,train,3aba09fe9f98a9a65886a919b5c3533f78ab2298e354e3696f41be01d5cec223,640,640,32602
archive/train/Road_Issues_Damaged_Sign/IMG_8805_jpg.rf.8a575cb13de7917db9d0596f1f08fe82.jpg,DAMAGED_SIGN,train,damaged_sign-8f7026d719c5a20b,train,efd6a7519552e831ede4dc071e7863e5cc8e11ef6f3fc1c6900230e1213c09cd,640,640,42337
archive/train/Road_Issues_Damaged_Sign/IMG_8807_jpg.rf.78143fe4157124429e5ba3989b005a96.jpg,DAMAGED_SIGN,train,damaged_sign-7bc70b769c9d2a91,train,a3550cadbe42087f7b265d439c6042fcae54ff7dbe8c0e9da7ce3e0558a7e0ed,640,640,27030
archive/train/Road_Issues_Damaged_Sign/IMG_8811_jpg.rf.4fc1e5223e66ca467bc01c14353e4c73.jpg,DAMAGED_SIGN,train,damaged_sign-d79990ae162edf04,train,e04b2e7eb8fa9ecd1aad8d5a5e424303304c2549a14fb70a621a7bf446bdb9a9,640,640,32400
archive/train/Road_Issues_Damaged_Sign/IMG_8812_jpg.rf.fe7512466aafa2f7c828d55abbd4ad73.jpg,DAMAGED_SIGN,train,damaged_sign-ff7a8239944e88f3,train,6f2a073deba0d8468bdd3fbe97f52e0e25ec69ae4e5f7e402dcc58cb978ead52,640,640,44545
archive/train/Road_Issues_Damaged_Sign/IMG_8816_jpg.rf.49249ab7d73af4ff59c7d395c079b0a3.jpg,DAMAGED_SIGN,train,damaged_sign-560017277439c522,train,990bf89fd5f79e4c1e891a97852b3ce697d48eec29363f327aac81d83ba1e3bf,640,640,41446
archive/train/Road_Issues_Damaged_Sign/IMG_8817_jpg.rf.e9c541038529b07dde8148a50491c642.jpg,DAMAGED_SIGN,train,damaged_sign-41b81b8957f97cf1,train,11391466521ce69ef9f0084de9a9a9ab32fe3d87542415ca9fe19978c4b5ca07,640,640,39023
archive/train/Road_Issues_Damaged_Sign/IMG_8819_jpg.rf.8ff9505fe868621c7126747be2d28371.jpg,DAMAGED_SIGN,train,damaged_sign-873cfec5d41c8a9c,train,958225ff9f4cf413d1c80fea514223c33461d7a0ff7baabc9505d5b630612aa3,640,640,47706
archive/train/Road_Issues_Damaged_Sign/IMG_8820_jpg.rf.b7b480f5f579eeb23a05d7f9a5d7436f.jpg,DAMAGED_SIGN,train,damaged_sign-0303d8468ff39f44,train,89d0eab882b270c301ac6343cf56f36d400e482f3533b433b0449dfd2909035b,640,640,36385
archive/train/Road_Issues_Damaged_Sign/IMG_8821_jpg.rf.ff7322da08756c9fd26e93cd33384795.jpg,DAMAGED_SIGN,train,damaged_sign-531b08ca41768724,train,5a588524df15f13fa4845db8e72503ea4ad20d711fcfda5f02573cc2d92ed761,640,640,31893
archive/train/Road_Issues_Damaged_Sign/IMG_8827_jpg.rf.8636cf46ad6a57e244bf22c00ec45037.jpg,DAMAGED_SIGN,train,damaged_sign-27341fc698989547,train,3d3252d115d12a8f3b22a573af7410bf97c9acf09d9e047cd2b88cb9480f8816,640,640,47696
archive/train/Road_Issues_Damaged_Sign/IMG_8831_jpg.rf.f6afa4b5c800ffaca0429d4f7fddd83b.jpg,DAMAGED_SIGN,train,damaged_sign-61198b187b3cb908,train,d1ce75370011f7b612428767873d398c49db9a65f7c07adf226f1016fedd6f9a,640,640,59215
archive/train/Road_Issues_Damaged_Sign/IMG_8835_jpg.rf.c93c8a463bb96ff318201e606bb808cb.jpg,DAMAGED_SIGN,train,damaged_sign-e6062e2cc45f155e,train,002bad688c28e5b26de006b770c3d6a767d845e46a0a7c2b82f5d0297a22f590,640,640,47131
archive/train/Road_Issues_Damaged_Sign/IMG_8837_jpg.rf.e9e645bd6b3bc8929a6b20805b8c5e5a.jpg,DAMAGED_SIGN,train,damaged_sign-765b39615a1302a8,train,9474169b8a3dc606523c9afd4e3e36a4f43d32dc69b5675551d6a06c7938bb0a,640,640,41254
archive/train/Road_Issues_Damaged_Sign/IMG_8839_jpg.rf.c14a4d8666073d2d0c9f2e06ed9414d1.jpg,DAMAGED_SIGN,train,damaged_sign-23a662cdad706d1e,train,574fa6faa5766c7fdd07a79a0c4fc39443fe046a5eff57a1c0324b1e74a3ce99,640,640,30563
archive/train/Road_Issues_Damaged_Sign/IMG_8840_jpg.rf.03646233b3d347a72137a553ba2e9fdd.jpg,DAMAGED_SIGN,train,damaged_sign-28ac829d8490659b,train,526787652e87c22d03ec9f33d0acec61a28309f88532c07ef2b645cf38afc864,640,640,44697
archive/train/Road_Issues_Damaged_Sign/IMG_8841_jpg.rf.9591c2567b9135afff24aaa313beaa2c.jpg,DAMAGED_SIGN,train,damaged_sign-1d051ff59bd4fdd4,train,8accbe5c75d2df7a01fd1d80a3ddec966f5631de1c67440357492ccbc3785131,640,640,50521
archive/train/Road_Issues_Damaged_Sign/IMG_8842_jpg.rf.e0e4fb83f0ec87d87c2c5515f2821f6c.jpg,DAMAGED_SIGN,train,damaged_sign-abf68d77b9a82f7b,train,3d8df35d06094e79538e4a7c5c1322be7d1bda08379a4018462b280dce3b0106,640,640,47458
archive/train/Road_Issues_Damaged_Sign/IMG_8844_jpg.rf.e4b8879b7082a1469701b2df54811482.jpg,DAMAGED_SIGN,train,damaged_sign-6526d6d208970f5e,train,16a5d60b753d53fd5ced4026ebbd500a5aae2ae1411135e7536126dec419f162,640,640,28382
archive/train/Road_Issues_Damaged_Sign/IMG_8847_jpg.rf.607152c29ff656dccacb0e2047c4952f.jpg,DAMAGED_SIGN,train,damaged_sign-42ce34777e870343,train,b7d88242e0332af9daa85f9d41b55a545dfbb7ca498b1e45a050462433373adf,640,640,35370
archive/train/Road_Issues_Damaged_Sign/IMG_8848_jpg.rf.d8ee72bc6a4d7ebaf0e333d1a12a27cc.jpg,DAMAGED_SIGN,train,damaged_sign-5506a4d010212bea,train,a053a8ac89a8a6be89e7fd979d2e71488cf42d3ccd7a39e6ab1b66917e32c42d,640,640,32570
archive/train/Road_Issues_Damaged_Sign/IMG_8850_jpg.rf.1c2f24549e811d465206a428f3b19a73.jpg,DAMAGED_SIGN,train,damaged_sign-f0ec23d18862fc48,train,49a7a2cabc4356b2cbe098a35723d4fbbf525b471ae098d9a764269bd0033f57,640,640,31937
archive/train/Road_Issues_Damaged_Sign/IMG_8851_jpg.rf.a001c2e6a9053780096a362c5314c292.jpg,DAMAGED_SIGN,train,damaged_sign-522922a4b84b2396,train,1c8ab8a10c6473ce9fbb76975a3f9de0ef6fea0e4b2342e7ee00e65375a2e319,640,640,45661
archive/train/Road_Issues_Damaged_Sign/IMG_8853_jpg.rf.f4766e909e40a8077cf0ca43dbd2653d.jpg,DAMAGED_SIGN,train,damaged_sign-7e69cbb669c2b6fa,train,917d8b8fd8b08d0289bf065cfbd5af53a74b8fcb86cfad79da44ff8702c61cb8,640,640,53979
archive/train/Road_Issues_Damaged_Sign/IMG_8906_jpg.rf.bb89a2aff0e62428d7a9bc4e8afb0b2f.jpg,DAMAGED_SIGN,train,damaged_sign-3f202cfa3ef32ab1,train,7c3dfc4ef6cbf06480c4a67a3f60a999a55d27a4c565a9f2d3812e06288a2934,640,640,32784
archive/train/Road_Issues_Damaged_Sign/IMG_8907_jpg.rf.14d1dcdde1520eb8b56382d888279ca3.jpg,DAMAGED_SIGN,train,damaged_sign-34d318f4efd35494,train,aa6bbde1de5c92a7bb12e9fca1e62ee41bb7631e9dbbbfb162b2228090e7209e,640,640,65030
archive/train/Road_Issues_Damaged_Sign/IMG_8910_jpg.rf.68ae6f89be9ea1bb67086dfabff6535f.jpg,DAMAGED_SIGN,train,damaged_sign-ee2c553bfebf0355,train,f74551a67f3a0e68f8fcc0b40a864e73f86193defcc00bd2219900e68116dfc9,640,640,44174
archive/train/Road_Issues_Damaged_Sign/IMG_8912_jpg.rf.0f9fe1a3c0823ad5a6ba2193250adec7.jpg,DAMAGED_SIGN,train,damaged_sign-833c8c58a07a2ba4,train,1c5545e57c226745433a0d791cb0f2b800c9d69a198ee28d402941450257b340,640,640,27343
archive/train/Road_Issues_Damaged_Sign/IMG_8913_jpg.rf.c9554ce89a970abdcc89fed17d4b1303.jpg,DAMAGED_SIGN,train,damaged_sign-36b76aaa909f29fa,train,f27aaae8fff5ff6c3f9c2f91465745a193838e8c0c83d25bfd7a6799af9095fb,640,640,32469
archive/train/Road_Issues_Damaged_Sign/IMG_8919_jpg.rf.ffe2454105dd7a3aa3f284585bceb620.jpg,DAMAGED_SIGN,train,damaged_sign-adac5548dacadfbb,train,108c31cdf52cc18e544dcf0ab0a7f5360f40131385676bdff04ab7b83f4ae907,640,640,38064
archive/train/Road_Issues_Damaged_Sign/IMG_8920_jpg.rf.5a3cce342f850e7d20c9fe3046d4a213.jpg,DAMAGED_SIGN,train,damaged_sign-af1f4331e3781f5e,train,a55b4f17d628b4ad84abffade68a1f514df9498c53871737918ea7d9db5477c2,640,640,42555
archive/train/Road_Issues_Damaged_Sign/IMG_8922_jpg.rf.2f5477b3a386fea4b7d8bd5a182873c6.jpg,DAMAGED_SIGN,train,damaged_sign-537abbb849e60357,train,1da25a854d9ddfe23c2165b6e3a34f35bb5256e7fe1bb71e8a5a618f2a2a1408,640,640,26361
archive/train/Road_Issues_Damaged_Sign/IMG_8924_jpg.rf.66ffed67c18f1bde61b08d6f59871e49.jpg,DAMAGED_SIGN,train,damaged_sign-602dddb727b760ba,train,3e95399c58763c25064f0182fd584795d7a6f9124b06f5af37b064493a9d988d,640,640,30552
archive/train/Road_Issues_Damaged_Sign/IMG_8926_jpg.rf.6bf7c1ac4eba76f618d7e68427a91a10.jpg,DAMAGED_SIGN,train,damaged_sign-faf309627043669d,train,a040f8f247d7fd1cb4a5492e24cf6866c850122f27ab0bce6eb88233327b4b81,640,640,33964
archive/train/Road_Issues_Damaged_Sign/IMG_8927_jpg.rf.1aeed6d134bd1b7ba07842a782566e29.jpg,DAMAGED_SIGN,train,damaged_sign-ed7d804c42bdbb58,train,98f14f908d9a9b6a6b43b37644c212f120243ca56a17373b078074b3d24a15d1,640,640,31527
archive/train/Road_Issues_Damaged_Sign/IMG_8934_jpg.rf.325561765875607ca857f71086eac699.jpg,DAMAGED_SIGN,train,damaged_sign-3b280d588bf5d8db,train,95fb2731848c9b8906e21b8b18d4b331fb328f8e0ba93013dd6dcc0cc0c567fb,640,640,25936
archive/train/Road_Issues_Damaged_Sign/IMG_8935_jpg.rf.bb57e1c088c3016152f4a11800121693.jpg,DAMAGED_SIGN,train,damaged_sign-c7cbd374e78e1413,train,83aeb983e361e286a53e9a475dc43acda3b39a2604ce0570fbb1c222d6f41e82,640,640,59797
archive/train/Road_Issues_Damaged_Sign/IMG_8936_jpg.rf.b2294829d7f2cc268f57f788499a76e4.jpg,DAMAGED_SIGN,train,damaged_sign-4a9ee6746c36307d,train,78cf5ab9ff4822d35eb0562763502400612612ba3b9139f150bbd80bf5331a43,640,640,60648
archive/train/Road_Issues_Damaged_Sign/IMG_8937_jpg.rf.3a45aa59496261c5499134dd41594814.jpg,DAMAGED_SIGN,train,damaged_sign-c0368e58cc458f5a,train,556829dacb6881ae65e7201c05ec446592acffc7d57031a90ab942011037535a,640,640,44674
archive/train/Road_Issues_Damaged_Sign/IMG_8938_jpg.rf.85b02745b7d672d77523453018e79a81.jpg,DAMAGED_SIGN,train,damaged_sign-7244f6b4bd8908f1,train,57acb8fd8113c07d3db1a9803612d24caa385dc337f1818e8a9c0f7ed338c15e,640,640,35707
archive/train/Road_Issues_Damaged_Sign/IMG_8948_jpg.rf.fd7d05ccd24c0dfa873e1ba70d5c5b1d.jpg,DAMAGED_SIGN,train,damaged_sign-d5813640410d1778,train,40a6fd403e18a3552b66773261d8961cc72fc4f760e9ee4e7be8fafaa4c0ea2f,640,640,82549
archive/train/Road_Issues_Damaged_Sign/IMG_8949_jpg.rf.808cbf4c87b7f2c1faaab90ba3887efb.jpg,DAMAGED_SIGN,train,damaged_sign-38fcf38c11c00cbb,train,a8b89e705612f4595bee12d480b58a7aad8f245d8c11a2ab3b9804ea1ec362a4,640,640,50992
archive/train/Road_Issues_Damaged_Sign/IMG_8953_jpg.rf.3da49d714dd71af9a1973cfe751c398b.jpg,DAMAGED_SIGN,train,damaged_sign-39bfda5c4519708e,train,a2cb41043a7d9c9b3afac9301b07448f22ecdc7db0a0a5d92a7c482e92e9eba1,640,640,38066
archive/train/Road_Issues_Damaged_Sign/IMG_8960_jpg.rf.0ec0cdead543f3452698bc0525cbbbf9.jpg,DAMAGED_SIGN,train,damaged_sign-2138d4c2de08672e,train,f392da99d89e5e0b6f334401e81881410f2cc64c2e097bb2f98040c44a1a69f7,640,640,33580
archive/train/Road_Issues_Damaged_Sign/IMG_8961_jpg.rf.e7228ab544a1d0f143f57e217c6b7ce7.jpg,DAMAGED_SIGN,train,damaged_sign-500276f9eb3c7b9c,train,09afb30484c4841be5e2794593ea42454742920e33156a86c4dbedb7efbae88b,640,640,64868
archive/train/Road_Issues_Damaged_Sign/IMG_8970_jpg.rf.f68b8a75f3529c43d8b5cd1a5c897576.jpg,DAMAGED_SIGN,train,damaged_sign-acee07869c270c18,train,45fb5e409ec5a38cda5a1e9c8d641809a8e2e441f9477e74256029366dae8152,640,640,76187
archive/train/Road_Issues_Damaged_Sign/IMG_8972_jpg.rf.2bd50dca9d68531bfc1161af131244a6.jpg,DAMAGED_SIGN,train,damaged_sign-4b678fd5c3916fa9,train,01448863d64aa8730fd6785bd2f02e6182a5eca089044e0fc3ff669d5e0cd32d,640,640,53132
archive/train/Road_Issues_Damaged_Sign/IMG_8973_jpg.rf.9e96594db2d4338cd844ef42de1b7098.jpg,DAMAGED_SIGN,train,damaged_sign-0131b5c0bc818bc3,train,ce4c07e85f898aaaecb084e3c3c40e0d19f90bc95598658dbe0f9eaff445727c,640,640,51982
archive/train/Road_Issues_Damaged_Sign/IMG_8975_jpg.rf.8b23041971edc0fb7d3aac237d8362e0.jpg,DAMAGED_SIGN,train,damaged_sign-6d9e263d9261bb43,train,d514bdd7183d9a037f15137ee1fc193efbba5c52eae98b1b7272eff258d676e4,640,640,63257
archive/train/Road_Issues_Damaged_Sign/IMG_8977_jpg.rf.a4221893aadca88763364baad98089b6.jpg,DAMAGED_SIGN,train,damaged_sign-9e6f61adffd7adbe,train,1f82cd337813337ea934e57452fe9b34fc470504311aedd090de3f700dddfaf8,640,640,55436
archive/train/Road_Issues_Damaged_Sign/IMG_8978_jpg.rf.7238b34ab5a21c5f4d59e28bdeb8e52a.jpg,DAMAGED_SIGN,train,damaged_sign-1f2bda7f2c896bac,train,2e7b277ffe450bd1708722f94aa0893822ae7d4c51bb1012b70cb10a79ebb350,640,640,55108
archive/train/Road_Issues_Damaged_Sign/IMG_8980_jpg.rf.cbb76ccfc171bf0e763dfbebb910d2db.jpg,DAMAGED_SIGN,train,damaged_sign-12eb1d430cd67ea0,train,d28034851d7658edd606b18cd8859503fc8e8911832af5ff9d2c146742a924b3,640,640,50617
archive/train/Road_Issues_Damaged_Sign/IMG_8981_jpg.rf.e280ea4ac9e0bd9c26efe3b8806c4308.jpg,DAMAGED_SIGN,train,damaged_sign-6838ebb1b7e5b680,train,ddb019af3f7d06e56a3b1e203b5b2b2b58556769e1b3068e2740e7dec54bacf2,640,640,34406
archive/train/Road_Issues_Damaged_Sign/IMG_8983_jpg.rf.85ac4d93f616123c0aeda766c53ca683.jpg,DAMAGED_SIGN,train,damaged_sign-0cf356c9bdf2f050,train,6e4121da13aabf4094f0f907d4eb0f2f120fe54a41ee900bf592aa0e6b4b810a,640,640,59565
archive/train/Road_Issues_Damaged_Sign/IMG_8984_jpg.rf.2a8a39865db0e6027abdbca59c2bfeff.jpg,DAMAGED_SIGN,train,damaged_sign-dd91ca1feff29702,train,e5074f686b6252c31cc5174ceba50005d500b86fb613526b4b77df57f6c40342,640,640,74739
archive/train/Road_Issues_Damaged_Sign/IMG_8986_jpg.rf.80318249b4d92c53fd30b71f8ed46656.jpg,DAMAGED_SIGN,train,damaged_sign-61237b001348f38c,train,2349abc94922d12c7c83b4e8709e3c37691b038aa52993eb8b0756b5450bb1ef,640,640,44304
archive/train/Road_Issues_Damaged_Sign/IMG_8990_jpg.rf.9d899b4bc8371f659588991650b65fdc.jpg,DAMAGED_SIGN,train,damaged_sign-e2808d259319870a,train,b821b1b0effc285ab55b9008cdbebfceda69f38385c518449b6261ac1d53e0c7,640,640,76312
archive/train/Road_Issues_Damaged_Sign/IMG_8991_jpg.rf.ec9c91c83691c0bbe1f3993800ff6dc1.jpg,DAMAGED_SIGN,train,damaged_sign-bca16e433e38e551,train,ddf1b04267def3823fba67e57f77d7d2d2ebadb390c1d54443d1fa38a3962ba7,640,640,50614
archive/train/Road_Issues_Damaged_Sign/IMG_8993_jpg.rf.b6cbe302b855dfe5404d162aeea5b619.jpg,DAMAGED_SIGN,train,damaged_sign-fa5d068b81e58f06,train,2487d6bd281daf2030bceef9cd09499ee81137f510e0f439d834284662783336,640,640,77682
archive/train/Road_Issues_Damaged_Sign/IMG_8996_jpg.rf.668d7f4d1bd5f8393aa72d251ce55d84.jpg,DAMAGED_SIGN,train,damaged_sign-ef0665dd0754198e,train,46e11942ea0f07e612fb8fa6c77188b98ae6777b7927ed5df38def652de37c87,640,640,56348
archive/train/Road_Issues_Damaged_Sign/IMG_8997_jpg.rf.f999aacef60811ce39b0be438e56c1e0.jpg,DAMAGED_SIGN,train,damaged_sign-0e5f221594bbadf4,train,d5bcea9306c142c37c92dbb28b3514fca882bfff727653fb0da27887c50ad87b,640,640,33470
archive/train/Road_Issues_Damaged_Sign/IMG_8999_jpg.rf.8803f1c9dc3435193536613dd6294388.jpg,DAMAGED_SIGN,train,damaged_sign-eb79f018cb950302,train,779eea3f31388ced425d08bbd18077f3d4d6383e303e31bffc5970f826c94d1f,640,640,25363
archive/train/Road_Issues_Damaged_Sign/IMG_9002_jpg.rf.9b21d3417452b73b1c0cd94f9dadbc27.jpg,DAMAGED_SIGN,train,damaged_sign-c5f26cf0eea97d47,train,b788b551341ab73097d42e629cffe2e5db3db419e91365da55d85126f4c3d104,640,640,58826
archive/train/Road_Issues_Damaged_Sign/IMG_9004_jpg.rf.e313fbfae2549bf43428365fd1a07838.jpg,DAMAGED_SIGN,train,damaged_sign-d760918f0899f45f,train,8c37767f039c1b87dae55e67e7356e4d479c732962d8072162962f25f70d9c20,640,640,40717
archive/train/Road_Issues_Damaged_Sign/IMG_9006_jpg.rf.16b17865eabe91ba1a05b726423a34c6.jpg,DAMAGED_SIGN,train,damaged_sign-eb1f56a7e803b6c1,train,21f36d8dd34243ed233f4e1da65dcc65215ed38b5d57244f3725507162104a6a,640,640,79393
archive/train/Road_Issues_Damaged_Sign/IMG_9009_jpg.rf.7621a2bb9d1d0bb09b17723cef7dc34e.jpg,DAMAGED_SIGN,train,damaged_sign-b8aa8db2501bd6bf,train,447c97048d34f0faca9a9dfa65e0b5ad971f98c978e48bb93e66324f2d5483b0,640,640,38863
archive/train/Road_Issues_Damaged_Sign/IMG_9010_jpg.rf.7c7eb100ced6b443fd798d300080abec.jpg,DAMAGED_SIGN,train,damaged_sign-3b7423816aa86c77,train,7308744ccbcca5391626af224e2ad18635490d478a4e587122a7b6fa0414fe97,640,640,40220
archive/train/Road_Issues_Damaged_Sign/IMG_9011_jpg.rf.68f97c99d21a40b047e4f26c8faa6c13.jpg,DAMAGED_SIGN,train,damaged_sign-71cd4d0d1fc4b356,train,c820e134528ad969dac524121b4b5f8ac03107f540742f178f105c9fb5756230,640,640,30011
archive/train/Road_Issues_Damaged_Sign/IMG_9019_jpg.rf.724c591787f2af4ab552cee3e01b952d.jpg,DAMAGED_SIGN,train,damaged_sign-b593b78faa4ed2a4,train,6021f4413e2ca1566ff9195acf0403e1a851535a64efdc1da9c1cf3385dfc5ac,640,640,35939
archive/train/Road_Issues_Damaged_Sign/IMG_9022_jpg.rf.51a6afd47e08095e65867394c6ded8e0.jpg,DAMAGED_SIGN,train,damaged_sign-eb878760d0f83292,train,03b0b14d3ef1ee027b7994d76ff086fb09c1f1a30b64f2daa79c0392ca23485f,640,640,54171
archive/train/Road_Issues_Damaged_Sign/IMG_9024_jpg.rf.f3f238d0a184fc28d32f9734b57648af.jpg,DAMAGED_SIGN,train,damaged_sign-796c8388363f9349,train,b973286d01f14d85f678b16aa789e66b4680892f6afaa2e51b9307ef02888dfd,640,640,58708
archive/train/Road_Issues_Damaged_Sign/IMG_9026_jpg.rf.70f51a2b55fb70ffce3f6ff609981583.jpg,DAMAGED_SIGN,train,damaged_sign-27c1f8bba34681d1,train,a1380e4d078834ae62b1cb3a60233add6606626f056af8b383593d37b83b5c13,640,640,42981
archive/train/Road_Issues_Damaged_Sign/IMG_9028_jpg.rf.8bedc8a659cefae8bebaab31b618c742.jpg,DAMAGED_SIGN,train,damaged_sign-c45083416d9da0db,train,87e7b82df65872ba8153abbec5b56ea20d2c4198ba3ed9c0e0a846f4c8b10804,640,640,41914
archive/train/Road_Issues_Damaged_Sign/IMG_9041_jpg.rf.8e95ec6dad5bad4cc8bb6aa6a19c3be9.jpg,DAMAGED_SIGN,train,damaged_sign-f45f0f9026e6d8f4,train,8d97847d0b90b93ee849c2ea97de9a7c470a4867d336c1378cab843226bb7a84,640,640,41550
archive/train/Road_Issues_Damaged_Sign/IMG_9044_jpg.rf.c586060882d638f5b13caf5c1f8834d6.jpg,DAMAGED_SIGN,train,damaged_sign-c0623c2a58c303c9,train,cd57aed060dc3b0597e06e8d5dc295a268b7b1bc490be166b482b4f6c51cc265,640,640,77810
archive/train/Road_Issues_Damaged_Sign/IMG_9051_jpg.rf.77924528d798817650462a0ba02479bb.jpg,DAMAGED_SIGN,train,damaged_sign-f4a49cefb6c5993a,train,a0fd669da0236d63116e644339c0353b64722585f0f825df492fbe914c759f5c,640,640,27965
archive/train/Road_Issues_Damaged_Sign/IMG_9053_jpg.rf.2fb3cbee33b07c633f7358c919266ba8.jpg,DAMAGED_SIGN,train,damaged_sign-4ec42ddcf5a8ee35,train,d157c7d4980d5147c857a371aabf38c0973850c630b15cdd8cff47e323f45ad0,640,640,18577
archive/train/Road_Issues_Damaged_Sign/IMG_9055_jpg.rf.10fab6c5f422d882efc9f87860221657.jpg,DAMAGED_SIGN,train,damaged_sign-9bb29c1e01c5e7f4,train,919c73a8802582eea43c1cd5dd127482c366b293bdf92d6f98bd38bc717c57b1,640,640,28719
archive/train/Road_Issues_Damaged_Sign/IMG_9056_jpg.rf.b64be89a12c1acc637d257ab26dcd730.jpg,DAMAGED_SIGN,train,damaged_sign-4ab2baf5162b9c5c,train,ad7d8826b8a3f3bfaea1f21cd910e5a4c599759b6876d8b9aae67f5d3c71fb0e,640,640,41265
archive/train/Road_Issues_Damaged_Sign/IMG_9060_jpg.rf.eeca3c2c0d8fb9913494710ebdf547a9.jpg,DAMAGED_SIGN,train,damaged_sign-db518fc7a30184aa,train,ae159136fa95c024c42f0f94c334cb593ef37782cd4147cd8b052f86046c9111,640,640,43671
archive/train/Road_Issues_Damaged_Sign/IMG_9061_jpg.rf.62411ce033a1b82406e0acd752fae022.jpg,DAMAGED_SIGN,train,damaged_sign-a45153aefd969ff7,train,5a0b21bae8b2834c0c1bd52fc0513af5f7df62c45d4b8a92b72201504cfcdbdb,640,640,30343
archive/train/Road_Issues_Damaged_Sign/IMG_9063_jpg.rf.67fddd60c550e0d0cd5e183a2cea1013.jpg,DAMAGED_SIGN,train,damaged_sign-1a458dbe453106ae,train,3642f4b88923c36568ba11dae1d951f926ccfeafcbc03fb1973513bd8fe62c56,640,640,26332
archive/train/Road_Issues_Damaged_Sign/IMG_9064_jpg.rf.f1ddb9ad4774fab9c7404565b3a19f16.jpg,DAMAGED_SIGN,train,damaged_sign-23be7b967e80c6b0,train,187ed1a0453d7430dd333bce55a14a5b52d5469da8a3e3a3c3aefec861c6f07c,640,640,32985
archive/train/Road_Issues_Damaged_Sign/IMG_9066_jpg.rf.29035698903a6fa4b4652f62cf9fd21a.jpg,DAMAGED_SIGN,train,damaged_sign-6b2f8db83d99405e,train,edf8975b12213cb5a7793cd7a362a824c9c2d024576a79d70a678f824c0b77e2,640,640,27122
archive/train/Road_Issues_Damaged_Sign/IMG_9067_jpg.rf.7ee0e70935e5928a296f0da5dd0b1672.jpg,DAMAGED_SIGN,train,damaged_sign-ad6b9c20b4a4361c,train,f3b9f5111d7dae879e02826bff5e587b6857670ee796b21ec01426288addddcf,640,640,31422
archive/train/Road_Issues_Damaged_Sign/IMG_9071_jpg.rf.fd1cc9a3ea9951eb95ed45c5360b9ca3.jpg,DAMAGED_SIGN,train,damaged_sign-425b92aa92a3a367,train,ce5ceb763fa6a07c3c73aa9c49ee4b485665a90bfc04899cf3e4359306c43786,640,640,33827
archive/train/Road_Issues_Damaged_Sign/IMG_9072_jpg.rf.402637c8793982d7345ecaf95c42473d.jpg,DAMAGED_SIGN,train,damaged_sign-13beedc2669c7c0f,train,dda8254da20d574416c23cccfd10fc150f7f836174076c18c2b88d68b846f113,640,640,22889
archive/train/Road_Issues_Damaged_Sign/IMG_9074_jpg.rf.4843979926e24c4a82e881f5a702971e.jpg,DAMAGED_SIGN,train,damaged_sign-76f10f88a0a9423d,train,b466dd4a27488e05f13db9f6f9ae100775c858ca347eaab61009c7c68cd7340c,640,640,36140
archive/train/Road_Issues_Damaged_Sign/IMG_9076_jpg.rf.34f9e660df95160d446c4937f4f4724e.jpg,DAMAGED_SIGN,train,damaged_sign-72ce6f2ff695660b,train,cc9d9d6a676c55b168576eab1fd84fbcf5805139d07f11d8965a494c59ff5291,640,640,29914
archive/train/Road_Issues_Damaged_Sign/IMG_9080_jpg.rf.098203df9c2762d78e6fdad73f175a0b.jpg,DAMAGED_SIGN,train,damaged_sign-e9adf8d0987f0b08,train,48d60f102703faba43fae41d7f8f3f58c7b3645f0bb89c56a3e6039c74a23cd4,640,640,30977
archive/train/Road_Issues_Damaged_Sign/IMG_9085_jpg.rf.d21da1f9a249045a79c2eff704b76f47.jpg,DAMAGED_SIGN,train,damaged_sign-a3bf6161797d8574,train,3667010107d387af8fa31be4b0dcd69929a24879b82d65c264855f6e439e3e6c,640,640,65040
archive/train/Road_Issues_Damaged_Sign/IMG_9090_jpg.rf.1a3a09eb0cbdda125cd2072c3e5b2457.jpg,DAMAGED_SIGN,train,damaged_sign-6edaf4e720130dd4,train,38e98ec70cc2f5f9933d22b9d9eff135e5089b086f4c7c6565a4bb2ad7fe5243,640,640,36449
archive/train/Road_Issues_Damaged_Sign/IMG_9091_jpg.rf.02e8150e4805258b352a488be582a113.jpg,DAMAGED_SIGN,train,damaged_sign-c993b006383f88d6,train,9cc07b02295903c172857c6d065d99d505d347211f3ec402e217ccc0733183fb,640,640,35047
archive/train/Road_Issues_Damaged_Sign/IMG_9098_jpg.rf.c106c1a9f01ebaa6927cd044f95ffedb.jpg,DAMAGED_SIGN,train,damaged_sign-8e9e3c17ea6e0c15,train,b279a551d286a7d29ba94089460d5dc8e427333ab6af487b04b5046d8f73281d,640,640,47760
archive/train/Road_Issues_Damaged_Sign/IMG_9100_jpg.rf.714911e71d5106d878d268bee5ecfcf6.jpg,DAMAGED_SIGN,train,damaged_sign-101f38a67fa76158,train,9bab2de585a328c5eb1316e617f15ba554446e0448dc0642e21332ebc42679be,640,640,41175
archive/train/Road_Issues_Damaged_Sign/IMG_9101_jpg.rf.4c2c6acc20e937eace84ac1d8a29655c.jpg,DAMAGED_SIGN,train,damaged_sign-21fe0d15b4ba2977,train,949336faaa831f349ab1998be04f41208f7e138cecc84d77658f1e2909f61028,640,640,57467
archive/train/Road_Issues_Damaged_Sign/IMG_9103_jpg.rf.dcea8acc7f043eb5f828b69220dbc238.jpg,DAMAGED_SIGN,train,damaged_sign-55bc919665e91663,train,072c8ffe08f978eafd71897d1bf0f600d8b0adcce6eb68eef08da07e07916ddf,640,640,34329
archive/train/Road_Issues_Damaged_Sign/IMG_9105_jpg.rf.7bf8a2ce00bc9ba42cafd8e4ccb15026.jpg,DAMAGED_SIGN,train,damaged_sign-93c81fb411d7d2cb,train,58f80394a92a6b73baee4315a8e7cd0b23561e71ec1520de5f251c55337a1606,640,640,30674
archive/train/Road_Issues_Damaged_Sign/IMG_9107_jpg.rf.0e126c994791f4fc380acf4f235af6d6.jpg,DAMAGED_SIGN,train,damaged_sign-a28445de032c6750,train,3db8857c26b9758b2e311a407a6eef9bc88b7e6f32c41f0e9397591c383b979a,640,640,33335
archive/train/Road_Issues_Damaged_Sign/IMG_9108_jpg.rf.6e57840978efe103d0e5948dfb7d547c.jpg,DAMAGED_SIGN,train,damaged_sign-f0d581bebf29168d,train,080be375fa449fa9ef7bb2ce9d1419dfc8f73fe1717aed83e74bb1f7ee970830,640,640,29288
archive/train/Road_Issues_Damaged_Sign/IMG_9113_jpg.rf.6f2a8118a2a9a05ade6a7f56380f39e8.jpg,DAMAGED_SIGN,train,damaged_sign-e791a5220e7682dc,train,16749dd2e6d61b230e595f017b27e46b564cac315990f73d10e8368064e04575,640,640,37823
archive/train/Road_Issues_Damaged_Sign/IMG_9118_jpg.rf.f70c4a3ab77775d1beca7a03fcdd722e.jpg,DAMAGED_SIGN,train,damaged_sign-1ad49e633b82cd02,train,a329ea3b3677086dee387ada63ef2f1bd48569bf64da55bb29f72e05d3e2c84e,640,640,45298
archive/train/Road_Issues_Damaged_Sign/IMG_9119_jpg.rf.945e2aa5f410bb42f675bf3fd462f3a2.jpg,DAMAGED_SIGN,train,damaged_sign-a33c30f60c3915dc,train,7fb12e4f7c69d0ec49a942b0a2100b50ba1e865a0dc4c73902acb71df5de1de9,640,640,22390
archive/train/Road_Issues_Damaged_Sign/IMG_9120_jpg.rf.c471b29fcb3065aceec6aeb47bff522c.jpg,DAMAGED_SIGN,train,damaged_sign-8669722baa48e5cc,train,928eac59408fe893863b064139c5b7395b0c041785d67f464f7031c283a8b53c,640,640,24869
archive/train/Road_Issues_Damaged_Sign/IMG_9121_jpg.rf.92d60918fbf4fcb1c67ae0a4d9bb96a9.jpg,DAMAGED_SIGN,train,damaged_sign-77d35d86347c6292,train,9cf701fa8a6683fe644c82194c3456eafd4bb0fb74c53902072a06c69098ea0a,640,640,22017
archive/train/Road_Issues_Damaged_Sign/IMG_9123_jpg.rf.9e464afaa0c0077ad64afc543ec268b8.jpg,DAMAGED_SIGN,train,damaged_sign-07f3f42547ae049f,train,99f54a46f38c022c86ab216765bd4088ae3c135da779a91ff78d25d26521b52a,640,640,34524
archive/train/Road_Issues_Damaged_Sign/IMG_9127_jpg.rf.9eeb68680659bcb7e3554ad078729224.jpg,DAMAGED_SIGN,train,damaged_sign-6985d8ae58100a5e,train,0362f89c700d21d744b4c4961f1598464f924ea8111b04cdd98a1b3c327f837c,640,640,43501
archive/train/Road_Issues_Damaged_Sign/IMG_9129_jpg.rf.ecb85b2e470d9ef8935ca07551c913af.jpg,DAMAGED_SIGN,train,damaged_sign-8deb09f747f007ef,train,07e0c2bc13aac6469b49cb770e0bc79cdd4442ed3eb8be41d4d8dab2224f2fb7,640,640,27271
archive/train/Road_Issues_Damaged_Sign/IMG_9130_jpg.rf.52d90d6b47b3320896c882dfb11b34e7.jpg,DAMAGED_SIGN,train,damaged_sign-df597069e66a7584,train,ab65389253b71f81dbf200e335c38dbd79343a0ceefcccf49924a3cbffe8ff90,640,640,27638
archive/train/Road_Issues_Damaged_Sign/image4-19-_jpeg_jpg.rf.9735cc28f7d9c58a7e9a2b9f91d774ed.jpg,DAMAGED_SIGN,train,damaged_sign-016c5a5a9295e27a,train,6728829d9e2a7fe6f225eb03860778aeee5b3d61948ee8430abe6a71bf84668e,640,640,61478
archive/train/Road_Issues_Damaged_Sign/image7-9-_jpeg_jpg.rf.c2e43e36a5f2cf30d35b3e2ffb52d692.jpg,DAMAGED_SIGN,train,damaged_sign-3bf4a8fe473089fa,train,246c39102d3424912e30a3944d0152851b5440f5eab83aaa313bd4434b6d707e,640,640,81467
archive/validate/Road_Issues_Damaged_Sign/IMG_8072_jpg.rf.9056906247426f6ded4620c156555f50.jpg,DAMAGED_SIGN,train,damaged_sign-ecdf320627f32222,validate,23c9c11d27e3cef867d9365356a193459a575982be698f93b862d569d360261b,640,640,39302
archive/validate/Road_Issues_Damaged_Sign/IMG_8106_jpg.rf.c4d3bcedc31ae8837628ed6b1f958c40.jpg,DAMAGED_SIGN,train,damaged_sign-3b0f3e1f000bfbd9,validate,6decfb2a6ed8f3f0649891d3fead4ae4516aa6f78a1c158e26339f029e7c7e64,640,640,40277
archive/validate/Road_Issues_Damaged_Sign/IMG_8107_jpg.rf.da3b08330dee995ee6c08a34ef0fd106.jpg,DAMAGED_SIGN,train,damaged_sign-3e59dd3e3d8c3ee1,validate,2edbcee9a5c0037e9426ca168bc389b1103d6ad3bcb6d811349595fddeceae5b,640,640,31599
archive/validate/Road_Issues_Damaged_Sign/IMG_8127_jpg.rf.12a206c87086bfa1aade1b8da0197c97.jpg,DAMAGED_SIGN,train,damaged_sign-dafdff41f13866db,validate,9c83bc497e7538efc949d492f803f23d1f22099c10459848f1badba24546768d,640,640,42106
archive/validate/Road_Issues_Damaged_Sign/IMG_8133_jpg.rf.b6f67d012b1399f9f0d678888f4ee86f.jpg,DAMAGED_SIGN,train,damaged_sign-6429a4b20736831c,validate,f7588f294eb1aa29392d639d08abec2ac87861f88e8012c27afcede0611e3209,640,640,36449
archive/validate/Road_Issues_Damaged_Sign/IMG_8157_jpg.rf.fbb89946d78f695231dc1d97e4462584.jpg,DAMAGED_SIGN,train,damaged_sign-6658d454cec7f3d7,validate,333dd0be230cc6ac220a978916b89c2dbf1f00eb3fdd892aafd906e1067b0666,640,640,27589
archive/validate/Road_Issues_Damaged_Sign/IMG_8241_jpg.rf.7098b6bd3e7e02fb483d9995cd7b0c8c.jpg,DAMAGED_SIGN,train,damaged_sign-10a0878ab0f7b365,validate,06716c049ef90de8f20eae63f2515a2045cfe3c4e02b46c6a3fb8a24116f5be6,640,640,29727
archive/validate/Road_Issues_Damaged_Sign/IMG_8252_jpg.rf.85c47f294f1d97a395aedb34232cd1f6.jpg,DAMAGED_SIGN,train,damaged_sign-86eb981b0cd0e38b,validate,ae05324a74c94bbf5da0a9af28a19b3c3838b9a0bd18eaada7888731795ee21e,640,640,25315
archive/validate/Road_Issues_Damaged_Sign/IMG_8254_jpg.rf.09d8f45752d62ade6414efaa2581988f.jpg,DAMAGED_SIGN,train,damaged_sign-1759c5b0022fad40,validate,c5bc4c1bd1a9e3e75b59e133acaa88a9b67886f92965c86c21df4012f89d4fe9,640,640,26115
archive/validate/Road_Issues_Damaged_Sign/IMG_8319_jpg.rf.d74bf9396c425225feb94e0fa81600a0.jpg,DAMAGED_SIGN,train,damaged_sign-28a7e352708f15b7,validate,ea6127e0693b407af94dadd9b036175ecb0e70c99ca32aac084431252e8ee727,640,640,23567
archive/validate/Road_Issues_Damaged_Sign/IMG_8331_jpg.rf.f67b58db9eef2685286bac6ae829aa63.jpg,DAMAGED_SIGN,train,damaged_sign-e94af294d312e44c,validate,ebd30c756777e30975d2ccf8e353ebf6c7a756bf84c9bbd4bbc9ecc4378ab02d,640,640,34259
archive/validate/Road_Issues_Damaged_Sign/IMG_8361_jpg.rf.a171c7fa9e6f7e382f9eefccc16db2d6.jpg,DAMAGED_SIGN,train,damaged_sign-762853590ae5fe97,validate,8b841717b5308fb04cf6f215d72ba235415ff9e5e5c96fc81cce578f90402294,640,640,25822
archive/validate/Road_Issues_Damaged_Sign/IMG_8666_jpg.rf.4b4596c947e780968e6dd64ffc31c38e.jpg,DAMAGED_SIGN,train,damaged_sign-3562e98ea51fd0d2,validate,388e529ab1dfcba157c8fd4d04237650bb2aab421e6f281437a6f306160fc9f5,640,640,32327
archive/validate/Road_Issues_Damaged_Sign/IMG_8702_jpg.rf.0b89008772743ea0143799ca0f520b74.jpg,DAMAGED_SIGN,train,damaged_sign-6d945d7476e03def,validate,3daff76fa6f86ab17e2c1d7477ce95502cc7346c04a8c8a4844b7da1894a3590,640,640,38048
archive/validate/Road_Issues_Damaged_Sign/IMG_8764_jpg.rf.230bfb43443a92e1104297fad0be5921.jpg,DAMAGED_SIGN,train,damaged_sign-97ed64c3a0fdf569,validate,a9523409d0e85063cad5b95f69c7e25d17093973c74f56f756ac9e421f182607,640,640,61323
archive/validate/Road_Issues_Damaged_Sign/IMG_8783_jpg.rf.96a7991ef75effe3d09cd6193f4be890.jpg,DAMAGED_SIGN,train,damaged_sign-b0b7a4d1f360e562,validate,b547f87f772d6db7de3201ed7e993c52b787112232e4324fffa5f7e231802a6c,640,640,36113
archive/validate/Road_Issues_Damaged_Sign/IMG_8810_jpg.rf.07690638fd1db20a77c6e4a5a818f402.jpg,DAMAGED_SIGN,train,damaged_sign-660f21ab5623362a,validate,ae3868df1f66de31fb04efd380fda67a57a32e0f22cdc42dca6a4a61806ca2d5,640,640,37182
archive/validate/Road_Issues_Damaged_Sign/IMG_8833_jpg.rf.e17e8b34c24b2a9de461bb99ef53f34c.jpg,DAMAGED_SIGN,train,damaged_sign-4efeaca7f35cc585,validate,3f188e1e6f18249e3d3aae5ed0659e74f339b203937a4373c1dacb99ca32870b,640,640,53437
archive/validate/Road_Issues_Damaged_Sign/IMG_8901_jpg.rf.77fbe5472f5a3d32aa67c410fefd1f6a.jpg,DAMAGED_SIGN,train,damaged_sign-53b292187e8e63e1,validate,045a6c9ce035a0339da65fe59f1e6c37fbb2f5ab24ec02f3fcba4a882d36d62e,640,640,39827
archive/validate/Road_Issues_Damaged_Sign/IMG_8940_jpg.rf.4b022c8cf22b908353d92f78e7fef66d.jpg,DAMAGED_SIGN,train,damaged_sign-1936ac33ad19a2d6,validate,0811e5f61841a995e30950cd7daaa47501bec62c6bba740c1b502bbd2097ce7e,640,640,45559
archive/validate/Road_Issues_Damaged_Sign/IMG_8952_jpg.rf.aff41e41c270ea383fe5d3beb95682aa.jpg,DAMAGED_SIGN,train,damaged_sign-504b2261bfe7fd00,validate,cae584fd8c3e2a851d1a7f3b13ca1a8cb73239068c9eac39751ecd05405e9922,640,640,83503
archive/validate/Road_Issues_Damaged_Sign/IMG_8954_jpg.rf.e9141a94820a6eac478b01224f6be931.jpg,DAMAGED_SIGN,train,damaged_sign-4b7175af6761d00d,validate,b62f36c9905ed5d7fff8562c5a64bdab1243b8fe8f0f390c0275b0990cba75d0,640,640,40022
archive/validate/Road_Issues_Damaged_Sign/IMG_8956_jpg.rf.8d699dcba049b0a06f1e72b9b368b30a.jpg,DAMAGED_SIGN,train,damaged_sign-11abde4c3570fa09,validate,3a0b76becf58dad6f02c714d44df314bce320e04d62ec467bc5875d17e3d93da,640,640,70824
archive/validate/Road_Issues_Damaged_Sign/IMG_8965_jpg.rf.8af330f850442b0bc803f6b8dc6e2d7c.jpg,DAMAGED_SIGN,train,damaged_sign-1af5c602e91d72ac,validate,50dbfac419431bc772d896763d9f43702e6fd5bd2808cc01f25a58190ef95c55,640,640,38222
archive/validate/Road_Issues_Damaged_Sign/IMG_8989_jpg.rf.dc6b3476cc6f3597c6aecffe3d57bd2e.jpg,DAMAGED_SIGN,train,damaged_sign-8bdf128545906a5f,validate,ecd94d44a13eba9966862762417ddb6124f39b5e4c8baf68ed1f63ae84d9a1b9,640,640,36788
archive/validate/Road_Issues_Damaged_Sign/IMG_9005_jpg.rf.3f3d7b39f5442c61330fc33fe099cfd9.jpg,DAMAGED_SIGN,train,damaged_sign-45f7961e0115c4e2,validate,6517dd32e1b43adc59eb0f710be6dd6ed56c570b16a182674516221675639a10,640,640,75073
archive/validate/Road_Issues_Damaged_Sign/IMG_9029_jpg.rf.ba306e0b4454a6f1bdde99148e330d15.jpg,DAMAGED_SIGN,train,damaged_sign-6b3acf6fa18a3413,validate,04526eb06c358adfca1833071b83a2a10780e97e7fbb33389fd2bc9f7921fab7,640,640,33774
archive/validate/Road_Issues_Damaged_Sign/IMG_9052_jpg.rf.bb7fe3117811b861968c6b4c2d31b0f6.jpg,DAMAGED_SIGN,train,damaged_sign-f85cf0c33d2ae91f,validate,dc1d4fe9dec9fab986c39296c33ce9c3f639af3d3bac52695452f154f419cabe,640,640,24767
archive/validate/Road_Issues_Damaged_Sign/IMG_9054_jpg.rf.c8ffbc6769eb1cf6fe92f69bead8daa4.jpg,DAMAGED_SIGN,train,damaged_sign-efb6c351e1788e50,validate,e483a09f4cb64255fed6e9c49064f00bb5da12ca89a0c02a8cfe86eff93f3e2e,640,640,19561
archive/validate/Road_Issues_Damaged_Sign/IMG_9079_jpg.rf.4ff7e2541734134911d5743832d1ea6a.jpg,DAMAGED_SIGN,train,damaged_sign-1678db62db0d3015,validate,69c608da3b92b54b36250276c1c3ce436f42f745d73a4010a70d5dc3adb132c8,640,640,39790
archive/validate/Road_Issues_Damaged_Sign/IMG_9083_jpg.rf.a0b0430974d83b452854dac46044f5ba.jpg,DAMAGED_SIGN,train,damaged_sign-aa872f898288e7b4,validate,7caeb736012af8619bf964b06ef9819a8bd941ad1d23ec9bfcb81ee1c1a337e9,640,640,22969
archive/validate/Road_Issues_Damaged_Sign/IMG_9095_jpg.rf.94147bdce3f677f8e06149ca036c897c.jpg,DAMAGED_SIGN,train,damaged_sign-4dbbbaeca4d8b455,validate,75a5ec0f3aa751bbefce6961a75dc2ee433fdaf44d07424e91bd63bb1ece5370,640,640,42659
archive/test/Domestic_trash/Datacluster-Trash-10-_jpg.rf.49e83e5425e6fdc6a647dace07fdab63.jpg,DOMESTIC_TRASH,train,domestic_trash-3a6c1d78cd694492,test,94b12aabcd1074d7cd25bd87fd7a8dbb85f7bcc304e05ee3b745e1645f3ef997,3000,4000,793720
archive/test/Domestic_trash/Datacluster-Trash-101-_jpg.rf.26993f84457195930c8188027a9c3207.jpg,DOMESTIC_TRASH,train,domestic_trash-f2c18015e1a80f26,test,63090eb5bfddc460ee25876c23e813b3c2be2902d0d98d5ed877d0fb9c25abc7,3120,4160,2312723
archive/test/Domestic_trash/Datacluster-Trash-107-_jpg.rf.ee70d1ea12eb1701e567addab2226cfc.jpg,DOMESTIC_TRASH,train,domestic_trash-2b9c89e8a36fc6e9,test,967cdf951e674bf9e9c0b2438aaa64fda350959adc834c9aa4737399d1833c9a,3000,4000,2011687
archive/test/Domestic_trash/Datacluster-Trash-108-_jpg.rf.0d48721ce2fc9d964e074b1cb4153d16.jpg,DOMESTIC_TRASH,train,domestic_trash-86335ffe8e7fbfe3,test,e9b7a5ee04ba8058a4a6f74fdb32354df179897e0590919a765a67fe9ead47ec,3000,4000,2190931
archive/test/Domestic_trash/Datacluster-Trash-109-_jpg.rf.1e5cc8660b8ad1c027a2b9ce23e7ea8f.jpg,DOMESTIC_TRASH,train,domestic_trash-25dfada19bfe5508,test,d7a23e05552918fc2ea818ddece83cccf520621eaddc91d6f16f7e94647f04b0,3000,4000,1231499
archive/test/Domestic_trash/Datacluster-Trash-116-_jpg.rf.2e7d313bc670380020e5f5f12fa771da.jpg,DOMESTIC_TRASH,train,domestic_trash-c91d7276ef7ec20f,test,af9ec2dbb8191d55efacacd3bf54ef2999077adb3b48e7de3392839a78fc3a97,4000,3000,1016077
archive/test/Domestic_trash/Datacluster-Trash-122-_jpg.rf.f68e1bdb1bd75be661addec944f82cda.jpg,DOMESTIC_TRASH,train,domestic_trash-dfada172a2184586,test,5d92036ef521c468c4937d6810caf6b0bce718bbddb647542a28a188cae6ace4,3120,4160,2230675
archive/test/Domestic_trash/Datacluster-Trash-126-_jpg.rf.e290aa4f0e9ba270bc885e681640bf1e.jpg,DOMESTIC_TRASH,train,domestic_trash-4f7009f7a8b19959,test,868822f24f41c55d01a0fa18db42019e8809b1498abe10deff090e2fc453d122,3120,4160,2864272
archive/test/Domestic_trash/Datacluster-Trash-129-_jpg.rf.00b38ef6ccbd160cf971c92cb4204b65.jpg,DOMESTIC_TRASH,train,domestic_trash-9c69d5dc951a2f50,test,5684b9f35ad4bb6f4f070f58fdc3311414ad3153569feefe4d3341ec92d323b3,3000,4000,1153008
archive/test/Domestic_trash/Datacluster-Trash-13-_jpg.rf.50e42b9079d084691e52776c7c3502d3.jpg,DOMESTIC_TRASH,train,domestic_trash-78e1904c7a6956dc,test,06e83e2d2fc78c6db5727c3f0244725bb951ba691d273913f100383e07f08947,3000,4000,1390214
archive/test/Domestic_trash/Datacluster-Trash-131-_jpg.rf.d247ba29da1e9639e98eced36796237c.jpg,DOMESTIC_TRASH,train,domestic_trash-84b4136cab98af5c,test,ddb6b13a7dc125f1ecc3747332fe340c78a049a34a861bd3aa7d70de5c1ade48,3000,4000,431642
archive/test/Domestic_trash/Datacluster-Trash-136-_jpg.rf.b0a839229444b9d00fa9ef3e66fc37cf.jpg,DOMESTIC_TRASH,train,domestic_trash-7e747aaea70c6d66,test,0ef2282a8d8d91751ffa01ff4ba838c877199cb8264cc99e572a30bc2571385b,3000,4000,2077449
archive/test/Domestic_trash/Datacluster-Trash-138-_jpg.rf.37f2fa14df80f843ff47bda37720bc8d.jpg,DOMESTIC_TRASH,train,domestic_trash-540055868b6dc5fc,test,c90b87d0f3d63d8a73d0105ed5bbe1e1d8ad28c4e485b7a17710658ca33a5969,3000,4000,1386697
archive/test/Domestic_trash/Datacluster-Trash-139-_jpg.rf.fc40e273be7b2b8c26f5ffd8ca642515.jpg,DOMESTIC_TRASH,train,domestic_trash-a8d6f580f48388e7,test,c9d94a7a84a87a533c574673209b6c46ea7b45360116d52932243ce073747685,3000,4000,1782911
archive/test/Domestic_trash/Datacluster-Trash-142-_jpg.rf.72ca0ec5440b56dc5c3e793df6fc2a88.jpg,DOMESTIC_TRASH,train,domestic_trash-798a6f10eed4c8f2,test,115771312a1eb809380c50091ec7c486512d3fdc13e1ca3618a116573d927b77,3000,4000,524643
archive/test/Domestic_trash/Datacluster-Trash-144-_jpg.rf.e617457b1c8980af9d3bec38b4f1fd02.jpg,DOMESTIC_TRASH,train,domestic_trash-d28223a72169df1b,test,57703c02da6258a96722a7010a758d49aa4a194430bd10de86ed949b9f514ecd,3000,4000,630383
archive/test/Domestic_trash/Datacluster-Trash-146-_jpg.rf.f693e4910f620884a0cde62d49b1e0d7.jpg,DOMESTIC_TRASH,train,domestic_trash-9fd7ae6c49bee332,test,eff09dac76d13e1b13170b84561b635d1fa7fb075e4586672b9495da539134da,3000,4000,2246113
archive/test/Domestic_trash/Datacluster-Trash-147-_jpg.rf.4ecd4c5f4bb08cdcf72ba4afde67b350.jpg,DOMESTIC_TRASH,train,domestic_trash-9de85bca511a8e79,test,f9e10098b33097edb8de5531306b3a6a0d45e3c7e2e37d9d84e4b828f96fc406,3000,4000,415742
archive/test/Domestic_trash/Datacluster-Trash-148-_jpg.rf.5d60496b2e9d0e0b4c80e3526525c037.jpg,DOMESTIC_TRASH,train,domestic_trash-3d736a72015cd7cd,test,07d3f334c73e2a8afffd02eebeba01d02351c4d79145f7a6f1ab1b35f079da57,3000,4000,444477
archive/test/Domestic_trash/Datacluster-Trash-152-_jpg.rf.9d044afee4327f3b9d66d0584525c9e4.jpg,DOMESTIC_TRASH,train,domestic_trash-0bfcd710a989a33e,test,0b59953433309bc20ee9d2f3cb40654d7c4df379e7f54be703c9e21e7dc95f61,3096,4128,2835210
archive/test/Domestic_trash/Datacluster-Trash-153-_jpg.rf.f6efee3784dfa9abd61ecd5d9598692c.jpg,DOMESTIC_TRASH,train,domestic_trash-48e0ef46d7a713d5,test,4a94d6b2a21c03218b17c1efa9dae588be404dcbd683b2ed615ae1df3d44e287,3120,4160,1676544
archive/test/Domestic_trash/Datacluster-Trash-155-_jpg.rf.135709bd9180c23e1f69a1391d6e8ebe.jpg,DOMESTIC_TRASH,train,domestic_trash-b389073ee715b902,test,3907628857670bd3b6222884fec629437a65f87b1fc97e8c5db8d25259b2bf63,3120,4160,2034725
archive/test/Domestic_trash/Datacluster-Trash-162-_jpg.rf.a09f27c95702d5ea216133aaf2818d18.jpg,DOMESTIC_TRASH,train,domestic_trash-99cafc15ac262150,test,535c400ccb1718edbbecb589e48875b08e7cffb683585137978877591c45b651,3120,4160,1783550
archive/test/Domestic_trash/Datacluster-Trash-169-_jpg.rf.62e9b007967db7946e40f81a5338a797.jpg,DOMESTIC_TRASH,train,domestic_trash-25b37de90bd24e4f,test,826714de2b239646d6b8bffc3f733318369c31f307fbb65f412dd89f1cb7eed7,3120,4160,2380953
archive/test/Domestic_trash/Datacluster-Trash-174-_jpg.rf.95c6c9be9dca4436dc1ccf516423f17d.jpg,DOMESTIC_TRASH,train,domestic_trash-f23829e828a85175,test,54956cc568084141d7ed6986dbcffc28b2a0fefcbbaeefe80afac043b0d5eefb,3120,4160,2076740
archive/test/Domestic_trash/Datacluster-Trash-182-_jpg.rf.6571241e49aa3be3dca7751cf7c5935b.jpg,DOMESTIC_TRASH,train,domestic_trash-c6a8e2188957c9bf,test,46ea2e793dc3024092cc4c4d4fe24c511df17ae3fdb7f751ff47f40ce09ab765,3120,4160,1174439
archive/test/Domestic_trash/Datacluster-Trash-184-_jpg.rf.edf10c9f2104d1367785adddd6313431.jpg,DOMESTIC_TRASH,train,domestic_trash-cd0fbbd345f29d00,test,ac1a2b65970b0a02c8f24b799990b76360a57337d87568deced5643698cf0a07,3120,4160,2218962
archive/test/Domestic_trash/Datacluster-Trash-186-_jpg.rf.485f7e5098ce28f3f78e88305f718490.jpg,DOMESTIC_TRASH,train,domestic_trash-689fef621a80a1b7,test,b794fbc1d78d6956dbdb61acf8c1f1160eafc31a4ebac1679f44006c6c0abfa6,3120,4160,2369777
archive/test/Domestic_trash/Datacluster-Trash-198-_jpg.rf.44a4763ecd1598e0e5d8022f596acdf8.jpg,DOMESTIC_TRASH,train,domestic_trash-2f3681b130a260e5,test,1dff6da8c98718b2c0fc36104fc90c2115b674477bf85561f7cb42cf587317b1,4160,3120,2355690
archive/test/Domestic_trash/Datacluster-Trash-2-_jpg.rf.1752b0cadf1c8f56aeed910aabdfb934.jpg,DOMESTIC_TRASH,train,domestic_trash-45303754824f9404,test,d00875ef23581e005077506458d45b47d01537950c4bba7f0946161f47a113fd,3000,4000,2581309
archive/test/Domestic_trash/Datacluster-Trash-20-_jpg.rf.356791e22515d419759b7acaec9019d2.jpg,DOMESTIC_TRASH,train,domestic_trash-4465cf4980fad939,test,739e1b792b226122f181233cb048c4fffa94771dff94e6462f7e90ca37314ea4,640,640,65148
archive/test/Domestic_trash/Datacluster-Trash-203-_jpg.rf.97ef9f117c94ccd16b47c42e2a0a9965.jpg,DOMESTIC_TRASH,train,domestic_trash-69014c86c7dc16f3,test,5cf67deaaa28e408c87547b526371f9bb67b147f7dea04306c9f8a212f09e84e,3120,4160,2088764
archive/test/Domestic_trash/Datacluster-Trash-206-_jpg.rf.423c92d2e1a7afe4c93223c490a40e62.jpg,DOMESTIC_TRASH,train,domestic_trash-23c3103e0e602d33,test,8fdac3a8245dafa8063349fcf326013f22e925f57c40763f6181c775c36f0902,3120,4160,2272009
archive/test/Domestic_trash/Datacluster-Trash-208-_jpg.rf.e7f0c2c18ad3780694af1c3ef51d071b.jpg,DOMESTIC_TRASH,train,domestic_trash-7c71721484ed9d6b,test,3eb303be2fa5020080e4d5c88ece258ae364029faa26d31f4518cc52299e92be,3120,4160,1950501
archive/test/Domestic_trash/Datacluster-Trash-209-_jpg.rf.b7502387a8a32542ae2f2f273f396af1.jpg,DOMESTIC_TRASH,train,domestic_trash-c63787a6512baf6a,test,8ea04d813fd86ba865eb4020ad96921a52fdaed7e236aee10cdfdd9b18f29bd1,3120,4160,1924293
archive/test/Domestic_trash/Datacluster-Trash-212-_jpg.rf.d08d4e692cba933e9c0e9900f5ed5452.jpg,DOMESTIC_TRASH,train,domestic_trash-faacb68518f3d736,test,3ad66d277ccc06b59bb0f30430a34c65d71fa041a7ad5a90b1f1b073ac9f2505,3120,4160,1287796
archive/test/Domestic_trash/Datacluster-Trash-213-_jpg.rf.0357c2410e93165d4c7c4d79e32d3075.jpg,DOMESTIC_TRASH,train,domestic_trash-f48eabbc8fa9c953,test,351a6c4df48bb88ac8add3dab5f79e216facb2ec9c95f5f39e6f254774ea9e7c,3120,4160,1503387
archive/test/Domestic_trash/Datacluster-Trash-214-_jpg.rf.70f2f624caceb61c5f44d2a90d672bd0.jpg,DOMESTIC_TRASH,train,domestic_trash-6622804773c69d2e,test,872bf0b715fac1e2c4c020e02bc6439a7a66a42cb1aadd184368b1df6d83f560,3120,4160,1253864
archive/test/Domestic_trash/Datacluster-Trash-217-_jpg.rf.820efc5415c61f2e05b63b10589f9986.jpg,DOMESTIC_TRASH,train,domestic_trash-1b6fc1bf7ca27ec2,test,79ffe289c68f7320add9c68ecc714eca07afb2429192d8989e863fa4bfdb2003,3120,4160,1279216
archive/test/Domestic_trash/Datacluster-Trash-219-_jpg.rf.bd41913e3985afb940ca494d386a44cd.jpg,DOMESTIC_TRASH,train,domestic_trash-6c09fee772b42681,test,0695022453c5a6682ed64d4b2c7aefe0e1a011a067e6e1dec58977fa350ce845,3120,4160,1257458
archive/test/Domestic_trash/Datacluster-Trash-22-_jpg.rf.b8b3a9b4e6572bb1a737e98d963bbb04.jpg,DOMESTIC_TRASH,train,domestic_trash-f701907887084fb9,test,93d2833bf2c3dc0d65d510c43880a8f157126272ac2fbda79fbd1d51514ee9b2,3000,4000,1000793
archive/test/Domestic_trash/Datacluster-Trash-222-_jpg.rf.bf2f819fe06b4ec162995c7c2c97a702.jpg,DOMESTIC_TRASH,train,domestic_trash-4425610b80f75191,test,2ef232e55e644e394e132778d9a5dc53f8caebe798399808393347992deebdb0,3120,4160,3185611
archive/test/Domestic_trash/Datacluster-Trash-233-_jpg.rf.9d1236496a99c959adb71d5c7530f58f.jpg,DOMESTIC_TRASH,train,domestic_trash-188361d204272403,test,0a13af9d21cc0d777e912f1b8387ba7ffd048912100dbfcdf68e3dc3060640f3,3000,4000,1084120
archive/test/Domestic_trash/Datacluster-Trash-234-_jpg.rf.00191949350dea19d2f5283a2372fd78.jpg,DOMESTIC_TRASH,train,domestic_trash-107d050740087ebe,test,f838af9399c62b4cd6a529c0621dbc3ecfc281c2d90e23608f7e10a7f50b2951,3000,4000,1515503
archive/test/Domestic_trash/Datacluster-Trash-236-_jpg.rf.27ce611c54511ca25030d330132ec6f2.jpg,DOMESTIC_TRASH,train,domestic_trash-622c7a815779a786,test,41f0f82d1e08b6c07a4742468e1ade472f6c2e9f0cf060e89742658f96f775b2,3000,4000,1617245
archive/test/Domestic_trash/Datacluster-Trash-237-_jpg.rf.ded2252d2aba2027bee815fcc59fa041.jpg,DOMESTIC_TRASH,train,domestic_trash-133b0df7aa5ce4e8,test,9ddb3e709c9607f2f80a00e5f437aef076e41b9c2b292edc51c0e0011dc91dcd,3000,4000,1323367
archive/test/Domestic_trash/Datacluster-Trash-238-_jpg.rf.88f8c8f146b3be9d719f06bff6388f8c.jpg,DOMESTIC_TRASH,train,domestic_trash-45c0afd6a9736ad7,test,0cf65660d85540d7f2efdc166fc7a1405cc96ba32bb9449475f3610826b4931e,2448,3264,751644
archive/test/Domestic_trash/Datacluster-Trash-240-_jpg.rf.2968412c7d385c162064f50d95ab2d3a.jpg,DOMESTIC_TRASH,train,domestic_trash-b8e4ae9c762784d6,test,a5a4ec6085d76bb92fcb0231d45463d4fa911b74dd07238dd2dce1526fd8f9bd,3000,4000,1975778
archive/test/Domestic_trash/Datacluster-Trash-241-_jpg.rf.c13dc450ea14c459453a170359cfc7f0.jpg,DOMESTIC_TRASH,train,domestic_trash-79641c28488fc5d5,test,16db08b353daed92ce72f3d1f6746bb3a475d525c49c4de97881e8d0ecbd13d7,3000,4000,1947762
archive/test/Domestic_trash/Datacluster-Trash-245-_jpg.rf.b367bbe2699df850f7435eb17f860830.jpg,DOMESTIC_TRASH,train,domestic_trash-ec4f67118aa24246,test,c71c7048c96270f61c0e9655532f81e40e710901eebfa8e855ca29b2985f91f5,3000,4000,2101358
archive/test/Domestic_trash/Datacluster-Trash-249-_jpg.rf.97fae9009fc7c139345045c63f601cdc.jpg,DOMESTIC_TRASH,train,domestic_trash-127c3522bd6da780,test,a55398ab0aaf97a5a45e5a3c25677b86aa34bcd23da459db6c01705e3911d1d0,3000,4000,2932997
archive/test/Domestic_trash/Datacluster-Trash-31-_jpg.rf.ed3da2bf03f7481432a0301808ea2e48.jpg,DOMESTIC_TRASH,train,domestic_trash-4a6301d9abd9a89b,test,4f15b723d4eae2c9b3925722a4ef6806dc2ce0d0f79cb46d737d3a33357ebe69,3000,4000,896763
archive/test/Domestic_trash/Datacluster-Trash-37-_jpg.rf.5b8f7347a20c722737fc729de940f056.jpg,DOMESTIC_TRASH,train,domestic_trash-4d5f9516d2c9eed8,test,5bf3e99c1ab614a4ad6567125556c50bb40cbf9e71e0745d40dfeeaf15120aab,3000,4000,592230
archive/test/Domestic_trash/Datacluster-Trash-38-_jpg.rf.42e6517f009d51039bff9d6a743bc435.jpg,DOMESTIC_TRASH,train,domestic_trash-aa92208f50374a51,test,1cbd7874aa7bb237ce074208fec58aa60d0ae93b5a94fb0d3bc84c101bfe2fa2,3096,4128,1855921
archive/test/Domestic_trash/Datacluster-Trash-46-_jpg.rf.43dc1b91168a017cf8dfdb6788295bf3.jpg,DOMESTIC_TRASH,train,domestic_trash-b45c3f674a2c99de,test,f36cd4a30330d0ec700335974330ea902d52fdc62a691505adbef0cc1a1f1490,3000,4000,1251985
archive/test/Domestic_trash/Datacluster-Trash-53-_jpg.rf.6ded09c1b2aa6e1e7aa3d23131841da3.jpg,DOMESTIC_TRASH,train,domestic_trash-6100f49d028d14db,test,5cf98d640149b252478349f3b5faeed47c8c1a73f45382361082695c9aae766b,3000,4000,862773
archive/test/Domestic_trash/Datacluster-Trash-56-_jpg.rf.23f4ff8d870558adeddf4392feed6e4c.jpg,DOMESTIC_TRASH,train,domestic_trash-da5dbfee6b14dd21,test,3a71123eb2799d1d3e3c7d3396c993e4d382696d3bca33e57142f1bb432f0a98,3000,4000,709032
archive/test/Domestic_trash/Datacluster-Trash-6-_jpg.rf.6d78f91ea0855722230aea2cb40a0822.jpg,DOMESTIC_TRASH,train,domestic_trash-df5623e75c43701a,test,2e33636e72bec7ab82218a6ad9a23c02cb3e2f14bd8153963d8fd4148e9194ce,3000,4000,476413
archive/test/Domestic_trash/Datacluster-Trash-62-_jpg.rf.2318bbb778cb8fe5be3cf6cbd0b9f622.jpg,DOMESTIC_TRASH,train,domestic_trash-e78d22ad52f4081a,test,65c5cad90c02354003e6a20cbbdf2dc9694be2795bc78ad26bbea0ba8e948304,3000,4000,748314
archive/test/Domestic_trash/Datacluster-Trash-67-_jpg.rf.affc992cfa1acee13241ba2ab886dff8.jpg,DOMESTIC_TRASH,train,domestic_trash-cf5228dfef99d8ac,test,dfdf2240006dba258c6839a05aecfdeddc513d34ff5251f0ffdd5e13a2582889,3000,4000,1344747
archive/test/Domestic_trash/Datacluster-Trash-7-_jpg.rf.11d8755b9383b5534a65a900262786f3.jpg,DOMESTIC_TRASH,train,domestic_trash-0de8e4539fde2f3c,test,58ae24a0340d41265e516e548e29b571d535bf2f26e1ade5c1a77c7313a3cb61,3000,4000,1251535
archive/test/Domestic_trash/Datacluster-Trash-70-_jpg.rf.892999160c3f41b133f002aa348efa00.jpg,DOMESTIC_TRASH,train,domestic_trash-e75f85ed52d78bc5,test,2594fbe9a8dbb861de6e842dc7a8fb215f605b68061316e457b277c180de7bd6,3000,4000,556614
archive/test/Domestic_trash/Datacluster-Trash-82-_jpg.rf.157168b480e09f86b3e1543aa7a2cf7a.jpg,DOMESTIC_TRASH,train,domestic_trash-fc64b81bd95e58e3,test,644dfdf962491cec0693e6cd8021eba21c555b81c384ff8db1c17f880e718652,3000,4000,3265801
archive/test/Domestic_trash/Datacluster-Trash-83-_jpg.rf.0fa3e4be84ee5dc8b58209c8de7ece0c.jpg,DOMESTIC_TRASH,train,domestic_trash-6779f0f1aa447f2d,test,8455967ce80d887f4cbefe1cd3d4117522c615b80cdaa10a7a0dc2dd4ae784e9,3000,4000,1409684
archive/test/Domestic_trash/Datacluster-Trash-87-_jpg.rf.5204de47ba025690a61d5f0d9aaa5d36.jpg,DOMESTIC_TRASH,train,domestic_trash-3fd84962e532bf04,test,a5f96611339d05704380c5b376172d8b264228b4c96ccb722a25720570e966bc,4000,3000,2324698
archive/test/Domestic_trash/Datacluster-Trash-92-_jpg.rf.cdb60c1c096dfd1c27d3b15940c9510c.jpg,DOMESTIC_TRASH,train,domestic_trash-b8dc66698ffa5c19,test,6dbe70ec9ce62fcacc8d61dbba55bab5edfb93b0a047c7d1c0322f7ed47d3a41,3000,4000,1234533
archive/test/Domestic_trash/Datacluster-Trash-93-_jpg.rf.98959b58dc5a7b6fae304aa2d4898063.jpg,DOMESTIC_TRASH,train,domestic_trash-64e6e19ece5f24f9,test,7e28970ce0ef5a31ff7bee5445e2a954e2ae99b7c4fc37899f53843b6ab4e1d7,3096,4128,642170
archive/test/Domestic_trash/Datacluster-Trash-94-_jpg.rf.02a6421dbcd171eb857062df2a914bd7.jpg,DOMESTIC_TRASH,train,domestic_trash-92b070451917885f,test,4f83cd782f80b43c0db8d8d657520c85482eded709d4e3a43c6a259358b4f993,3096,4128,606685
archive/test/Domestic_trash/Datacluster-Trash-98-_jpg.rf.7d3a84759a984427a061a622691e5c43.jpg,DOMESTIC_TRASH,train,domestic_trash-003edace8e55c6b5,test,00e0146d4bf54b2f0e1448cd1866e6f7b6de61bfbfb8ee33b35edb9d431ee646,3096,4128,2693527
archive/train/Domestic_trash/Datacluster-Trash-100-_jpg.rf.697cb7b1711cdc8c1576e0bd88892f65.jpg,DOMESTIC_TRASH,train,domestic_trash-065578bf9fcd8299,train,cae6d49a94fe4e007aaabcb9a308e5816924b084a1985a5c46c6487a4e7b6211,3120,4160,2702260
archive/train/Domestic_trash/Datacluster-Trash-102-_jpg.rf.18caf218e514f13e2635b5a2e76bb849.jpg,DOMESTIC_TRASH,train,domestic_trash-bb4cbbc7d93d23d8,train,62cf99a506602e83bd94240e3a368d4c02323bd1e56b1ea75dab02fab913e9db,3000,4000,1734307
archive/train/Domestic_trash/Datacluster-Trash-103-_jpg.rf.5c7f34a6fda95b03a904a2feab26ec09.jpg,DOMESTIC_TRASH,train,domestic_trash-c3152b0c41d31da0,train,6427bcba3ad7c5b7fd10f299dd72350000384b5c03a00325c07bb0af7f447b24,3000,4000,1931461
archive/train/Domestic_trash/Datacluster-Trash-104-_jpg.rf.50f34c57201a9883af32283f5ee4af94.jpg,DOMESTIC_TRASH,train,domestic_trash-c7b1a4b18eb20e6c,train,5b31331251908f40cd091ad09b420454f110076360872c19c90e0510af0015cd,3000,4000,1114834
archive/train/Domestic_trash/Datacluster-Trash-106-_jpg.rf.85af2a5905c228e01585e98ac202c2c3.jpg,DOMESTIC_TRASH,train,domestic_trash-27b0abe9df2acee1,train,b03ba8696db07c2e4176ebd0d33623b4db737e58146cfb789254a5770466d29e,3000,4000,1560522
archive/train/Domestic_trash/Datacluster-Trash-110-_jpg.rf.fecac43c6dec6365726cabb60cd00e58.jpg,DOMESTIC_TRASH,train,domestic_trash-bce7dc55f6aa739f,train,c0f33a52b3d9ecf463b6ae36da8c0c69185d364a4eef9cddb838558679973547,3000,4000,2047103
archive/train/Domestic_trash/Datacluster-Trash-113-_jpg.rf.7a7f1b0dc8e18ce37bf5dc73e88bef4e.jpg,DOMESTIC_TRASH,train,domestic_trash-edd9f5325761be09,train,411fb60a6bfad02bd6242fcdbc522f293719f1aadc39c31a3a961fb591703033,3000,4000,1529447
archive/train/Domestic_trash/Datacluster-Trash-114-_jpg.rf.c2c4c296e3330e004ce6f602dc213e87.jpg,DOMESTIC_TRASH,train,domestic_trash-ea5bd474edb67443,train,2ac26884d515ff9d8ebaa9f7e861b6ff442b0bd6be17c83f3c88a9927411ed99,3000,4000,2067376
archive/train/Domestic_trash/Datacluster-Trash-115-_jpg.rf.0bf76fe1e5f3423f298afba8d0ead506.jpg,DOMESTIC_TRASH,train,domestic_trash-cd5964e8fccf14a1,train,fb20dae05e2abde8d42d976a39eee5cbf02cacc3f8107c04d72563110947b18d,3000,4000,2136807
archive/train/Domestic_trash/Datacluster-Trash-117-_jpg.rf.0398fd0e4a238cf1906ffd8efc01a50c.jpg,DOMESTIC_TRASH,train,domestic_trash-dedf0e9fb286569e,train,d37876882bd0feb0ae9a411ee4602361089a2fc9d250bfe3e64d5133703867fb,4000,3000,1518782
archive/train/Domestic_trash/Datacluster-Trash-118-_jpg.rf.1219bd074320c115dd9dcf60b77c12f2.jpg,DOMESTIC_TRASH,train,domestic_trash-fcb02846ca20c9a8,train,1aa0cfe0570f94e9b32e772ecb901608d447647ba4599b0447c0117b3fc949d1,3000,4000,1145644
archive/train/Domestic_trash/Datacluster-Trash-12-_jpg.rf.bfe599b93cde62e1340904b918f01816.jpg,DOMESTIC_TRASH,train,domestic_trash-91a6460374c656f9,train,27aa033c5e152f88197a919297ce07fdcc30edba3533603f751287ca5099dff0,3000,4000,856551
archive/train/Domestic_trash/Datacluster-Trash-121-_jpg.rf.c021ef63fb5f121f0c718c91f70a0fd6.jpg,DOMESTIC_TRASH,train,domestic_trash-fd7a2e3a337d4d34,train,3d600eae7fe430fe918b34e42d5ee36a8436eaa6e1af36b39b9e732cedb74154,3120,4160,2929069
archive/train/Domestic_trash/Datacluster-Trash-123-_jpg.rf.e5110dc1664d573d8ce988ad649cc288.jpg,DOMESTIC_TRASH,train,domestic_trash-d3c47fa6c4345fcc,train,d7bd195ed0152fd50334cb452327a7419e6a3e654d45877b77b7bb3a11d5dbe0,3120,4160,2849049
archive/train/Domestic_trash/Datacluster-Trash-124-_jpg.rf.047a82448185b75005b61928289702cc.jpg,DOMESTIC_TRASH,train,domestic_trash-fc6155f941ad974a,train,12fccb8b482c094b5f72f59bd0df36a19d58ec100780cf59a0bc3118334436d7,3120,4160,2224292
archive/train/Domestic_trash/Datacluster-Trash-125-_jpg.rf.a8eda5d98a69a99966062b3a367267d7.jpg,DOMESTIC_TRASH,train,domestic_trash-35533086aeb35a92,train,b2cc295e722ea1db68bfa68fac0aa77c9a91ee1ab687311c421391f4eae052ec,3120,4160,2528324
archive/train/Domestic_trash/Datacluster-Trash-133-_jpg.rf.9f46d2175b15d4bc3a3bcee9a7eb3e4a.jpg,DOMESTIC_TRASH,train,domestic_trash-38315534940bedc2,train,b48163c21a8fce097cd99f1bb66ed9078b9bdeeaed9ce4d068eaf382738821bf,3120,4160,2046702
archive/train/Domestic_trash/Datacluster-Trash-14-_jpg.rf.ac4cd8d0f0f94f7587e88d436df8e777.jpg,DOMESTIC_TRASH,train,domestic_trash-1e765e1f8af7c579,train,3f50bb080cb3d82b4dbcc21822d2f1fc4858e783437daa12799564fd1c174a21,3000,4000,864812
archive/train/Domestic_trash/Datacluster-Trash-141-_jpg.rf.0c541ccab2fe70d8fad202de8fcb87c9.jpg,DOMESTIC_TRASH,train,domestic_trash-0abbaa2d1f4d1ce0,train,1b36f8fbd94107d02b086e8d95c93a0f08d0b5c990ef9e254cdff1d541b34e6e,3000,4000,479475
archive/train/Domestic_trash/Datacluster-Trash-145-_jpg.rf.4d0fef34a0db1bae99b68c6bce69a756.jpg,DOMESTIC_TRASH,train,domestic_trash-ce905f33a18b83c0,train,f71005499fc48c2f45a49416bba8376ba71fe9aa586d78ef2cbb0130fe6a02e5,3000,4000,617879
archive/train/Domestic_trash/Datacluster-Trash-15-_jpg.rf.b1a0ab453d5bb61b513a3836a77210c6.jpg,DOMESTIC_TRASH,train,domestic_trash-e595fbdf29c28f39,train,eeba837887c1f896754f17e55e8aa4a2adb5a868a2a35d3d59087e466d4914d1,3000,4000,1131967
archive/train/Domestic_trash/Datacluster-Trash-154-_jpg.rf.a51ae5686d612379f8c399491cfd0c0f.jpg,DOMESTIC_TRASH,train,domestic_trash-287fbb1a80aa7f65,train,ce34d9af207640de448d7ec1367c012cf07e706012a0113e70f8fd6d9dbac95a,3120,4160,2477297
archive/train/Domestic_trash/Datacluster-Trash-156-_jpg.rf.3a3bbb49cfd56095589f675542d744c3.jpg,DOMESTIC_TRASH,train,domestic_trash-7930498bf55ede1c,train,c991bc94e81b13b2c8f98eceb4b139180a53e8ee84d4dbb1963d10ec7c430f44,3120,4160,2384027
archive/train/Domestic_trash/Datacluster-Trash-158-_jpg.rf.674da655a4da8dfdd92af85b41411601.jpg,DOMESTIC_TRASH,train,domestic_trash-1d1417d17e56e3e7,train,a7ce31692a318e0e288a27bd07a93eed5bda15ca0e40d55ee9956d517d885ec4,4160,3120,2268140
archive/train/Domestic_trash/Datacluster-Trash-159-_jpg.rf.69504857c6fe4f578be5efba6e5750c8.jpg,DOMESTIC_TRASH,train,domestic_trash-d99ac051de96bea4,train,5e3eda6812e89170431689040ee47584853fde25baab5b50249057a661e6d847,3120,4160,1686473
archive/train/Domestic_trash/Datacluster-Trash-16-_jpg.rf.cbe33050d51a73bd20bb9ac552439449.jpg,DOMESTIC_TRASH,train,domestic_trash-05b542a10df67839,train,d346ccdb2312b43fecf84af60de64e0dd228e67106fc9c85558992fb89834dea,3000,4000,1243230
archive/train/Domestic_trash/Datacluster-Trash-163-_jpg.rf.9bcf23cf15b9a519857e1b5381c335ee.jpg,DOMESTIC_TRASH,train,domestic_trash-dbe2f7d02000d4ff,train,9c4f664b328688fb6993da1916581bb9d20bb5503b78e4ac8021b89395cc97ff,3120,4160,1886650
archive/train/Domestic_trash/Datacluster-Trash-165-_jpg.rf.ecd68468a67da7dd728faf08c7bacefd.jpg,DOMESTIC_TRASH,train,domestic_trash-c67060dda2d4f362,train,bea9f062184acf511a3e474037c453c4c3ad954ffc896204ef6ed53338c3086f,3120,4160,1743070
archive/train/Domestic_trash/Datacluster-Trash-167-_jpg.rf.2c368f6df0bd66a42c32b9a41f19056e.jpg,DOMESTIC_TRASH,train,domestic_trash-496ef68958bd6f35,train,f21a5c11bdcc14ae82c57a0a73beb4ce3981af5d86d0b3372d2cc0b46719d0af,3120,4160,2061566
archive/train/Domestic_trash/Datacluster-Trash-168-_jpg.rf.2162d6f82e0a00f3dc7b524a7682a5a6.jpg,DOMESTIC_TRASH,train,domestic_trash-b54a673ab6500d6f,train,1079d93d68b71d950bdc7a8db0f4688bc1de8074f80a5f6a30e38f6cea914246,3120,4160,1878603
archive/train/Domestic_trash/Datacluster-Trash-170-_jpg.rf.df85650745479ce64d09d7a3e097276b.jpg,DOMESTIC_TRASH,train,domestic_trash-e28c45c79c0d458a,train,f353a2d47aeec1a11ab8f746f4b0fcdfd1cfc80b87eb966a90405279d32b821a,3120,4160,2214850
archive/train/Domestic_trash/Datacluster-Trash-171-_jpg.rf.da107d3b8cb1e98a615b5d32feef08a1.jpg,DOMESTIC_TRASH,train,domestic_trash-e28a9e878c780774,train,8b10b9cdd2668879f6332b57f8a892b3861c4b7927f88d1d9265d37dee8bf753,3120,4160,2108907
archive/train/Domestic_trash/Datacluster-Trash-172-_jpg.rf.3d89c6dd01b7e82e2c6249c146a83621.jpg,DOMESTIC_TRASH,train,domestic_trash-f1838c7f93ee0489,train,b2d1ff29e0ae005968e9aaa3a30aeeb08c0884a5d94adf5514b6378b0040f2dc,3120,4160,1944866
archive/train/Domestic_trash/Datacluster-Trash-175-_jpg.rf.08f9cd5f67a0183b1ea69c34b681c8c2.jpg,DOMESTIC_TRASH,train,domestic_trash-aa75d3e0b02cc6e7,train,3c2ff5b189c9931d03ad066c42d3a30b06918a1184425ee1ad83f4a9403e09e9,3120,4160,2323697
archive/train/Domestic_trash/Datacluster-Trash-177-_jpg.rf.5742926c2ffd703d05c484adbcd7ae26.jpg,DOMESTIC_TRASH,train,domestic_trash-4399919fe92b7170,train,ab92688ef3ef54cb9390c75fe4ab1a4b9e9f4abebcfeaeb5947549a9773001e6,3120,4160,2982264
archive/train/Domestic_trash/Datacluster-Trash-179-_jpg.rf.22c6d3f33fc1edaa4aa789d871675178.jpg,DOMESTIC_TRASH,train,domestic_trash-566419f70511b875,train,eb9f59c961220f78257b4c4507af115cd561261431a24a1f94f845cef6b0566c,3120,4160,2788155
archive/train/Domestic_trash/Datacluster-Trash-181-_jpg.rf.360c4810afbc39ce70515dd2eb68d85d.jpg,DOMESTIC_TRASH,train,domestic_trash-d5e1bc9c5edc8376,train,1eee04f151b01d01dd42218143e82f3a8b6fe6e16db95186f892d751d4b65171,3120,4160,2938689
archive/train/Domestic_trash/Datacluster-Trash-185-_jpg.rf.fa0ad50d26a13120712c1b0bac3bbe7c.jpg,DOMESTIC_TRASH,train,domestic_trash-43df5ecf3b13dab9,train,52e8d6fe82b64fa87cd128d819845185f74be1e81aa5a53a3059fd3174f36d8a,3120,4160,2568154
archive/train/Domestic_trash/Datacluster-Trash-187-_jpg.rf.08eb83a6f49f435acb9a4bde1ec1c884.jpg,DOMESTIC_TRASH,train,domestic_trash-9ace6f91e411dcfb,train,7843bcdbc7e2457377098314c78e051838b66749d5b341f40a9a56b32a4e806d,3120,4160,2231173
archive/train/Domestic_trash/Datacluster-Trash-19-_jpg.rf.a1e30c2773b058a2ca25edf492d8e33e.jpg,DOMESTIC_TRASH,train,domestic_trash-cba770642d78b664,train,6a78848bf7b0c098d3c1dae021c0b8894ab7cc156673f13d7de92e683519db3c,3000,4000,691884
archive/train/Domestic_trash/Datacluster-Trash-191-_jpg.rf.485a84666b6dac2ce2314add46aef366.jpg,DOMESTIC_TRASH,train,domestic_trash-afa430b7a7695e8b,train,aea257a427905237433b54050b551ccadb8e07042abf8e228a0f9bc61b4794eb,3120,4160,2118449
archive/train/Domestic_trash/Datacluster-Trash-192-_jpg.rf.c7d02fbebe0dd5ac53f9e69faa9d1d6f.jpg,DOMESTIC_TRASH,train,domestic_trash-c7b1a7a50ef13549,train,a5ff41f3a5fbe01b2b95a93e9b3bfa2f12d6d053bfd3462df64337513d5385e1,4160,3120,2382794
archive/train/Domestic_trash/Datacluster-Trash-194-_jpg.rf.4ebed5a4bc249d2ba6564857a7e25b95.jpg,DOMESTIC_TRASH,train,domestic_trash-536a8d261ff45e82,train,f45377809c2b8f59b6cb6581d8277c2b34986447309b076e6d9de77ede18c952,3120,4160,2294377
archive/train/Domestic_trash/Datacluster-Trash-196-_jpg.rf.5ad4a39f75caa6862c93972d00aee9f3.jpg,DOMESTIC_TRASH,train,domestic_trash-cb6fc22f8abe212b,train,2540eeaad35f23c553fa175f2ccb572f15619efb5e5c646b67b6fa4a0008ca3d,4160,3120,2230440
archive/train/Domestic_trash/Datacluster-Trash-197-_jpg.rf.9f16d15fd3bd2e2991aba1ae32c9dd74.jpg,DOMESTIC_TRASH,train,domestic_trash-4b9eed5b74b82d49,train,24e0fd132607269d9d1c2c6b57f3ef7f38ad0735cb10ffc591db92ab4f810728,4160,3120,2379763
archive/train/Domestic_trash/Datacluster-Trash-199-_jpg.rf.e052472776f65fb0af7764f9c3a19561.jpg,DOMESTIC_TRASH,train,domestic_trash-a9d57d6a50ef375a,train,d48f528762674df562e14d9bae6cc692a75e8348fdd8940a77a370c6637033bc,3120,4160,2048974
archive/train/Domestic_trash/Datacluster-Trash-201-_jpg.rf.c8674da48b3d0e59d5b9aa0c6b6e89a1.jpg,DOMESTIC_TRASH,train,domestic_trash-bf77a64f6a0fe757,train,412187e536ce421f3b4273a0a9129e38559c5e7a095050652c50452a598bd9fc,3120,4160,2331811
archive/train/Domestic_trash/Datacluster-Trash-204-_jpg.rf.286e360cb241f2cf778715a2a0633f6d.jpg,DOMESTIC_TRASH,train,domestic_trash-2be2ffb7082af951,train,db748137f59bf1e97e00e952abadd33640c51eab655bc4b59998090d10773d3a,3120,4160,2917359
archive/train/Domestic_trash/Datacluster-Trash-207-_jpg.rf.a7957792455914ec37e4432bdba20e1c.jpg,DOMESTIC_TRASH,train,domestic_trash-4bd9e621a5245162,train,1dd70d8d8529d899f59794c2c5303d2b235c9b70d86dad720a7502cee812a41a,3120,4160,2023833
archive/train/Domestic_trash/Datacluster-Trash-210-_jpg.rf.703937b6a4debeceaf728baafd3acfec.jpg,DOMESTIC_TRASH,train,domestic_trash-ecd0cf6487c6a5c2,train,eaeffb48a72fe07b7f05fca7a6858d2fd96e92e9e303f952d350f2d76c2eafcf,3120,4160,1924120
archive/train/Domestic_trash/Datacluster-Trash-211-_jpg.rf.ad9f96c56edc3bbcfdcf8572ef902398.jpg,DOMESTIC_TRASH,train,domestic_trash-edb11ca9987a4569,train,0f2a0ce7eecbf1cabb5a57bd78517adfda75c48470d8f5616986490c5b2a6dad,2448,3264,1982077
archive/train/Domestic_trash/Datacluster-Trash-215-_jpg.rf.45cd221efc1c6098d51424dd1ea3e807.jpg,DOMESTIC_TRASH,train,domestic_trash-f99898cd807b083a,train,a36ff801fa1c845e02d95a5e0cfa5576940926f8e08ee75bd8f9c89ad8195aaa,3120,4160,1321659
archive/train/Domestic_trash/Datacluster-Trash-216-_jpg.rf.fe27275b2e710175eb2b04bb2f4a1fa4.jpg,DOMESTIC_TRASH,train,domestic_trash-9fea944b3b34c553,train,d7654bc4c7a91f16c6582c910f424dba5cfc8c25e8ba7a539c31b10238fefca7,3120,4160,1147201
archive/train/Domestic_trash/Datacluster-Trash-218-_jpg.rf.8af0b000ccc1cde1f4c189c269be3860.jpg,DOMESTIC_TRASH,train,domestic_trash-59baff74cf9ef7aa,train,85727422eb9f12920b2b51d2dec3f6ba19ce27497d25d8700aa0ad2e64efb6d6,3120,4160,1182222
archive/train/Domestic_trash/Datacluster-Trash-223-_jpg.rf.43ec0d3801153ead52ed6a4c3257e34f.jpg,DOMESTIC_TRASH,train,domestic_trash-5249f87abee81635,train,cfe606569e2447419a21373449e8e6cae0c837c09dd35499f1865cebbdae7673,3120,4160,3346515
archive/train/Domestic_trash/Datacluster-Trash-224-_jpg.rf.5e70d9e1aa0bdc3350f371da81cd49c7.jpg,DOMESTIC_TRASH,train,domestic_trash-9e0dfca47e266e50,train,c73b05ded0f11b76a2a922acbc7a795ec29eddb63ea88e661a80c47f6510a8cb,3120,4160,2646490
archive/train/Domestic_trash/Datacluster-Trash-227-_jpg.rf.f13f2e8baf978136cb1a1b63ff9db12e.jpg,DOMESTIC_TRASH,train,domestic_trash-2488bcbf673968ce,train,de5b206509d0719b38f20c4bceb94de93cbad20a3912059f9b6ef4b301e66302,3000,4000,886640
archive/train/Domestic_trash/Datacluster-Trash-228-_jpg.rf.309119f9c0d77c8293dc65b1fdf74f31.jpg,DOMESTIC_TRASH,train,domestic_trash-a3c483f2e9bbe6e0,train,f4971494b9a3232807fd88dac33a06aa8d4784e4aca11d3d0f24ca52fd59c521,3000,4000,1001557
archive/train/Domestic_trash/Datacluster-Trash-229-_jpg.rf.ebf1b56f205b97205618a9b90de3aacd.jpg,DOMESTIC_TRASH,train,domestic_trash-9ebc548d7c77dd83,train,3f9588a933070122578f98c5df41a2af79a7417b4f0f06d5a4fee926409e2d74,3000,4000,347345
archive/train/Domestic_trash/Datacluster-Trash-230-_jpg.rf.570a9af5056d2a027cd817ae30d41870.jpg,DOMESTIC_TRASH,train,domestic_trash-69f980f899021c45,train,d9a7deaa50d7a40ab09c043ec51b73d7d2bbfd713b4ec44f337258d42f2a802a,3000,4000,425182
archive/train/Domestic_trash/Datacluster-Trash-231-_jpg.rf.d8b650643b3a887b1051b1479e0516cd.jpg,DOMESTIC_TRASH,train,domestic_trash-b889b8aa44dfffc4,train,0c12e20a791361f6057b1b3d1a0942bac6206248b71ea96c5f85d45d1fe9d387,3000,4000,3091561
archive/train/Domestic_trash/Datacluster-Trash-235-_jpg.rf.25a774cdc0404b43316397863675296a.jpg,DOMESTIC_TRASH,train,domestic_trash-23719ebcd36619df,train,9dbda1068f48eb912aa45bb94f7cce0c838fabf4ca7ea381d78123c9abdd384a,3000,4000,370881
archive/train/Domestic_trash/Datacluster-Trash-242-_jpg.rf.66aefa981458994fdf1b867240a5da66.jpg,DOMESTIC_TRASH,train,domestic_trash-190b5398a7a76755,train,20b5df34c3ecf54fcc54cea728abf1cb1a7ff832e346ef428f5b7afbadff9819,3000,4000,2068465
archive/train/Domestic_trash/Datacluster-Trash-246-_jpg.rf.fb3b67f2bd442519092fa8fe85028de9.jpg,DOMESTIC_TRASH,train,domestic_trash-a0649533f817adad,train,1e0b1703b13473dd8325708e33b1ee10188e837a34264428f85e8a7e5d58d015,3000,4000,2849141
archive/train/Domestic_trash/Datacluster-Trash-247-_jpg.rf.7ba4834bc417e00fdbac92ce4c0de58a.jpg,DOMESTIC_TRASH,train,domestic_trash-e97e147fa5b529e9,train,b58730fe93d0b636645e1211f750204da9d23da90dc1e4d04222884a48ca44ae,3000,4000,2484909
archive/train/Domestic_trash/Datacluster-Trash-248-_jpg.rf.be14483ed6f53b90c1f825771cc05c06.jpg,DOMESTIC_TRASH,train,domestic_trash-0eaed4435d30f934,train,cec2793a967792e962fd1fe8144c11f9181f48562d7a7d24e802b489312650ea,3000,4000,2393570
archive/train/Domestic_trash/Datacluster-Trash-25-_jpg.rf.c802530663038dc5b53c1a5cf9caa5df.jpg,DOMESTIC_TRASH,train,domestic_trash-03b3bd914e663a0e,train,7a9d5c2c65eb03be33ac4f42200b3bc35ae6d348a91efd97a3412c65aac5e30d,3000,4000,941965
archive/train/Domestic_trash/Datacluster-Trash-250-_jpg.rf.ba007707e3352eaf76ea61e39bccbf88.jpg,DOMESTIC_TRASH,train,domestic_trash-f7770c00705d09d1,train,3535c17bbbf16868d1edb535f8b564366700c6da29a54f7484f8470090f1474e,3000,4000,1858250
archive/train/Domestic_trash/Datacluster-Trash-26-_jpg.rf.6e76c4f357529a9af1786539d84d987d.jpg,DOMESTIC_TRASH,train,domestic_trash-99155ba97c212d32,train,63c5e7806f33e73581a864cec34defea75c4077b1a47420dc934d06cf6858916,3000,4000,963962
archive/train/Domestic_trash/Datacluster-Trash-27-_jpg.rf.be7885cbe178fc5faec8a412cfe616c8.jpg,DOMESTIC_TRASH,train,domestic_trash-68140aeb39822916,train,16546b6336e8c28dba3df54f6cf70f3f97592b376e1e6c7789a3bd060783d999,3000,4000,1121010
archive/train/Domestic_trash/Datacluster-Trash-28-_jpg.rf.b4b960742894320fecd030505320db6e.jpg,DOMESTIC_TRASH,train,domestic_trash-c76246be2eb4a343,train,95bf9f8fce9c69e38001735cfeec3f11f7c1d5280004205108582b2c650f3035,3000,4000,963670
archive/train/Domestic_trash/Datacluster-Trash-29-_jpg.rf.384fecc91181b8ae6881b3a20958e334.jpg,DOMESTIC_TRASH,train,domestic_trash-0d32aa4f6feb9bf6,train,45dbeb746f84e217f9f5cbaa0cc927f5f08f1b212b5eb658517071e774787203,3000,4000,484832
archive/train/Domestic_trash/Datacluster-Trash-3-_jpg.rf.783d78659355b78cddee0bf476ea0ec6.jpg,DOMESTIC_TRASH,train,domestic_trash-d8f3dd990f379e27,train,f6969790ff81ed1e7ba7a48441835806c53d00f11b9b0ef5cb4ab69bf2be2bd0,4000,3000,569367
archive/train/Domestic_trash/Datacluster-Trash-34-_jpg.rf.627d32d8db01c8c5b7191c13f6f72bd7.jpg,DOMESTIC_TRASH,train,domestic_trash-1efa859215829580,train,9965d90b0d0a90e4ddc7680a8d22d9b613e1bf8780358241296a87e1a7877fcb,3000,4000,679030
archive/train/Domestic_trash/Datacluster-Trash-35-_jpg.rf.a08d8c2da0629e1af0b54d30306875f2.jpg,DOMESTIC_TRASH,train,domestic_trash-59253d9620996258,train,791124ae364604208ac32e23dee961d0ce43a7d0deb45e4b84060b68d48e7d55,3000,4000,1689885
archive/train/Domestic_trash/Datacluster-Trash-39-_jpg.rf.1280d582dd7418f2ebb1c6c4aba35fd9.jpg,DOMESTIC_TRASH,train,domestic_trash-69b4e0a86cc9a0af,train,a851fbdec8b08c64cfaaac1b029a47fe93178378fdfb57f6ecb24fff24328210,3096,4128,3135458
archive/train/Domestic_trash/Datacluster-Trash-4-_jpg.rf.5b8b5d94339250553503e48980aadf39.jpg,DOMESTIC_TRASH,train,domestic_trash-daf6d3b5e130beee,train,4cbb283e9384cd8042e220944f999a73ab23bdf3d7595f4e2526c16dae443dcb,3000,4000,675000
archive/train/Domestic_trash/Datacluster-Trash-40-_jpg.rf.a57fb76a90ad9aad25f52e07fce52de3.jpg,DOMESTIC_TRASH,train,domestic_trash-634b222da308ff9c,train,6d22a362ea2f98aae402599b0d25c43cbf747f5c2b215c706f74eade98ae8ce0,3096,4128,1412049
archive/train/Domestic_trash/Datacluster-Trash-44-_jpg.rf.c657bf170e9ce80505d0f1ed47d99491.jpg,DOMESTIC_TRASH,train,domestic_trash-69830c3855b8d430,train,efe23eb9bc603d65abe693a78e46cdcabea30ff2c4c46b87743c910bc799c395,3000,4000,1144428
archive/train/Domestic_trash/Datacluster-Trash-47-_jpg.rf.4307f53c16c967e0b10e126b48815a34.jpg,DOMESTIC_TRASH,train,domestic_trash-4fc71034605a1b82,train,163ba19541bf3d4b0d81935466d45daf2f0d2413c29348d11528171687c61574,3000,4000,1861145
archive/train/Domestic_trash/Datacluster-Trash-48-_jpg.rf.c9123a38513047f1e70f3a60e4bae986.jpg,DOMESTIC_TRASH,train,domestic_trash-0937ecfb6ffa9a70,train,265bfce3bfc30aa0d783a5ffe10ff1b5cd2ace3acfadf769bdf94fa941bc5dc4,3000,4000,890530
archive/train/Domestic_trash/Datacluster-Trash-49-_jpg.rf.c2da303a82393694d2911c1d63859796.jpg,DOMESTIC_TRASH,train,domestic_trash-d6309ffabe6fd0df,train,299b8710ac0d370063032b8c7751ae0e92458529b7a74e26a1624421a8804ca3,3000,4000,1120757
archive/train/Domestic_trash/Datacluster-Trash-5-_jpg.rf.2f2bdc25ced3526e513b324e39c7d8a4.jpg,DOMESTIC_TRASH,train,domestic_trash-ded7173f4b3f412f,train,230cf076433b10297511c0475f5815dabeb4a5c74474c0eca6ee5552d8263385,3000,4000,692444
archive/train/Domestic_trash/Datacluster-Trash-51-_jpg.rf.b0aa072ddafab7af26bef333e9daab8c.jpg,DOMESTIC_TRASH,train,domestic_trash-38501de1f9865835,train,a25c83de1fe9f5c9b83f5c2bd7ea949d5be0528817f43a12473baff549aa48b6,3000,4000,736967
archive/train/Domestic_trash/Datacluster-Trash-54-_jpg.rf.c8e6c09b961da3f7e69eb18eb2b4b376.jpg,DOMESTIC_TRASH,train,domestic_trash-3021cc75749ca0d0,train,479f742b628d723bd4f39fdacb2064fd790687d68cb587870fe50262a3c0a44a,3000,4000,1147147
archive/train/Domestic_trash/Datacluster-Trash-55-_jpg.rf.3964db357de9dea4323e74c24f11f428.jpg,DOMESTIC_TRASH,train,domestic_trash-792bc4369e092f45,train,65912d25aac14479dfc91c8bdb2c0daac5b24d24e2403b7db911a628d592584e,3000,4000,656824
archive/train/Domestic_trash/Datacluster-Trash-58-_jpg.rf.3700628f93358c967c4c37db8b98ba55.jpg,DOMESTIC_TRASH,train,domestic_trash-27da38780e73cde7,train,3498cd8aef0026c161e14b0caaa8071458ba0e4a28e881cc10eda6b93cf42d4e,3000,4000,439967
archive/train/Domestic_trash/Datacluster-Trash-60-_jpg.rf.0e90274857ecc80e944109cab3adcf4d.jpg,DOMESTIC_TRASH,train,domestic_trash-561afd27fc163ac5,train,27c3dd44fb6356f3b98186a170ceae5b86718b5b85d7ede497fdd5640720650d,3000,4000,1032746
archive/train/Domestic_trash/Datacluster-Trash-63-_jpg.rf.c2a8dd5af357dc06e8ff2aa100da9306.jpg,DOMESTIC_TRASH,train,domestic_trash-00e78ffe8180e6d2,train,a0214a79de62fcccf8672a489a9b80ef33acf6407197edf59cc2847f497f832f,3000,4000,1292262
archive/train/Domestic_trash/Datacluster-Trash-64-_jpg.rf.09ad10d2016ca8f63e32b7a1cf339f5a.jpg,DOMESTIC_TRASH,train,domestic_trash-82ed1c0f24ecd514,train,582a41ba67c205bd893935fd50c8227edab0aae942c31e911fb236f2dc75188e,3000,4000,1461148
archive/train/Domestic_trash/Datacluster-Trash-65-_jpg.rf.453ed81f80d1a11c0eae20e2be5f9d60.jpg,DOMESTIC_TRASH,train,domestic_trash-ee4f7f1841a9031c,train,2ed3b99614c4133fb3183e7c8d42f604feae55105cda1f83b169ffcf0c866ae6,3000,4000,1821382
archive/train/Domestic_trash/Datacluster-Trash-68-_jpg.rf.6884452cfe29c573a64f2b6875cabfd5.jpg,DOMESTIC_TRASH,train,domestic_trash-085ecdeb2cc9fdf5,train,c4b303d18ed228e4954b667571ded7136d991d491762d26faa5a7f853adce2b8,3000,4000,1097951
archive/train/Domestic_trash/Datacluster-Trash-69-_jpg.rf.91316384720b458fe798de60dfe8b80f.jpg,DOMESTIC_TRASH,train,domestic_trash-028b08ab026638f1,train,6d753077d8733eb07b16b24e84dd14f8a1d921417b9752e209ab4798f0334340,3000,4000,606764
archive/train/Domestic_trash/Datacluster-Trash-71-_jpg.rf.f372f4d718b02a5e8c4d0b1c50560df1.jpg,DOMESTIC_TRASH,train,domestic_trash-43565df09632524f,train,9c275332aff47d1f4e34605dbcf6a75d51064467609ac97b715f625bb3322f01,3000,4000,503536
archive/train/Domestic_trash/Datacluster-Trash-72-_jpg.rf.dc6a3181b9f367dfc41b2e0bc4de5e46.jpg,DOMESTIC_TRASH,train,domestic_trash-27e471a396de94f8,train,053389972c2e414a41011becc61aaf55bea2fe466ed1195111c1bb81dd42a591,3000,4000,486711
archive/train/Domestic_trash/Datacluster-Trash-73-_jpg.rf.6d76728b796e8b1355bdd516ce96f600.jpg,DOMESTIC_TRASH,train,domestic_trash-08e1c905eedc00ed,train,fe06a5728b6a23bd283e2ffba1f3359c80d986fc189225bdcb5d0fb9485031c4,3000,4000,442208
archive/train/Domestic_trash/Datacluster-Trash-75-_jpg.rf.aaada4012370708e81a1f6b06358787c.jpg,DOMESTIC_TRASH,train,domestic_trash-8df53eea12dcc8e4,train,964afd2bf41fa996343479a4a8f25e595acab39aa2f986147b90177fcfa52bab,3000,4000,546184
archive/train/Domestic_trash/Datacluster-Trash-79-_jpg.rf.5327433fe3913199e3084e6bb48b70d1.jpg,DOMESTIC_TRASH,train,domestic_trash-7d4605c37f8fef33,train,2598b85745895794532b2b4941528087d2b8d69a1301ae08e5e79b6aa3ebf41a,3000,4000,2519363
archive/train/Domestic_trash/Datacluster-Trash-8-_jpg.rf.8a2d756025e73d708d346cd054489f34.jpg,DOMESTIC_TRASH,train,domestic_trash-e400c8f54e50d400,train,bc920f96ca25bb05a8838faddfd10133bba95d4f801796360262a93dcefd4e2b,3000,4000,975426
archive/train/Domestic_trash/Datacluster-Trash-84-_jpg.rf.30b5f90471dbc2c9eaa8d602a2d6187e.jpg,DOMESTIC_TRASH,train,domestic_trash-405a6f88256684d9,train,5fb535acbf641c92faceffc33a8a32b82889a7e382173e0ce5621d167174d150,3000,4000,1850641
archive/train/Domestic_trash/Datacluster-Trash-90-_jpg.rf.46c51524c347a2fcd14be677de5198fa.jpg,DOMESTIC_TRASH,train,domestic_trash-168bc56931c35835,train,2658dab54452e0c3a131bc58a62a74596923d053838bdfef4a495be03dfb69e3,3000,4000,1037817
archive/train/Domestic_trash/Datacluster-Trash-91-_jpg.rf.0692459bb3c498fcdb83b4c8e4d7992d.jpg,DOMESTIC_TRASH,train,domestic_trash-c52390d3b89f0bb6,train,67436570e118896f808e0929e61487fced81f1fc010b1c06109079e71dcf2996,4000,3000,826866
archive/train/Domestic_trash/Datacluster-Trash-96-_jpg.rf.0e307eea8df52e19de573a62f53ca35e.jpg,DOMESTIC_TRASH,train,domestic_trash-d062f6dde425ef4f,train,d4e75ff2aeeed6afe278754786aabaacd448f6322da9fd131c8a5d3644eeefb7,3096,4128,2283033
archive/train/Domestic_trash/Datacluster-Trash-99-_jpg.rf.6c09cf67cdd1b029c63ce6f1c6c44101.jpg,DOMESTIC_TRASH,train,domestic_trash-535bae19bc7c77fc,train,acd369984aa1b410e157a73197e529a118ceb331b03eed358f9d42fa2307f746,3120,4160,2718810
archive/test/Parking_Issues_Illegal_Parking/2013-02-23_06_10_00_jpg.rf.d6d76c385996b77b4cce196b14eec3f4.jpg,ILLEGAL_PARKING,train,illegal_parking-3f17aa139689d711,test,0b1137bcd67b621a2532663fd3736a4d9afbba56da9fb8b60eefd745b0898d76,640,640,47815
archive/test/Parking_Issues_Illegal_Parking/illegal-parking-109-_png.rf.83f1c6f61a417763ea5531d4aab69932.jpg,ILLEGAL_PARKING,train,illegal_parking-8ab3b64f5efe08ce,test,77c0e0414b2d4f22776b28212855998595a4493745b3baef2fb450f4355ab7fa,640,640,41728
archive/test/Parking_Issues_Illegal_Parking/illegal-parking-111-_png.rf.e45c75054e1fa6fb6c20b8916b0509ea.jpg,ILLEGAL_PARKING,train,illegal_parking-7bd9fdbe94603734,test,c46e70b5f49854e0a28261f70cbe873b2e5e6155c47e98ceda28f7b5e2ee5d81,640,640,31872
archive/test/Parking_Issues_Illegal_Parking/illegal-parking-129-_png.rf.3a9d75b7221aa4033a0955c50c7a5d01.jpg,ILLEGAL_PARKING,train,illegal_parking-155fa956bc72f8cb,test,d34bcb25c81b7feb02d97e9eefa5e30840699838755be7e0d1d18ee165dc087d,640,640,29210
archive/test/Parking_Issues_Illegal_Parking/illegal-parking-138-_png.rf.830b6565fd2c348ce2bc83edbc1b1b48.jpg,ILLEGAL_PARKING,train,illegal_parking-cf3bd59bb25db045,test,d2d40dca5e359e5f0320d7e5cded80b9186ea7e0a8d0f183b6752cdb05ed6dc5,640,640,52570
archive/test/Parking_Issues_Illegal_Parking/illegal-parking-140-_png.rf.bce7ab5adf656c5ae3eb8741851f9588.jpg,ILLEGAL_PARKING,train,illegal_parking-99bdc851d1aa14ad,test,f61598fa91cf4474c4024542385369674b15253cc1c938d5c6ee366a55fde1c3,640,640,42124
archive/test/Parking_Issues_Illegal_Parking/illegal-parking-149-_png.rf.8cc86f29088b4d81ba368562aaea25e9.jpg,ILLEGAL_PARKING,train,illegal_parking-4a51de694a7cf687,test,6581e1c5c73a19aaf839aa52419c09cb17dadfc68d985d3006576d4a4f03ba62,640,640,59531
archive/test/Parking_Issues_Illegal_Parking/illegal-parking-15-_png.rf.3e3f5721b187d5e8cfbf724fc75e185c.jpg,ILLEGAL_PARKING,train,illegal_parking-d78ac12c121f2e90,test,eb4eba7d8bebb2e966d51a9eaa84ae95235b75aa1c8c1563a3cf36c5c6f83f6b,640,640,34297
archive/test/Parking_Issues_Illegal_Parking/illegal-parking-154-_png.rf.3ffba928fd7cf12ffb176cc1de967d96.jpg,ILLEGAL_PARKING,train,illegal_parking-c5a8a90516a0feb8,test,60e88e609614c8a732d38ec3032304a60fce3154ac99000817f12bb597dcc1d8,640,640,50792
archive/test/Parking_Issues_Illegal_Parking/illegal-parking-166-_png.rf.33c1d9e6abd39b407d44f01c5befe7f1.jpg,ILLEGAL_PARKING,train,illegal_parking-be8f26bc835e3aeb,test,bb3f6fee1b7ecadb3671edb4da0ad42ee3d5bf2b665111d0d1c4a0b320951d3e,640,640,34645
archive/test/Parking_Issues_Illegal_Parking/illegal-parking-175-_png.rf.467359e93b47f74751a5a18533d7ce80.jpg,ILLEGAL_PARKING,train,illegal_parking-7541eacff257190a,test,a5cab4f5cbdefd85e6a4592f1d43cc4747d3b64a7b0e44ecc3771cc315eaab16,640,640,33976
archive/test/Parking_Issues_Illegal_Parking/illegal-parking-179-_png.rf.a207885f764c5a503329a47e560fa3ae.jpg,ILLEGAL_PARKING,train,illegal_parking-34f3bb8c5c82a289,test,3c1c6e113cfc8ae705fec455dd7863c475fa17f31c50f12b1bda37c6c5bab949,640,640,38080
archive/test/Parking_Issues_Illegal_Parking/illegal-parking-188-_png.rf.bae7016051fd181a09b84bea155cc5cd.jpg,ILLEGAL_PARKING,train,illegal_parking-3458483560fc4c6a,test,0d060e9385b37c054f3f8ae31ca7a9224d2887fcd697bcd8b4270dafc94ebbf7,640,640,32152
archive/test/Parking_Issues_Illegal_Parking/illegal-parking-215-_png.rf.f8673c7c54b8f85634da5ef6e2d41c3d.jpg,ILLEGAL_PARKING,train,illegal_parking-1949c827a5d474f3,test,6988553404549192d8ecdee02f179f49f2ec6091ddb3086670593584e99e22f9,640,640,41775
archive/test/Parking_Issues_Illegal_Parking/illegal-parking-222-_png.rf.234890e188cf38fb8c1aab5beb6afcb3.jpg,ILLEGAL_PARKING,train,illegal_parking-acae0f44751ff97b,test,32ba3cef1e1042457964edc0ce7d3abf6db59f837168ec79efbff4640b9f7a00,640,640,31026
archive/test/Parking_Issues_Illegal_Parking/illegal-parking-228-_png.rf.3f62fa8c0de2a454de4ca7eb5a99d910.jpg,ILLEGAL_PARKING,train,illegal_parking-08ca091cf9aed0fb,test,5452a30f9d66c1c83e84b43cc237c7405ffdd76bf15cf7cc9c7779142d3da1fb,640,640,31313
archive/test/Parking_Issues_Illegal_Parking/illegal-parking-232-_png.rf.2f3025265e7a5d4628aacd63d58093b7.jpg,ILLEGAL_PARKING,train,illegal_parking-62ce786f0a920eb2,test,2419d27dcf4679bb28be861acf45ad761e9ef0283c85cd1d378cbd38e8839627,640,640,34735
archive/test/Parking_Issues_Illegal_Parking/illegal-parking-233-_png.rf.3dcc7e3952750da1ce56a564fbfc0c16.jpg,ILLEGAL_PARKING,train,illegal_parking-a7cf306674399ed9,test,914fc5b79dad49119e0006730fe7b6878b927bd800424190d218eba85ee9c63c,640,640,30754
archive/test/Parking_Issues_Illegal_Parking/illegal-parking-239-_png.rf.ff3b6651fe1fcd72cdbf2af05700fc96.jpg,ILLEGAL_PARKING,train,illegal_parking-5834582640697e8b,test,4a369ae5e29121c9a8534ed828da62f74be282dbfe652c94da5ee4bfd3e9d006,640,640,36364
archive/test/Parking_Issues_Illegal_Parking/illegal-parking-253-_png.rf.ce7e3b63022faefd006507f38fc9abfc.jpg,ILLEGAL_PARKING,train,illegal_parking-8a42e8a2c720c5fa,test,3ee9c59f4cb967d5752aad8b86d29013cb96c631544f18bcc938f9a603e3b13a,640,640,44814
archive/test/Parking_Issues_Illegal_Parking/illegal-parking-254-_png.rf.faa3b538d3186ef2bac4bb6f007752a2.jpg,ILLEGAL_PARKING,train,illegal_parking-3e1274ae29e15662,test,2f9b85054f0270b282b91865bda7fb22c8a8cca3c645c90ffaf8cd3007a62d8c,640,640,43022
archive/test/Parking_Issues_Illegal_Parking/illegal-parking-271-_png.rf.c6702d5299ba92c1aeaa4b62e7537e32.jpg,ILLEGAL_PARKING,train,illegal_parking-366acb0427637ace,test,ad364fd6a1aceae48447483ca3b790d2fbc40f01fb7429a0a705b1fb7cdf7894,640,640,72236
archive/test/Parking_Issues_Illegal_Parking/illegal-parking-292-_png.rf.3c5f5f2600d01b1895447dddc62f82a6.jpg,ILLEGAL_PARKING,train,illegal_parking-0c35684eaf6ede07,test,7e91d4947ddc40f9662c12478a974437bedcc098c3f858765e7dfd36e035cdef,640,640,26443
archive/test/Parking_Issues_Illegal_Parking/illegal-parking-302-_png.rf.3578b89d2d59949b46d3dbd08061da12.jpg,ILLEGAL_PARKING,train,illegal_parking-4cb7e8f5a66a8220,test,f5c18d8557c91d322a21cf877132a62368486dc335e971b84636fa70fc82c7aa,640,640,32930
archive/test/Parking_Issues_Illegal_Parking/illegal-parking-305-_png.rf.2eb76aed36142fbf8741635f9fae78a3.jpg,ILLEGAL_PARKING,train,illegal_parking-be7ab883ea5ce089,test,eb0a15d5915b23112cf4922ccf6bf070cdef4eb215d40ae5b8826fdcec178e17,640,640,37022
archive/test/Parking_Issues_Illegal_Parking/illegal-parking-320-_png.rf.430c199b065b9099a9dee30921f9a2b2.jpg,ILLEGAL_PARKING,train,illegal_parking-6961f3b06c312aa1,test,3867289ca80d8113e7ce77101e86c8d94a0dd4852f6dc6874188bbe476655e4b,640,640,43386
archive/test/Parking_Issues_Illegal_Parking/illegal-parking-332-_png.rf.6934b23d9149fe8b783a3e2e009abea3.jpg,ILLEGAL_PARKING,train,illegal_parking-6511e42193efc88b,test,5eb68554544c2f87e9361d75f2f5e5aa7483721d005b1e6857d8a6819c967c82,640,640,37678
archive/test/Parking_Issues_Illegal_Parking/illegal-parking-345-_png.rf.9f9aaa43227529e26f61c64470536e13.jpg,ILLEGAL_PARKING,train,illegal_parking-65430bb0b010ba39,test,31b240160d0adbe8b47215c8b573ac059d3e6f35638087c74a0792af1a76586a,640,640,37570
archive/test/Parking_Issues_Illegal_Parking/illegal-parking-346-_png.rf.b0ed7e61eef3f116b87259c7717c1c64.jpg,ILLEGAL_PARKING,train,illegal_parking-dbc9f84fd525d113,test,0ea38c906b01e9ec44c234831ae5abc46209df599de576e67c784f52333240d9,640,640,38388
archive/test/Parking_Issues_Illegal_Parking/illegal-parking-354-_png.rf.9ec66c12be6637f57673810af59f51c1.jpg,ILLEGAL_PARKING,train,illegal_parking-f31fb9e3776aee13,test,d21e08d1ec027eb777354b0e1fb936f9295b6538fc7f6322fa53d6bb41d9ba17,640,640,33925
archive/test/Parking_Issues_Illegal_Parking/illegal-parking-355-_png.rf.2104d027afa8db0a04c6bf88539195bd.jpg,ILLEGAL_PARKING,train,illegal_parking-96461db933fa127c,test,d856c5b74898aa414883ec3ecaaa412d16b92c4107ac3de1f17475c571095143,640,640,45240
archive/test/Parking_Issues_Illegal_Parking/illegal-parking-359-_png.rf.2b24619651e08553b4753b67a833eaa8.jpg,ILLEGAL_PARKING,train,illegal_parking-a32597143d60bd2d,test,ea37333aced53360c8e460598eb8135ab66914f6db2b55eb0bb3a2cc27c75646,640,640,43293
archive/test/Parking_Issues_Illegal_Parking/illegal-parking-36-_png.rf.30d3d0ddc93de3a89815bbf392d8aa66.jpg,ILLEGAL_PARKING,train,illegal_parking-9d71a0b987ad8c8c,test,6c17cfee343b2a6c420de4680940a0548705a60123ef4a1542dc30197f5977cc,640,640,55863
archive/test/Parking_Issues_Illegal_Parking/illegal-parking-364-_png.rf.e59ef0c5700045129cef5e3101945fde.jpg,ILLEGAL_PARKING,train,illegal_parking-56b67d9baed52bed,test,ec4cd3d8dd2ac26710c7df921bff5c43b15358dcef0abb4fc2c8af10b8df34dc,640,640,31995
archive/test/Parking_Issues_Illegal_Parking/illegal-parking-366-_png.rf.7d186117644bbbecbd20a922ca1f94a7.jpg,ILLEGAL_PARKING,train,illegal_parking-c4a8d6f9903885fa,test,cad29ebb69f3833e2e70b4d0ec0e82259b050f5fe00dec050b5dc1783d80c9ee,640,640,28086
archive/test/Parking_Issues_Illegal_Parking/illegal-parking-371-_png.rf.95d12ad60e32dd59981ff77be67b5c19.jpg,ILLEGAL_PARKING,train,illegal_parking-45a971dcf2a5fc88,test,2db7b455f5fdb3b6bcb128f2fe3fb72867236b1c688a1af6450698deeb1d9925,640,640,40528
archive/test/Parking_Issues_Illegal_Parking/illegal-parking-380-_png.rf.9d5531b302b16478b5ac76c81ea6b899.jpg,ILLEGAL_PARKING,train,illegal_parking-4b8dcf15accb7dfb,test,046613c83728d594adc249eeab2e77e960dcad2d31b640994ad29f131ab280f0,640,640,36551
archive/test/Parking_Issues_Illegal_Parking/illegal-parking-39-_png.rf.c6a47d4b29a64bd90ddf90c203afb82d.jpg,ILLEGAL_PARKING,train,illegal_parking-69c0d717e07d5142,test,2df60f358f93dcdb97e424ef77712d69c5ce2471e1ce197876c00e216ba23655,640,640,34994
archive/test/Parking_Issues_Illegal_Parking/illegal-parking-402-_png.rf.dc3e78f497fbc3a83a73d2d36007a8d1.jpg,ILLEGAL_PARKING,train,illegal_parking-29094e1d6fa39b9f,test,aa265cdb231382a9786d11093354073ff84c5df8367ae19f2788367abcb36a93,640,640,45598
archive/test/Parking_Issues_Illegal_Parking/illegal-parking-406-_png.rf.6be2741605ab1e0fd99f99bd47d99d5e.jpg,ILLEGAL_PARKING,train,illegal_parking-c4da385764573954,test,3c6a6aef86c79d5d6a645f80c66dc7b4b70b2a75c35e991c10db78b5a10ab31b,640,640,39816
archive/test/Parking_Issues_Illegal_Parking/illegal-parking-409-_png.rf.4bed4c5da80be3552680fa642c57193a.jpg,ILLEGAL_PARKING,train,illegal_parking-a8141dc0d50a5665,test,28ad471a03f563a221507b3bf3fa0152817163ace1a75526764e679f30d67fc1,640,640,31766
archive/test/Parking_Issues_Illegal_Parking/illegal-parking-412-_png.rf.af9bca707bc287f07414e669454a386a.jpg,ILLEGAL_PARKING,train,illegal_parking-ecacb3660d2df5ca,test,8761dbff6631d6b303edf75f2b431d8e9baee181c5a948b5d96017ea9d46150e,640,640,32187
archive/test/Parking_Issues_Illegal_Parking/illegal-parking-414-_png.rf.01fb758aa0eca6d867b0e7a515d7fb9e.jpg,ILLEGAL_PARKING,train,illegal_parking-31239a7d105689c4,test,0bfc14431c1fe605a1bbb8d52bf7a7a212cfeea677f99dc2659028e15177c0a4,640,640,33947
archive/test/Parking_Issues_Illegal_Parking/illegal-parking-422-_png.rf.ee0a4faef95f931b1fa9d243ebe44cf5.jpg,ILLEGAL_PARKING,train,illegal_parking-5f53d03592c00181,test,52ffd6109c79fa5cf2991b0b906679e1c7340fe52793a4a5c65b055957672894,640,640,30221
archive/test/Parking_Issues_Illegal_Parking/illegal-parking-424-_png.rf.faa253a44a5f9d243ae92f849fa1c1b4.jpg,ILLEGAL_PARKING,train,illegal_parking-b601dcb3fe06d7f5,test,762d9a6db24a80cea310733b472afffe9b14578f0028431a1be6daa31a3c83f6,640,640,32512
archive/test/Parking_Issues_Illegal_Parking/illegal-parking-427-_png.rf.2ee0820f3dbe5c9e41127741afd27505.jpg,ILLEGAL_PARKING,train,illegal_parking-1201ba4071b12e46,test,9368ee967ee9a96770fc61aec89f81014df406a4c623d8c525e209e2c44f9d44,640,640,33915
archive/test/Parking_Issues_Illegal_Parking/illegal-parking-440-_png.rf.e705216b48c58e6ea401e9a57a916eca.jpg,ILLEGAL_PARKING,train,illegal_parking-561c4416bf2c08fd,test,552119378e7bfcfbe623d83011089ca2efd62710743090a16f758139cd964c3a,640,640,33899
archive/test/Parking_Issues_Illegal_Parking/illegal-parking-444-_png.rf.a2cd06dcfc242b7d30ebe28805eab551.jpg,ILLEGAL_PARKING,train,illegal_parking-7ae333080623c588,test,46d216a759872191bf11a9e36b721ec887cb8e514d580f18d8479b21ae90b73c,640,640,30284
archive/test/Parking_Issues_Illegal_Parking/illegal-parking-453-_png.rf.2582197c5bbf68570b2cf864c199c0bf.jpg,ILLEGAL_PARKING,train,illegal_parking-a9e4757902a92c8f,test,84f60674e904d789eba7b2fcbbb75dd2c3ede97110556cb4e55ca365df92b4f4,640,640,43655
archive/test/Parking_Issues_Illegal_Parking/illegal-parking-465-_png.rf.eeaaf046adbbf91eae7a425ab3cfbca4.jpg,ILLEGAL_PARKING,train,illegal_parking-3ee42c9209513bb2,test,d3ad2af78f3607e46a346ce5a72d68835e5e4ed3414cb4a727b173a19e88b2fe,640,640,35734
archive/test/Parking_Issues_Illegal_Parking/illegal-parking-466-_png.rf.44f04001517d956dfbbf47b6bdb0bbdb.jpg,ILLEGAL_PARKING,train,illegal_parking-1c3970a2fba3ba9b,test,7cd94747f87f107019021b2f9320949cddf6e598e04ac4042b23d17145f29058,640,640,35757
archive/test/Parking_Issues_Illegal_Parking/illegal-parking-473-_png.rf.c4543473b5153ac499559e51eef9267f.jpg,ILLEGAL_PARKING,train,illegal_parking-4aed652eec40a03d,test,e51e8150246c9ec2b2df75322ef06b3142758230c716cf1db156eba1fcf93772,640,640,46825
archive/test/Parking_Issues_Illegal_Parking/illegal-parking-474-_png.rf.aed59b2670f1729428ece7454d9eba73.jpg,ILLEGAL_PARKING,train,illegal_parking-daa37883842e8384,test,d54615697e5bcfb678776139ba14f59df66e8cc6b2c3ae509bba40f6a9860cd5,640,640,48078
archive/test/Parking_Issues_Illegal_Parking/illegal-parking-477-_png.rf.08319a20cc13bbded6cfe5de4c117c54.jpg,ILLEGAL_PARKING,train,illegal_parking-72dec5233ae8f613,test,b7f9b26faefb3b13fa66d76962302c97073b1f87b52afa6faa8077798e571be2,640,640,31809
archive/test/Parking_Issues_Illegal_Parking/illegal-parking-51-_png.rf.2719320a4bf3b894360d3ab4f8e8c544.jpg,ILLEGAL_PARKING,train,illegal_parking-89a3ae552f5c9113,test,95c64f6393621ecbaab7cfc494ddec8a06a8a50a918fa55eb3c5383a26125a96,640,640,41184
archive/test/Parking_Issues_Illegal_Parking/illegal-parking-524-_png.rf.98917c73a2ece491612a35ebdfd0ae3a.jpg,ILLEGAL_PARKING,train,illegal_parking-b6c1502a72b6b72d,test,86c995f6105977cf99623f59ff9dbe01c34d4985cf55401d3230ea1398630730,640,640,77002
archive/test/Parking_Issues_Illegal_Parking/illegal-parking-548-_png.rf.f19c0ce42cada5a6d5e1057929466750.jpg,ILLEGAL_PARKING,train,illegal_parking-e36c3cc3c6a23909,test,b4c11ef0ef36f267fdeb53076518fddf7e3a1de89a9ca8a7138a42806f38bab0,640,640,29567
archive/test/Parking_Issues_Illegal_Parking/illegal-parking-551-_png.rf.de79f39d42ae549fd4816cbad08dbf85.jpg,ILLEGAL_PARKING,train,illegal_parking-73b3ccd58c970dc2,test,13c0ccadee6e60c8cc0ce2a1b74065cdcbc47c2f657d47b2b950fa6bacb0113a,640,640,50861
archive/test/Parking_Issues_Illegal_Parking/illegal-parking-56-_png.rf.447567c085aac34707c7c2dbabef67d9.jpg,ILLEGAL_PARKING,train,illegal_parking-cd176f05fa10eeec,test,3f9e96ff01323683dbaa9d96fa83b68f1acaa7f1c70229e136eb55bcb4a63876,640,640,31597
archive/test/Parking_Issues_Illegal_Parking/illegal-parking-564-_png.rf.dc799d9c1cff05bf403f7bbd30ef1308.jpg,ILLEGAL_PARKING,train,illegal_parking-f054d7906cf631e7,test,94b1a1ad6e54bf757ec81ed4a2c41213266496bb4070284ef82502f8d356f606,640,640,31116
archive/test/Parking_Issues_Illegal_Parking/illegal-parking-584-_png.rf.c6d8914386b1ab499e7b347a317d38ad.jpg,ILLEGAL_PARKING,train,illegal_parking-78e083e4c381b4ed,test,daaefb57b8d28fdfca1de7ebef3984af3dc49c7e1f363c8c342660af28039075,640,640,43096
archive/test/Parking_Issues_Illegal_Parking/illegal-parking-61-_png.rf.821886d9ee3860c8ad07fb0d9dcbd20d.jpg,ILLEGAL_PARKING,train,illegal_parking-822c84c01dc5d993,test,acaf50ea0a215cd9423db3cc1f48a38752834c906054e430c65e021469c1852e,640,640,54719
archive/test/Parking_Issues_Illegal_Parking/illegal-parking-627-_png.rf.e9821c2d44291df64cdb02d27bac8b33.jpg,ILLEGAL_PARKING,train,illegal_parking-64bfb6aaca0626f8,test,41275f80b49f18c78a8b1bc61b2f8db29cb1f02e99ef6a0dc7c2d6e8a52274e4,640,640,39799
archive/test/Parking_Issues_Illegal_Parking/illegal-parking-640-_png.rf.7a6ab203005e2a7b39be21f5eb3a06aa.jpg,ILLEGAL_PARKING,train,illegal_parking-996f07d3f3996e12,test,b3f2730b22718b5973bb426edd0facea654e8f9dae7896af21d98cca2dc6937a,640,640,29799
archive/test/Parking_Issues_Illegal_Parking/illegal-parking-645-_png.rf.ece32f353c3d359f31af107fdb41febc.jpg,ILLEGAL_PARKING,train,illegal_parking-290b3792433c10d0,test,d825310b42cae85194d4f5651804c3dfb248e4a71cfba09eb4c841b12310295d,640,640,36995
archive/test/Parking_Issues_Illegal_Parking/illegal-parking-65-_png.rf.e5da10a16c6271740cff3f1e369181e8.jpg,ILLEGAL_PARKING,train,illegal_parking-bf5445fd2e9b6c54,test,03550c26ea8f87f28f01111139e9005786e587df5f8569378a4fdfebccf9d77f,640,640,42373
archive/test/Parking_Issues_Illegal_Parking/illegal-parking-672-_png.rf.4bb1a300e4a7efa7db090695cf714e70.jpg,ILLEGAL_PARKING,train,illegal_parking-b2e560d4e15a3add,test,2593bcd92892ce12cac6869026be39dd470582dd858d87643f72713896d50aa5,640,640,35360
archive/test/Parking_Issues_Illegal_Parking/illegal-parking-688-_png.rf.73ce6f7031d6fab9f0cb89643fa5dda9.jpg,ILLEGAL_PARKING,train,illegal_parking-7162f90228bf1a61,test,a9f362c758dc379882bfb570bc435b534d13c9b9a0c0beae080ffb7ef497c062,640,640,48384
archive/test/Parking_Issues_Illegal_Parking/illegal-parking-71-_png.rf.b7c1a6e553236ad6a3952214c0dbcf1f.jpg,ILLEGAL_PARKING,train,illegal_parking-9d251990463995a3,test,7f48e2d1d07899a6fabdc6290a8c2e150d0e0d2cc9f29e41d060779154428e0b,640,640,34659
archive/test/Parking_Issues_Illegal_Parking/illegal-parking-804-_png.rf.491deac25c7b9d983b994633a3162a68.jpg,ILLEGAL_PARKING,train,illegal_parking-e42c8faa904cd5e9,test,863e56f696ddd8b830491c198393c3c676796c1bdba787521207515481931759,640,640,39307
archive/test/Parking_Issues_Illegal_Parking/illegal-parking-805-_png.rf.0ca37f5e01cdbfd8429c7e0dc96bb5ca.jpg,ILLEGAL_PARKING,train,illegal_parking-b9c5eb008384dd44,test,3ae720736c7d9ce45b72f7e841d7f6913f075dbed9e79cb8325715502caea435,640,640,32973
archive/test/Parking_Issues_Illegal_Parking/illegal-parking-808-_png.rf.801b8295791e96c34fa0bc592adf6b7f.jpg,ILLEGAL_PARKING,train,illegal_parking-4685668def6df8dc,test,7f53579bc932952117a05cd462e7ca322e3b19c5dc234eed7a3246af24233b57,640,640,31262
archive/test/Parking_Issues_Illegal_Parking/illegal-parking-815-_png.rf.d4b9c9b5ac75fea56e564f5af7bd65f6.jpg,ILLEGAL_PARKING,train,illegal_parking-02fa2b8afde91b40,test,82b067da75073f11557bc76160571e0daa3d6313bd042df6c7d036369ceac311,640,640,47602
archive/test/Parking_Issues_Illegal_Parking/illegal-parking-90-_png.rf.d0d04ea96e3b386b33f3f2387227b4d0.jpg,ILLEGAL_PARKING,train,illegal_parking-e8085b12b2513611,test,9d02f00ec4d4280400d072423c4da3eefda6cb2fc6edca481ca26cfef737dc5f,640,640,60804
archive/test/Parking_Issues_Illegal_Parking/illegal-parking-92-_png.rf.67fdd76760088c3a61911b1734bff8ef.jpg,ILLEGAL_PARKING,train,illegal_parking-0981613f62b35a02,test,e5a0c006b79b6ad2acc0b03d94a3e3731f4dd7512dfbfa6b9f7526e028868ad1,640,640,32353
archive/test/Parking_Issues_Illegal_Parking/illegal-parking-93-_png.rf.fb6c4e50f228db8cbad3fa0f79db1390.jpg,ILLEGAL_PARKING,train,illegal_parking-ee3eab630e248524,test,e39d50def014ee3c4fd9507676334791f234752075c8818c7acde653dd6728a4,640,640,41395
archive/test/Parking_Issues_Illegal_Parking/images-4_jpeg.rf.1fcdabde97a31c33f316687b76ed18dc.jpg,ILLEGAL_PARKING,train,illegal_parking-b7398c09bb005978,test,05fdb1b0cd3a14f59d5ec7548de94784b2947e67559b7f62c25bb1817cdd5d8a,640,640,69622
archive/train/Parking_Issues_Illegal_Parking/2012-09-11_16_48_36_jpg.rf.133f6cd91b5717810972a516ab9f1a36.jpg,ILLEGAL_PARKING,train,illegal_parking-9fdd4369ee2672bb,train,9c724f498a223c3818ee02cc9396eb36d3cfaf73611021f8605d7da9b6727348,640,640,58877
archive/train/Parking_Issues_Illegal_Parking/2012-12-08_13_25_09_jpg.rf.5fa26c9ce298576b845d5f9891786ff8.jpg,ILLEGAL_PARKING,train,illegal_parking-f42b98f6648987ab,train,524cab81384a88fde2137e07181bcdb1781be050c96ddcb76a6b56e82f52ddf8,640,640,57658
archive/train/Parking_Issues_Illegal_Parking/2012-12-11_15_36_07_jpg.rf.cc714fa3f7113f3805ae8eaecfe08d47.jpg,ILLEGAL_PARKING,train,illegal_parking-ba2d1ff96a986428,train,ee730e235ad1e5299ee924c85ff75b39ff07577291ffa8cb6b76b08f37d37669,640,640,78576
archive/train/Parking_Issues_Illegal_Parking/2012-12-12_13_05_08_jpg.rf.c54fa2feb481262c11bc01ece40a71dc.jpg,ILLEGAL_PARKING,train,illegal_parking-1169e1d4265345ce,train,0ae232734bebf3cb63c6c6cf9a4c89081f511ea32909255879db7518ac9009ea,640,640,85783
archive/train/Parking_Issues_Illegal_Parking/2012-12-13_13_10_09_jpg.rf.b508db463098aa06e2a0b7792d20d3a9.jpg,ILLEGAL_PARKING,train,illegal_parking-82c020b81fe2bf9a,train,4918f88b3e6ba5e0831ea4dd7a207a3c44a7818c1a19ed3a012763eb8429566e,640,640,73964
archive/train/Parking_Issues_Illegal_Parking/2012-12-15_09_25_05_jpg.rf.d6d6fbf622a9d201abeb185ab45fd01d.jpg,ILLEGAL_PARKING,train,illegal_parking-ce3470b5bd25b0ef,train,a26545919445faa218314de53e90cf33061a7fbc693d17b10dfc7b0fcab26170,640,640,67843
archive/train/Parking_Issues_Illegal_Parking/2013-02-22_07_40_01_jpg.rf.89093d7534e2d3c30ec7cb5380ee1f90.jpg,ILLEGAL_PARKING,train,illegal_parking-2cf3bb61018e1109,train,22b0423e4a81cc54ae816b89dd3805ee9460c1df843473cdf28a1448433cf28f,640,640,60116
archive/train/Parking_Issues_Illegal_Parking/2013-02-22_08_05_02_jpg.rf.a3dcfc08a2b60ccd62ecf69b61b1cc97.jpg,ILLEGAL_PARKING,train,illegal_parking-8741b975ced498a3,train,82ff17a00acb72e3807b2bf516a10582530950c0548bb31ff406083f99c68f3d,640,640,61743
archive/train/Parking_Issues_Illegal_Parking/2013-02-22_11_35_06_jpg.rf.d1ae05cf55511f466a85ba8e926b1d2b.jpg,ILLEGAL_PARKING,train,illegal_parking-f8d1a39353154e07,train,dc1dae963cf81239dd482f9c862137ad4e77550aade0208980a683fc4c9591cc,640,640,64808
archive/train/Parking_Issues_Illegal_Parking/2017-02-03-image-9_jpg.rf.42dad05c291e5b5ef4e87d9225083ee0.jpg,ILLEGAL_PARKING,train,illegal_parking-450975a3f52513f5,train,d454fb18d73eb6e0904fd1188a3d298c9946efefa7fb698daf0e03a6c8a790ed,640,640,55262
archive/train/Parking_Issues_Illegal_Parking/30717230707_cc09c3e457_b_jpg.rf.65c3ceebe756b8b3ab49c0987e78d404.jpg,ILLEGAL_PARKING,train,illegal_parking-c926c1c779ee38c7,train,045e3e118c1367b6e33800d30da885c827f0c91b47a4cb12d947df2f37df7e2c,640,640,63704
archive/train/Parking_Issues_Illegal_Parking/360_F_140320034_2nmYlyQk6xFZpXkiyO52QtSgI1n53ldv_jpg.rf.22731371206d50cad99c6ea397db4dfb.jpg,ILLEGAL_PARKING,train,illegal_parking-e5a706773dc99a5e,train,3c3635e0b1629ea304df8194dce7fea23dd70dcfcb10a73a4f37642e8bdcd01e,640,640,64932
archive/train/Parking_Issues_Illegal_Parking/575c342c3a4296789015e949258691a5_jpg.rf.ef7c9d85c70722324f509d9e3f6b4ad8.jpg,ILLEGAL_PARKING,train,illegal_parking-2c30919b98f903ca,train,7f2df9c40aa18bfa32a43558ae410464c4834fb9ad6eb36f902b4649a352ef41,640,640,84646
archive/train/Parking_Issues_Illegal_Parking/71494_h_jpg.rf.7f57cdf0ebfc3c55996f5ad681563078.jpg,ILLEGAL_PARKING,train,illegal_parking-4e1dfd63733f5298,train,6656510dc9078bf0cbe74a5f547179595dcd65ebf895128d93c1556bb4d54221,640,640,60876
archive/train/Parking_Issues_Illegal_Parking/AdobeStock_399405401_jpeg.rf.11d99d12d42b8c0df16d7fb980ce5b30.jpg,ILLEGAL_PARKING,train,illegal_parking-d0012840b7ef0a36,train,855e7f7ac562facf425e9f0434c32790485b5c4e8d7e8092f5182953073c047f,640,640,98894
archive/train/Parking_Issues_Illegal_Parking/Illegally-Parked-Car_jpg.rf.b602cffeebe17670849b49545631480c.jpg,ILLEGAL_PARKING,train,illegal_parking-80c1928e04c284c6,train,0d22f55ea74072585967d195fe3a6fa19ff735bea4efc010ff916c9c9ccbdfc5,640,640,47266
archive/train/Parking_Issues_Illegal_Parking/a61a0fdd678a0c9b3f3d8ddc1bad34a0_jpg.rf.5b23d09bd926e64bf97b2593e72d8d3f.jpg,ILLEGAL_PARKING,train,illegal_parking-fe0cc6c459b664e9,train,61b479583914796705d783f15025e21c8b8f48e19b5d4e096ba4bc0e01c3d68c,640,640,53033
archive/train/Parking_Issues_Illegal_Parking/badpark3_jpg.rf.c5ee414fed672fa50a1249241005fc18.jpg,ILLEGAL_PARKING,train,illegal_parking-19f47dc1ba486983,train,9ad6f093860d3cb8c01ea60cb1f325f650aa2b326b8fda94ee7ac35487666ac8,640,640,50349
archive/train/Parking_Issues_Illegal_Parking/car-parking-across-car-space-lines_jpg.rf.6c3edd307f06d5590f3191307460c849.jpg,ILLEGAL_PARKING,train,illegal_parking-c603e823f3214235,train,a7d815dcd16bad6546de28f60f4463127cf02471ee1bb16287f075d9e28a34dc,640,640,69509
archive/train/Parking_Issues_Illegal_Parking/gdq9mizqmgd91_jpg.rf.eb7c67b04846f8591d6d583e21087501.jpg,ILLEGAL_PARKING,train,illegal_parking-f1a2e49fc66c0ef8,train,3baba80e94bb0280fe5abb0cf30ca2fe5a8c7df3f6bedf9702560b052ee16741,640,640,75850
archive/train/Parking_Issues_Illegal_Parking/illegal-parking-100-_png.rf.01b47d72ad6f54302391b208ba2075be.jpg,ILLEGAL_PARKING,train,illegal_parking-678e78a6d32063b6,train,edbb9d1b9a9840541ed495314237f7bef32fa8c21cb7445250797720764b806e,640,640,33321
archive/train/Parking_Issues_Illegal_Parking/illegal-parking-105-_png.rf.d07c6247f2d92c773fd6f06b4ac0aa29.jpg,ILLEGAL_PARKING,train,illegal_parking-a2250d2e7cc30889,train,3bfc7db2028d4808f9c873a76ef02450623d67bcc68d3321efd2ba19815b5ceb,640,640,39963
archive/train/Parking_Issues_Illegal_Parking/illegal-parking-106-_png.rf.c5abd75036c1f6850af5aab4c2988b77.jpg,ILLEGAL_PARKING,train,illegal_parking-086a5d0c9ccc380f,train,a43962d8094c10d0d2f14652a7f2eee99fb9ad7750cbb397c3a159bc4d2cd012,640,640,46510
archive/train/Parking_Issues_Illegal_Parking/illegal-parking-108-_png.rf.9c9fc0b95839a9a6f17f4c8f02bc88e0.jpg,ILLEGAL_PARKING,train,illegal_parking-8736549611909b22,train,0f5c0419aa9695da8e61c5ab893282586d4361d86f7d705d364642f7940f6890,640,640,45128
archive/train/Parking_Issues_Illegal_Parking/illegal-parking-11-_png.rf.0d5e0bff4ec32845ae9c22cd0fe78b6e.jpg,ILLEGAL_PARKING,train,illegal_parking-7a5f5e0e994ed4c6,train,a8f32c358b7c901476c3b110cc37fa32eb57596511131a017f8b6cbd000601d8,640,640,42446
archive/train/Parking_Issues_Illegal_Parking/illegal-parking-110-_png.rf.ca5839888759c8c42b79e8689cfc20c7.jpg,ILLEGAL_PARKING,train,illegal_parking-9a827c71ee6f9724,train,df7e5c4639f6bb1733ecb1509da532ce6278a757797fc30bee3687a9d3130938,640,640,44667
archive/train/Parking_Issues_Illegal_Parking/illegal-parking-113-_png.rf.2569553c01f0217659a9e25612f38c24.jpg,ILLEGAL_PARKING,train,illegal_parking-1b2f5244d78d051d,train,d8a532487e0200d09ef10cd729a254d036f8c7685f079ef45aee0ce60ff6e6c0,640,640,31873
archive/train/Parking_Issues_Illegal_Parking/illegal-parking-114-_png.rf.3fcc84785b419b47559cb7980014c39d.jpg,ILLEGAL_PARKING,train,illegal_parking-2f50482fe58a6af6,train,bb726518122656baa1a4247f19ce6b16e9ed6d9f6f19d7227f87ef5e5588441f,640,640,35227
archive/train/Parking_Issues_Illegal_Parking/illegal-parking-116-_png.rf.0d056393cdcfc2c71735bffb537388f0.jpg,ILLEGAL_PARKING,train,illegal_parking-a5b2817b7f210c18,train,1b7fae858a79fc0778ddb6b65f09d4182d2103eeb37cbee2739b9f2ea022d531,640,640,33138
archive/train/Parking_Issues_Illegal_Parking/illegal-parking-117-_png.rf.06b1d0b20e2254d19e1aa6a03aeea2c5.jpg,ILLEGAL_PARKING,train,illegal_parking-eebfccd17b0ef16f,train,074b565842923fb652ac04ab51e4151db3585f0fd22d5ba679a53c5374bc17f5,640,640,28831
archive/train/Parking_Issues_Illegal_Parking/illegal-parking-118-_png.rf.6001bca43917d34ffe9db28760a4297f.jpg,ILLEGAL_PARKING,train,illegal_parking-ea65b0116b1eb6d3,train,3d5bc2d464cdf1cf3ac72cd510f1971cb09a8d083ebf59d41f75bd15b9f92364,640,640,38435
archive/train/Parking_Issues_Illegal_Parking/illegal-parking-119-_png.rf.a0b8ac2e15f096d92c3639f2cae86563.jpg,ILLEGAL_PARKING,train,illegal_parking-0362e41ca9d851f0,train,54e3ac7d28ec94a4e8538ac9f7cfcc83dd10384b2966c72d4feda35711ca1505,640,640,41995
archive/train/Parking_Issues_Illegal_Parking/illegal-parking-12-_png.rf.cdca1f3af5d9b2714fc1e6a149504b2f.jpg,ILLEGAL_PARKING,train,illegal_parking-f8509f92c1f1ed74,train,4a93db8cca9167e7521939d81555dd7795ec67659e12f5652e0912016352b948,640,640,42383
archive/train/Parking_Issues_Illegal_Parking/illegal-parking-120-_png.rf.f949ea5255a967ed9b7e0ff5a396153f.jpg,ILLEGAL_PARKING,train,illegal_parking-b17ce5c966c6b978,train,ec70a15f65fb199f5b00879dfc7d613eedeb4a6d3d0128201dc06be2a4027e52,640,640,44036
archive/train/Parking_Issues_Illegal_Parking/illegal-parking-123-_png.rf.2c2b4d77d7176d4caf4a1d6478ca6744.jpg,ILLEGAL_PARKING,train,illegal_parking-81755ed6d392e04d,train,d47c015850110c1ed406b819aa87a4253a1e527d7f36626cf8e1a07c68dc1cbc,640,640,34291
archive/train/Parking_Issues_Illegal_Parking/illegal-parking-128-_png.rf.f498fec96c44e650f00e5ecd1be8403f.jpg,ILLEGAL_PARKING,train,illegal_parking-00bba4cdf29f6b82,train,0f988876865d3d17bd152224c3b7e2ab08d85fe5fb311d791db4ae8e87bc9bf8,640,640,36292
archive/train/Parking_Issues_Illegal_Parking/illegal-parking-13-_png.rf.6cfc1521769aa9c648531cd90af9451d.jpg,ILLEGAL_PARKING,train,illegal_parking-26772242d6b5f864,train,04b99bee297f983e8b689bf9e371b3da86b25eb36657484307c6a3b326208584,640,640,33520
archive/train/Parking_Issues_Illegal_Parking/illegal-parking-133-_png.rf.176f259941883e0cb7f576f078f89581.jpg,ILLEGAL_PARKING,train,illegal_parking-ce655356bc6f60ad,train,f4ea70427e949390405f0994ba631ab66fffaaddaaea080ce5bf17f6d08f8877,640,640,43278
archive/train/Parking_Issues_Illegal_Parking/illegal-parking-135-_png.rf.02fbbec3616ebcea43112b478a0c261f.jpg,ILLEGAL_PARKING,train,illegal_parking-2b1d4efd36a9d1ab,train,e1298534de60b41cbcd9357300ddafef5fb70991193c98d2e787d741570ff205,640,640,45816
archive/train/Parking_Issues_Illegal_Parking/illegal-parking-137-_png.rf.9527465f745828d34c14e12f143271ff.jpg,ILLEGAL_PARKING,train,illegal_parking-a13c59552c326d71,train,5c5f0f3eda078eca33ea45274d80016ae1da79eb8cddbdb0c0c59a416aa89d77,640,640,52416
archive/train/Parking_Issues_Illegal_Parking/illegal-parking-139-_png.rf.37609db7f3a568457508dcfa4dc1b3d5.jpg,ILLEGAL_PARKING,train,illegal_parking-eacf9668da222d97,train,6b848cd6eba1c6f13ba67dfb1e21b702ee39cd5b64b180754a93fdfb8dfa62ff,640,640,42455
archive/train/Parking_Issues_Illegal_Parking/illegal-parking-142-_png.rf.e1cd8be3d946b2e881e303ad7d5eddb6.jpg,ILLEGAL_PARKING,train,illegal_parking-557e999bd49b5732,train,678da3f5c9f158042bf52274ab8df9136796fe0b90bcd34c05e540be30edc04d,640,640,49705
archive/train/Parking_Issues_Illegal_Parking/illegal-parking-144-_png.rf.8e32dc91c8f9d5dd9ff51b9f993c0655.jpg,ILLEGAL_PARKING,train,illegal_parking-23fb07e017ca5596,train,baa277e12125715a82c35523a4ce30522c1f3a8ebd286a9d81a4e5ea74db7642,640,640,48214
archive/train/Parking_Issues_Illegal_Parking/illegal-parking-153-_png.rf.91971814d6b6196efd8f3851fa6ea0b2.jpg,ILLEGAL_PARKING,train,illegal_parking-58059a3d00bbb4ad,train,1b3eebac9b54e4486bc68e90c19821b4ba7d9159aa5a8a1edb5ab12a8abd0bf5,640,640,46427
archive/train/Parking_Issues_Illegal_Parking/illegal-parking-155-_png.rf.75bad9c11d25aa81623e18199d500458.jpg,ILLEGAL_PARKING,train,illegal_parking-42822044e5efacd4,train,5643de982727add6fbeaa9ded9b57d4d79b225cfde4b36f425848d6ad3041f2a,640,640,43480
archive/train/Parking_Issues_Illegal_Parking/illegal-parking-156-_png.rf.187bd606634db4af991d474c3a43d521.jpg,ILLEGAL_PARKING,train,illegal_parking-c0bd310720cc0888,train,d4254561b1eae86569425b245e5e20c93f91f990bcc11b6c924352c3a4505bcc,640,640,36409
archive/train/Parking_Issues_Illegal_Parking/illegal-parking-157-_png.rf.6d2b3697c1027adfcc6a879053cb7589.jpg,ILLEGAL_PARKING,train,illegal_parking-d2ed627dbbe3dfc3,train,c0366a2108a054a7d4fea50e1b52548fb90520c4b0524e3c79ca22b1dba64662,640,640,33524
archive/train/Parking_Issues_Illegal_Parking/illegal-parking-158-_png.rf.0caedeb5dcc983ba4c2e98bb70218cd5.jpg,ILLEGAL_PARKING,train,illegal_parking-dd61c7a5fc3d2151,train,06311251e52764238a7d2ba767ed34e15a1d38f731152080b4b7d6f85c34074e,640,640,39860
archive/train/Parking_Issues_Illegal_Parking/illegal-parking-159-_png.rf.6d420b49d88f1b57d695d8ce663df4d4.jpg,ILLEGAL_PARKING,train,illegal_parking-32f02358d0f6cbb0,train,d6eef582dc709b0f4fc3105bf00992d71eba9362c049b4f2f805c11e3891275e,640,640,30914
archive/train/Parking_Issues_Illegal_Parking/illegal-parking-16-_png.rf.1419911b631ca8dedef4510cdb24509d.jpg,ILLEGAL_PARKING,train,illegal_parking-7738c2d5b6d7d15b,train,c1c528a0376db188955211c9c12b0e4050ca9f95a68974b86c04c2aabd308c27,640,640,42704
archive/train/Parking_Issues_Illegal_Parking/illegal-parking-160-_png.rf.115c8be7fb0116e60cbd9a07a61787c9.jpg,ILLEGAL_PARKING,train,illegal_parking-8aed62b2eadff216,train,0a45900a8022eaa9fbcb9a1ae3c2a1b4828ac818fdd53e79c6ccef04c76341c2,640,640,36037
archive/train/Parking_Issues_Illegal_Parking/illegal-parking-162-_png.rf.ad1549078b933faef32bdb3e3b85485f.jpg,ILLEGAL_PARKING,train,illegal_parking-1d476d9f4b6115d9,train,0e382f29fe71c9362d01fe347988fa24e16c1959f138745772c029bc1362ba7a,640,640,37045
archive/train/Parking_Issues_Illegal_Parking/illegal-parking-163-_png.rf.a217ba03723b7d9d8f5e6aad0c16f1b5.jpg,ILLEGAL_PARKING,train,illegal_parking-fe60dd68aede755b,train,be75232c6d88d18375bb32bf9d48619d9900e456b5145dd92ada5c97c955b622,640,640,29264
archive/train/Parking_Issues_Illegal_Parking/illegal-parking-165-_png.rf.5e7a41930c7cdc99f9b34735d1871b79.jpg,ILLEGAL_PARKING,train,illegal_parking-007fc8697026f8f3,train,40fe085757ceb15eb37e4260c5516e72dc83fd7aeaaec411eeb31c467c963117,640,640,29827
archive/train/Parking_Issues_Illegal_Parking/illegal-parking-167-_png.rf.aee3c39222dc82816ac66ca659eba22f.jpg,ILLEGAL_PARKING,train,illegal_parking-d43eb9ad4d528131,train,f3ad8f1d4b7339271dd0d86c51ed52407d287c64db87e45024ffa88fc6f62b62,640,640,28958
archive/train/Parking_Issues_Illegal_Parking/illegal-parking-168-_png.rf.ce89dc2de37117795a3b24d224bb84bc.jpg,ILLEGAL_PARKING,train,illegal_parking-02232f0e91eb5042,train,0849f0bdd628cca190dd75a8b2a712b677d7940bce37ee90453e8d6a8e858f11,640,640,34673
archive/train/Parking_Issues_Illegal_Parking/illegal-parking-169-_png.rf.79ec2d5e011c2e6a8b5ce352f99a050b.jpg,ILLEGAL_PARKING,train,illegal_parking-29fc2dba3624e7d5,train,f5ac5f148bd8a9452693ee47645a18cff2b8d8f8b6a25542b5c076bfa4219d5a,640,640,26450
archive/train/Parking_Issues_Illegal_Parking/illegal-parking-170-_png.rf.6219777fa62b244da121a6f0b53e6c29.jpg,ILLEGAL_PARKING,train,illegal_parking-6086ea6f569d1cb9,train,00d75b2d74730d4a5b8be86c34d4eddae4ad068ae38cc3b68c161e7f95f1a689,640,640,23780
archive/train/Parking_Issues_Illegal_Parking/illegal-parking-172-_png.rf.70fe9bc55604c31a88e8aaa7214f2b13.jpg,ILLEGAL_PARKING,train,illegal_parking-840223a77686dc61,train,f1e7fb3806784c884333ecb922accfeb20a12e6ce0cc4f9398777c21b2f58417,640,640,32074
archive/train/Parking_Issues_Illegal_Parking/illegal-parking-173-_png.rf.6ddb4909ba22f3e4a17372917f32cb68.jpg,ILLEGAL_PARKING,train,illegal_parking-2e5b45aa19ae0831,train,3cbc501519a13f0b088a2183c274ca8a46f76c3818f7dad582a069222de3b8b8,640,640,33070
archive/train/Parking_Issues_Illegal_Parking/illegal-parking-177-_png.rf.f0d29a516225e3b4df7d662b6e96e5bd.jpg,ILLEGAL_PARKING,train,illegal_parking-f0565a8f184e7884,train,1d1832f6674a179cd8948624b5eb9a6a12c62f1bde4eb4d7fbfbb1c2dbeb3020,640,640,36493
archive/train/Parking_Issues_Illegal_Parking/illegal-parking-178-_png.rf.53bc878957d156867b45d0c836e4e552.jpg,ILLEGAL_PARKING,train,illegal_parking-0796dbfeec2390fb,train,83eb9150518f1efd9b1d76f51ef4231fc078c8296953c427de9972e98129d00e,640,640,35199
archive/train/Parking_Issues_Illegal_Parking/illegal-parking-180-_png.rf.c826153699b753e0a5e15542f2662a88.jpg,ILLEGAL_PARKING,train,illegal_parking-b8c94dc32b24444b,train,cfd338e426cca9ecc7e21e51de599d94608959e86ee22a76966eafb001a0ebfe,640,640,34790
archive/train/Parking_Issues_Illegal_Parking/illegal-parking-182-_png.rf.3c6426a2562754cf95b0fb08252a59cd.jpg,ILLEGAL_PARKING,train,illegal_parking-1c4fa1b2131133ad,train,0ae079cea3025976858580f7db4f8d1892262ab81235cb613837d89bcedf1c46,640,640,34400
archive/train/Parking_Issues_Illegal_Parking/illegal-parking-184-_png.rf.70f13b6756b80c6d2fe9fbd5bf7183f4.jpg,ILLEGAL_PARKING,train,illegal_parking-9fa87a75cd0e7208,train,7c4d5b858fcf92f4565e706e2767a089b6a59b73afd8c29b7a8da59177b0cbd7,640,640,34908
archive/train/Parking_Issues_Illegal_Parking/illegal-parking-185-_png.rf.0ccfba5601eafefcd2fb1d170aa615ae.jpg,ILLEGAL_PARKING,train,illegal_parking-3b1b0c84e954c33b,train,f13b1dafd100965d06535c2e795eef717624a8151fc6c3c5074f1a43c871122b,640,640,32037
archive/train/Parking_Issues_Illegal_Parking/illegal-parking-187-_png.rf.c940aa0473559f4ac444ecc2f791eee5.jpg,ILLEGAL_PARKING,train,illegal_parking-4b4a47a1feeabdd1,train,8ff7fc1933c45161cc320d9054e667e84f7a08200c7848d68c62f9d87190b5d2,640,640,35327
archive/train/Parking_Issues_Illegal_Parking/illegal-parking-189-_png.rf.aa25dd4c6e7551ff7ef1938014a8b50d.jpg,ILLEGAL_PARKING,train,illegal_parking-d12bb20730b64a60,train,496bf72eccf04d0ea81f0edcd5f637ed42e5b98f00d573953aed825034ce033f,640,640,32044
archive/train/Parking_Issues_Illegal_Parking/illegal-parking-19-_png.rf.62d487a1e07b87bbaf60d364c2cb39ce.jpg,ILLEGAL_PARKING,train,illegal_parking-f2476123aac14494,train,537ee630da5c3802fe41f5421717157a8f61448529c4147b392b861d9ead1770,640,640,40208
archive/train/Parking_Issues_Illegal_Parking/illegal-parking-190-_png.rf.d19c6b47ffc67f7c3bc1c1fc15fb4a18.jpg,ILLEGAL_PARKING,train,illegal_parking-73cc9be20df7f7cc,train,85881bb34591f27d3685577d63a01019a5b1947c8560087080ad5d6b874cda86,640,640,32778
archive/train/Parking_Issues_Illegal_Parking/illegal-parking-191-_png.rf.1b458667a80467767f95ffeb331c2eb2.jpg,ILLEGAL_PARKING,train,illegal_parking-089ce322f517346b,train,a27e1791943309c909a3bbc154781012e43316ef01491a592359271524487187,640,640,33832
archive/train/Parking_Issues_Illegal_Parking/illegal-parking-195-_png.rf.2572d216077db9287281157538d35f47.jpg,ILLEGAL_PARKING,train,illegal_parking-1cd0a4d4ece29eaa,train,cb8fd289a894946d540da5d5a9d11fdbfbf56ed3abc39cba285e7615ba6d7e5a,640,640,32569
archive/train/Parking_Issues_Illegal_Parking/illegal-parking-197-_png.rf.a79389737a2a97c21c092e6af7dfd047.jpg,ILLEGAL_PARKING,train,illegal_parking-dd34969be228db31,train,32146ed532cf82b13d3c42832a4b376a4465955e69a777dec08cb315a44f70e7,640,640,30318
archive/train/Parking_Issues_Illegal_Parking/illegal-parking-2-_png.rf.176c526b144a41f23c9109b4f3fa6bc9.jpg,ILLEGAL_PARKING,train,illegal_parking-fee32f46c53630bd,train,78ccd50b307ca1fa21cc8d2a7fad5bcaf6fc468fe7490336f7af08a6d1323cd3,640,640,49726
archive/train/Parking_Issues_Illegal_Parking/illegal-parking-20-_png.rf.ff8b0e8c09c3807af2db6eed1040c544.jpg,ILLEGAL_PARKING,train,illegal_parking-6c759475d14699a4,train,38fc01d053224c9a26e32fc51576445f4d404fca4e4586306c47a65329fd6d51,640,640,28967
archive/train/Parking_Issues_Illegal_Parking/illegal-parking-201-_png.rf.8b81c9a4e903603fd40291bbf50c2fbd.jpg,ILLEGAL_PARKING,train,illegal_parking-69b5b9eb32e8671a,train,818d5a261a615577c7428aa2eaa2076802b7147dcd48035793282ec86d94968d,640,640,37967
archive/train/Parking_Issues_Illegal_Parking/illegal-parking-204-_png.rf.140fe8208fbd68ec86df8e91b3c5f41f.jpg,ILLEGAL_PARKING,train,illegal_parking-7bda2de693639dfa,train,3d70d14cd48ba2b635f47cca2ff0053b1993ff132abcfcb43bd79890f5cb0583,640,640,42011
archive/train/Parking_Issues_Illegal_Parking/illegal-parking-205-_png.rf.b7a1901c1afe90b268c7cd7aa4cc3342.jpg,ILLEGAL_PARKING,train,illegal_parking-3b75e8627a513157,train,46e540fcc345bac19ff30151fcc4c1a2c7e24e05bda1b32a55b77f38190b1852,640,640,44799
archive/train/Parking_Issues_Illegal_Parking/illegal-parking-206-_png.rf.00b9d4bc5eaa8951655aaea83b73e32b.jpg,ILLEGAL_PARKING,train,illegal_parking-f9725d2b84f9b6b9,train,9d4326fbec75083a53d477e3f7198170966015e145c7d6c130b809f12d615c74,640,640,42552
archive/train/Parking_Issues_Illegal_Parking/illegal-parking-208-_png.rf.4598edc57b08f389ad7e6bf6bb997762.jpg,ILLEGAL_PARKING,train,illegal_parking-7ea53bf10b551789,train,49c2b53d8a91787063d2002c880c7daa8c9eb163fb824565bda4d32e21d832fc,640,640,42503
archive/train/Parking_Issues_Illegal_Parking/illegal-parking-21-_png.rf.0620619fbae388c3f156dcf05ddd3662.jpg,ILLEGAL_PARKING,train,illegal_parking-ccd9f8acafd64d77,train,7882a65c3ad119926084ac33197b994a7558bd08f1547717511f2fbc4ac7d09f,640,640,34454
archive/train/Parking_Issues_Illegal_Parking/illegal-parking-216-_png.rf.6d56d8fac8ccf6e5b8191481b8d0eb10.jpg,ILLEGAL_PARKING,train,illegal_parking-dd572ddbd63991fe,train,47d1524a9ceee7180c85ba622b71cb5b80dfb3a4bd6cbfe4cf9dd55e94f11e82,640,640,47870
archive/train/Parking_Issues_Illegal_Parking/illegal-parking-219-_png.rf.41979ac0b8744c9202786e58932badd5.jpg,ILLEGAL_PARKING,train,illegal_parking-1cee69ad763fd71b,train,6b77571d9785bdd08b2fbc042e921337cbfc25f2988163f03e12bc6d2d99e4ba,640,640,34329
archive/train/Parking_Issues_Illegal_Parking/illegal-parking-22-_png.rf.7c80900af93309760a4b33401b710116.jpg,ILLEGAL_PARKING,train,illegal_parking-2aa8cb797fa82969,train,f1152f78bfc00824df49267d4183af503916fbc750a4c788839468d01a4155f9,640,640,32111
archive/train/Parking_Issues_Illegal_Parking/illegal-parking-224-_png.rf.cbea59222a5f453f6051014a9e6efde6.jpg,ILLEGAL_PARKING,train,illegal_parking-4d15d6ba7cea1b27,train,17725a1991777125cbaa36c0a459a8ad17525c5dc3362279a5a8348e53a90a26,640,640,33503
archive/train/Parking_Issues_Illegal_Parking/illegal-parking-226-_png.rf.59c53463f7568139bc9c8791e49f449d.jpg,ILLEGAL_PARKING,train,illegal_parking-ff8ebc6ed30d5c8f,train,441d58cd73200624d49e4a31103d762580d2738c619a7453123dfe4907bf8c41,640,640,48101
archive/train/Parking_Issues_Illegal_Parking/illegal-parking-23-_png.rf.60a0a0136e856041a1a62c163feade06.jpg,ILLEGAL_PARKING,train,illegal_parking-ab84600fb3e2a1db,train,41998f231b8b1584236b62777169eaed98e895e4e9bc8bbd1ae210549c18fa8c,640,640,28793
archive/train/Parking_Issues_Illegal_Parking/illegal-parking-231-_png.rf.326e4f6b20f9e95476457cd9456ef5f4.jpg,ILLEGAL_PARKING,train,illegal_parking-f26e7da04635cacc,train,68b252f3312c5f3260cc606c610e23afd8045440273d2e456c25db1b82e665c5,640,640,33849
archive/train/Parking_Issues_Illegal_Parking/illegal-parking-238-_png.rf.938f7b41708a8ecd0236dfd8c898b47c.jpg,ILLEGAL_PARKING,train,illegal_parking-c0d961cad94683ba,train,914db964835eff0c31ee401b498c85f20505663b30ef6ec3151317510e426ba0,640,640,40898
archive/train/Parking_Issues_Illegal_Parking/illegal-parking-24-_png.rf.4e95df727da1c570a86dc5ef7c8953a9.jpg,ILLEGAL_PARKING,train,illegal_parking-37f1f7b945c43165,train,8308d7405b976539ddb40628577e053f567474c5e1f33304aab51ef66943d7e7,640,640,24279
archive/train/Parking_Issues_Illegal_Parking/illegal-parking-242-_png.rf.27410d33b2403a753c088d19ef0304ca.jpg,ILLEGAL_PARKING,train,illegal_parking-e6aaad8771690419,train,6c700d4daed337b211684ee2ba2534c5739d0a1ffd4ba6fec6d8e801ef7b52cb,640,640,33919
archive/train/Parking_Issues_Illegal_Parking/illegal-parking-243-_png.rf.092a642e6716e1d679cad19eeeb5f25d.jpg,ILLEGAL_PARKING,train,illegal_parking-981f3cee32aac056,train,0b0a4729d8322c773586233ba3e4ec8c10825b8c2d5e9852eebd625b2b78e934,640,640,43833
archive/train/Parking_Issues_Illegal_Parking/illegal-parking-245-_png.rf.43558723f9259620c9c05da02d9a7d49.jpg,ILLEGAL_PARKING,train,illegal_parking-fc459fe094f5ab91,train,04f0a3f563d51304cab71faaf74d6825b0fc85cbea163ac52891299da52a013c,640,640,38678
archive/train/Parking_Issues_Illegal_Parking/illegal-parking-247-_png.rf.86bc0643813673ce0a7c4697a0afda1b.jpg,ILLEGAL_PARKING,train,illegal_parking-4e4b3c960988b779,train,b51ea48c762482d523b55724ea2e76640ca6b8f8904724237ee54ad3ca88dc12,640,640,44112
archive/train/Parking_Issues_Illegal_Parking/illegal-parking-248-_png.rf.4bf076dbac7b46897314b47e9de23dd6.jpg,ILLEGAL_PARKING,train,illegal_parking-119fd6440dd7b329,train,6724a4666aed89718d3ba46a9de496078fea79fcdd7bf78630980bb10f2afd09,640,640,38491
archive/train/Parking_Issues_Illegal_Parking/illegal-parking-249-_png.rf.702d21c6cbdcef7cf601cfa1692029f7.jpg,ILLEGAL_PARKING,train,illegal_parking-08252056166e7296,train,ab57dcb417363e9b987e65140b3b1bafde7b256770a6a5d126c5a3431a0e7ae3,640,640,43793
archive/train/Parking_Issues_Illegal_Parking/illegal-parking-252-_png.rf.31ed7900dfa7e1d95ad6aa745797eddb.jpg,ILLEGAL_PARKING,train,illegal_parking-af30daa568f9eb80,train,18438f0b75d304af2ecc708eeeced6e866fc0f00f156c804b13f30fbdd6143d8,640,640,39145
archive/train/Parking_Issues_Illegal_Parking/illegal-parking-255-_png.rf.a932a92fdcd4b4716bdd0e15322ceaed.jpg,ILLEGAL_PARKING,train,illegal_parking-3276e573c8158e4e,train,86b794b8ff3d851623769bc1b81932015669cf02eefd842a889fa9aa81861ba7,640,640,43937
archive/train/Parking_Issues_Illegal_Parking/illegal-parking-258-_png.rf.50d016bd61363e98b3939d3b9c0ca74d.jpg,ILLEGAL_PARKING,train,illegal_parking-aacfeba8963a1748,train,41cefc8397370add616cc1f52d19e2fbce652f6cdf41766ba5528031a18bb1ce,640,640,34312
archive/train/Parking_Issues_Illegal_Parking/illegal-parking-262-_png.rf.35d2131e305c50bca2abe12e82e93966.jpg,ILLEGAL_PARKING,train,illegal_parking-1bde64995373c9bd,train,c9b394483cc186ab4e1ffb6c32caf26c5e49f15c16474daf2969d793364a8f59,640,640,32350
archive/train/Parking_Issues_Illegal_Parking/illegal-parking-263-_png.rf.cf1b4094ce5f2a9856ffbcb26f59bb7b.jpg,ILLEGAL_PARKING,train,illegal_parking-ff9930581dc439f1,train,ae020c96676e4fc9562c0d9e259d25e1412b69335ff6ed2de1001cb49f58d5fc,640,640,39070
archive/train/Parking_Issues_Illegal_Parking/illegal-parking-264-_png.rf.ab83bc47d6d124bae126e9578721b096.jpg,ILLEGAL_PARKING,train,illegal_parking-937f6e6c4fc10d98,train,9825c94123deff78e005bd8ca39e12cf7171ad4ce2c5c4dbd09044e885f40ab7,640,640,54276
archive/train/Parking_Issues_Illegal_Parking/illegal-parking-265-_png.rf.4bdcd656ab6e01fcd0afca51d2cd6488.jpg,ILLEGAL_PARKING,train,illegal_parking-772f46a39d44b337,train,09080abbcb204e2262ef5b27f5ff1a1fa720006fb90ab5f5e2609fbef08511ac,640,640,55333
archive/train/Parking_Issues_Illegal_Parking/illegal-parking-267-_png.rf.1056391e5be229027554aa60a1b60d36.jpg,ILLEGAL_PARKING,train,illegal_parking-b0df2d13707f0ac6,train,46f3c2820c3c25b0933ddfd0feb74e0f21204aa414efb1a1e3593607b9ef5f10,640,640,53998
archive/train/Parking_Issues_Illegal_Parking/illegal-parking-268-_png.rf.41b502fb8504382f5f7461520b238ac7.jpg,ILLEGAL_PARKING,train,illegal_parking-bae34822baff8353,train,53bef9c320271a28d535cc6736a74f7ca643e541b46ccceec5ce3eda0eae0678,640,640,56026
archive/train/Parking_Issues_Illegal_Parking/illegal-parking-270-_png.rf.cf4e9d024d1fbfd3e724cc13f22104cb.jpg,ILLEGAL_PARKING,train,illegal_parking-3931d44e9c97db3b,train,83899fe5a85e1c3ff92ec3ee9a09053ade4ae4a4dce8c53d582e3b214c9bbbb0,640,640,47791
archive/train/Parking_Issues_Illegal_Parking/illegal-parking-272-_png.rf.ddb64cfb7971e91c5784aa26318b7bbc.jpg,ILLEGAL_PARKING,train,illegal_parking-8eb42361f547946f,train,5e95822051355acd608a694d9c94f608bba1a2274b99e6cc1d6bc48b0afe2a03,640,640,59694
archive/train/Parking_Issues_Illegal_Parking/illegal-parking-273-_png.rf.3b7f711b302913d9c271f855b68a5233.jpg,ILLEGAL_PARKING,train,illegal_parking-9825b2e2143a7641,train,3af199610cb782d38e760ca46e7b4e2e5e864e648a34e48c98e24993dc8a7a5f,640,640,64737
archive/train/Parking_Issues_Illegal_Parking/illegal-parking-276-_png.rf.e8127085cfa5752c35e4ac1dd387e32a.jpg,ILLEGAL_PARKING,train,illegal_parking-ed1151c3f0f05eca,train,96e415ed007c642d459fb9ae421f7edaa69e21d8083d60a1035bfbd8969258f3,640,640,41457
archive/train/Parking_Issues_Illegal_Parking/illegal-parking-277-_png.rf.2a348b109027b2bbd59aa21cb9320bc0.jpg,ILLEGAL_PARKING,train,illegal_parking-51af5d4ddf2ccb7d,train,c779e16f5e4141efa0e9e8f015dfaf35ffa6db1ada480905d817ea4ff09b7f7e,640,640,43709
archive/train/Parking_Issues_Illegal_Parking/illegal-parking-28-_png.rf.73e7bce7b9ec5dadcc70fdbf81209c94.jpg,ILLEGAL_PARKING,train,illegal_parking-5f36af8843efb527,train,b96cdcc47b9da983f4adad880f54a9215696ae0a78bf75dabb1f246081b78dcb,640,640,20612
archive/train/Parking_Issues_Illegal_Parking/illegal-parking-280-_png.rf.4dbff20b5d4a420423525429af937881.jpg,ILLEGAL_PARKING,train,illegal_parking-a12b7e70546a1b9e,train,e1ee91370c52ee5e24f5e2f80feeedeaab8a2c2f78329909a1604184e77011a6,640,640,26397
archive/train/Parking_Issues_Illegal_Parking/illegal-parking-282-_png.rf.5fe25c4a53e38c02233d420518042172.jpg,ILLEGAL_PARKING,train,illegal_parking-557b270066b055ff,train,89632b64c2fb7cb7a430122a7cd83d79879e6166de14bbc9e61235cbbe39357f,640,640,35005
archive/train/Parking_Issues_Illegal_Parking/illegal-parking-285-_png.rf.9ec14a42e226ae790c9ab1bee955f987.jpg,ILLEGAL_PARKING,train,illegal_parking-27f9e9ae8fb31968,train,a4cffda3b6d326f16c025a2e30baba75f60e25a91b350bd0ea6af2ead7440336,640,640,41034
archive/train/Parking_Issues_Illegal_Parking/illegal-parking-287-_png.rf.73ad6e3ea0afa92dcd73ff5c1f9d2981.jpg,ILLEGAL_PARKING,train,illegal_parking-d1b50fde47ee5454,train,792ab014a28fa345b8c88fe3adfa2aa9c3e32b904d9c8b19a96b20db070eca87,640,640,50084
archive/train/Parking_Issues_Illegal_Parking/illegal-parking-289-_png.rf.d978bd12a632b55a7922884ea7a7eae8.jpg,ILLEGAL_PARKING,train,illegal_parking-e7f7c78849708d25,train,8eae8c2e480cee0a008c4d394c048b11eb221e6950f73f599a6ddb7c7e9bd1f6,640,640,30250
archive/train/Parking_Issues_Illegal_Parking/illegal-parking-29-_png.rf.2ccb4b8c870b8d4bb5d163d0b0b9ad9c.jpg,ILLEGAL_PARKING,train,illegal_parking-09dd6b2ae7606266,train,31ed5bf7db2cc20837daa3d068030ddd50f2c9759052eb4b99b55a4922690779,640,640,37285
archive/train/Parking_Issues_Illegal_Parking/illegal-parking-290-_png.rf.3b5002f67663b82b7e08da26d6bb68a9.jpg,ILLEGAL_PARKING,train,illegal_parking-c60d46fced693613,train,591b3dcf220591729587429c3ec98e6f6cc12bf30f841f81c1f88eff0a6f9e01,640,640,28817
archive/train/Parking_Issues_Illegal_Parking/illegal-parking-293-_png.rf.1842ac5d3f9950638f84c56dc208bb79.jpg,ILLEGAL_PARKING,train,illegal_parking-942d78499afa4fba,train,56cf31b80b551b5d6df0130395f55469c0113eb9b653c91a03c68626dcaeb778,640,640,35619
archive/train/Parking_Issues_Illegal_Parking/illegal-parking-295-_png.rf.23c0bcdc8aa71a2e0b864e6d5d505a03.jpg,ILLEGAL_PARKING,train,illegal_parking-d728a37571de3af2,train,351ea99a31c1879ba722434c722522cba84358403e9c2dd403b9b254d0376674,640,640,53924
archive/train/Parking_Issues_Illegal_Parking/illegal-parking-296-_png.rf.b8c7e34df9d83fd6022666def249f02a.jpg,ILLEGAL_PARKING,train,illegal_parking-5e24582476908e75,train,9db7b2c040ae376c5a2065df4ff1bcbfa113d4042b4565503927bde8b9c16ccb,640,640,56237
archive/train/Parking_Issues_Illegal_Parking/illegal-parking-297-_png.rf.18bf2bf50fbd235bb5a8dbb34941977c.jpg,ILLEGAL_PARKING,train,illegal_parking-8ecf417dee5885ac,train,bb5a4bdc9ddb809983dcd1860ec2862ac808f191d10db3f9d5dcbc1ae7011dd3,640,640,39355
archive/train/Parking_Issues_Illegal_Parking/illegal-parking-298-_png.rf.6bcbbcae9be3d4bf336996ea659aba53.jpg,ILLEGAL_PARKING,train,illegal_parking-eb9b09b3b018a513,train,bf6cf62f16ac61e9fcc241ad2dfa11b02e7d6b7ebc1a0fe90db4660fbf446347,640,640,46895
archive/train/Parking_Issues_Illegal_Parking/illegal-parking-299-_png.rf.5aeb776a555843e5d8138892036eb118.jpg,ILLEGAL_PARKING,train,illegal_parking-857b7815bea893d8,train,ec6019b724d877f978d2d7c0f2afdf5faba0ad9c7186768013106c28d872ae49,640,640,47568
archive/train/Parking_Issues_Illegal_Parking/illegal-parking-300-_png.rf.d5a1a706c604632c9548b03fb81cf4d9.jpg,ILLEGAL_PARKING,train,illegal_parking-3b54eb21e0dde560,train,05ec59e91f4efa630d44fa8ca7e55434bac1d79a40d778bdbada2ec5cd0a7e33,640,640,27333
archive/train/Parking_Issues_Illegal_Parking/illegal-parking-301-_png.rf.b44912e8ffcd97af5dbc7151ba9cf7fa.jpg,ILLEGAL_PARKING,train,illegal_parking-08f4f8c6121285df,train,181a256f68e8ebd1c5abea47052e5cdf7aa35351928192625ceb67ec4a88c21b,640,640,34684
archive/train/Parking_Issues_Illegal_Parking/illegal-parking-303-_png.rf.65bc630a2bd4d5b5bbbf0f88aff098d5.jpg,ILLEGAL_PARKING,train,illegal_parking-9dd867f822961459,train,79d4eacb99399815c8aae4469a0c35e72383a42bc186866ae19c3deeb50ff261,640,640,40126
archive/train/Parking_Issues_Illegal_Parking/illegal-parking-306-_png.rf.a4625a2bf9b1def8a68e9a03570ae7ef.jpg,ILLEGAL_PARKING,train,illegal_parking-1139b8d20b715286,train,705d804f7b964cc1f1574bcfaf077e3a12266088f9527fed394f125c2a95af28,640,640,31902
archive/train/Parking_Issues_Illegal_Parking/illegal-parking-308-_png.rf.5258118b641ff9b411da003bd6fb5b56.jpg,ILLEGAL_PARKING,train,illegal_parking-a2a5bc5ef88d5830,train,60154017fa7e6d28d9ab140a76c4c8c24eae1eac7561071277e63c424a542e2a,640,640,42289
archive/train/Parking_Issues_Illegal_Parking/illegal-parking-309-_png.rf.38d3f808c40b495add069d65a94a56a0.jpg,ILLEGAL_PARKING,train,illegal_parking-e4722f6bffd0b2ef,train,30308e08c1e659d5b760c115e6af69422167e50b7bbc8a65724937368a7cf43e,640,640,48173
archive/train/Parking_Issues_Illegal_Parking/illegal-parking-310-_png.rf.f36a5f13a9c657556d61865800a4c810.jpg,ILLEGAL_PARKING,train,illegal_parking-3d27376a543f9714,train,923ac5878eb8aea73fd13a19aeb3cec50716baf56cce31eebb0e8d03c55aa915,640,640,44854
archive/train/Parking_Issues_Illegal_Parking/illegal-parking-312-_png.rf.0d697575ebe9971a1877c786014be19e.jpg,ILLEGAL_PARKING,train,illegal_parking-018d0897eda74b3f,train,a93b0946cb587931b5cad73cc701a3638eb57e12c439d8f1412ed76d6d663ddd,640,640,38411
archive/train/Parking_Issues_Illegal_Parking/illegal-parking-313-_png.rf.28afed45cf69414db9e34bf702e30594.jpg,ILLEGAL_PARKING,train,illegal_parking-b0305f9f5a07d99a,train,ff15b4377149102717c5dcc07d0639cbe2cec4815144ef21d5962d289b3beaa2,640,640,45576
archive/train/Parking_Issues_Illegal_Parking/illegal-parking-314-_png.rf.ec7103504d0e7e28be447d63eebd17a6.jpg,ILLEGAL_PARKING,train,illegal_parking-d4f48195deaefab6,train,b6ba4d17e0e9fc1c985468bc4378e9e452946649c74ebebcac66e4bcedf0414c,640,640,47324
archive/train/Parking_Issues_Illegal_Parking/illegal-parking-315-_png.rf.3fa60207e2e4731ba6d9528ffac7cdac.jpg,ILLEGAL_PARKING,train,illegal_parking-5914d86beffc84fc,train,80febc8f798f4815d2b19e963b99660b299c8c5dd32240dc439937dfffc24463,640,640,45742
archive/train/Parking_Issues_Illegal_Parking/illegal-parking-316-_png.rf.aa22a25fbda4886441fff2395fcc5681.jpg,ILLEGAL_PARKING,train,illegal_parking-69db31176e09fd56,train,afd48230b90f48cff1d1c11502233305c13918be58d3f4c4f3dc27790e342f4d,640,640,45170
archive/train/Parking_Issues_Illegal_Parking/illegal-parking-317-_png.rf.7d5af365880a1ec62263dd7c77a8fc28.jpg,ILLEGAL_PARKING,train,illegal_parking-2733accf3160c575,train,200375b73ce75946be46c7b739e601fdd942e5af6e03ea758c7d752badc6cced,640,640,45671
archive/train/Parking_Issues_Illegal_Parking/illegal-parking-318-_png.rf.685d9520f813cfe56d696760f6b5116a.jpg,ILLEGAL_PARKING,train,illegal_parking-020cdeb7415c04fe,train,cb4b9a1f5eb7adec00dd051dee955f365632b818d632fe686f1c161fafb42a7c,640,640,34526
archive/train/Parking_Issues_Illegal_Parking/illegal-parking-32-_png.rf.6c771489cfb5b3c3026dbf95808fba85.jpg,ILLEGAL_PARKING,train,illegal_parking-02e1da5a5aeecc13,train,ae0b7128e8787b505f4231174ecfeb9832cb48d3f8994e1e8f7ff8b43b91f3da,640,640,36288
archive/train/Parking_Issues_Illegal_Parking/illegal-parking-321-_png.rf.998d25c91f992e4b4caea1b760c81ae6.jpg,ILLEGAL_PARKING,train,illegal_parking-b1af8f0673de0ac7,train,db44120cc161480e96c6c6069bae31bc62ee29530b9082a1ddc48d7a652faa95,640,640,34208
archive/train/Parking_Issues_Illegal_Parking/illegal-parking-322-_png.rf.3637d50ad4dfe277d8ac790ba193a5e6.jpg,ILLEGAL_PARKING,train,illegal_parking-d6e9ba7028dd0d9e,train,3927868feafc7a0b47051924821099e29f2c80228f246e7cd06ec9233f7a0980,640,640,33799
archive/train/Parking_Issues_Illegal_Parking/illegal-parking-325-_png.rf.6e37d61e2e69f085886145ed203aa303.jpg,ILLEGAL_PARKING,train,illegal_parking-148b1c18b48eb2b3,train,148de6cd7a6d6200f3f95d70066006479c07f5266ccc96f5c8abc23c0ecc3e42,640,640,33120
archive/train/Parking_Issues_Illegal_Parking/illegal-parking-326-_png.rf.58bb2c051a4299d27381d2066b9d958b.jpg,ILLEGAL_PARKING,train,illegal_parking-09ec3ea6e0a69a9a,train,ae6dd215b7f6484a7841a831f25efd4cc8ae2552f644e7209d491edd24219430,640,640,42250
archive/train/Parking_Issues_Illegal_Parking/illegal-parking-329-_png.rf.712f424ddcf47399f8b3015fec7dcd0b.jpg,ILLEGAL_PARKING,train,illegal_parking-44b648dec25f5b29,train,9297105372c4019878485cf8ad392c4d55e4d383fc797de2c4d9e0fe6ce893f6,640,640,51033
archive/train/Parking_Issues_Illegal_Parking/illegal-parking-331-_png.rf.838b01eeb96e1b824eb8c91536979ead.jpg,ILLEGAL_PARKING,train,illegal_parking-c637253a8b2b3d9c,train,bf1457ac502a72c3f65883ce2e5c2fd289e7c20f4d1158673f7086a9507efdb5,640,640,41313
archive/train/Parking_Issues_Illegal_Parking/illegal-parking-334-_png.rf.447c1ce373ccb85faa0135111651325f.jpg,ILLEGAL_PARKING,train,illegal_parking-9be1e20f6d4c3eb6,train,1b2b89d2573709dd1b82e764fc6a94a7fbae268303fa24f62d0bc5e074e1be8a,640,640,33331
archive/train/Parking_Issues_Illegal_Parking/illegal-parking-335-_png.rf.4944db2f33511b2bda2b1561a6cbc37e.jpg,ILLEGAL_PARKING,train,illegal_parking-54e424ef1d08fcb9,train,0198af1ad3a80a5c6e2347ae4eb31338c819f7701e8f9ed3dc99b17e9ea4bbf0,640,640,37893
archive/train/Parking_Issues_Illegal_Parking/illegal-parking-338-_png.rf.705d3c5e3235ddea1d477da288b34c2e.jpg,ILLEGAL_PARKING,train,illegal_parking-0129fbb528321298,train,91bad2b010fe53940212118eb9e8efef03ff3894e29f8bc0efdace7d0ec6aaa2,640,640,59462
archive/train/Parking_Issues_Illegal_Parking/illegal-parking-339-_png.rf.2615eac3452d6c7eb18a4bff0a67bbb1.jpg,ILLEGAL_PARKING,train,illegal_parking-56cc314a8702ac8b,train,188a5362e87d3eb0335afad8596d4ada494bf097e132cf4109c7bb4e56dc0340,640,640,58507
archive/train/Parking_Issues_Illegal_Parking/illegal-parking-340-_png.rf.129524859d9e911fee904b4e857e7897.jpg,ILLEGAL_PARKING,train,illegal_parking-3e348de1d189bef4,train,b0fb07e57d3aaccbbcfb3333f32618812adfba6fb2c97530d18b76079c4b4ed9,640,640,47286
archive/train/Parking_Issues_Illegal_Parking/illegal-parking-341-_png.rf.c2bf498d39d4e0b601ac150fe3159c3e.jpg,ILLEGAL_PARKING,train,illegal_parking-66a243e1a3f42eab,train,9a55f608a37e69b888168087d43b97597e4dd8a03f5b8bb753d9040fb9b1a693,640,640,31500
archive/train/Parking_Issues_Illegal_Parking/illegal-parking-343-_png.rf.0fb49b20e8ac4100e3bd724444185c09.jpg,ILLEGAL_PARKING,train,illegal_parking-4d860178f9075ab8,train,33c22ae0c97c579e2251d6be2411fe52dd7bf297ccb69cd9ed27f53c085d910f,640,640,34802
archive/train/Parking_Issues_Illegal_Parking/illegal-parking-347-_png.rf.e5442074a5718a6bb1287b61955bda91.jpg,ILLEGAL_PARKING,train,illegal_parking-bbfd5c7ccd9027a5,train,9ce7134e22ce3563048862a33a072b353f023d608efbd00688872800cb86e97e,640,640,36154
archive/train/Parking_Issues_Illegal_Parking/illegal-parking-348-_png.rf.283de42f72a5e178845809f63c3d0009.jpg,ILLEGAL_PARKING,train,illegal_parking-a34399e61366c2e4,train,62799501b9b855210bd65e2573932e04fc85a0f34816501fa2b0e5ccade95d99,640,640,30889
archive/train/Parking_Issues_Illegal_Parking/illegal-parking-349-_png.rf.13dee77149208faae683883faed68447.jpg,ILLEGAL_PARKING,train,illegal_parking-7b051949644f61d3,train,aecb46568cd8911db34336c6efa391df169668c3fbb58dc80b5a3696d8112800,640,640,26264
archive/train/Parking_Issues_Illegal_Parking/illegal-parking-350-_png.rf.5ba3cd76f89b8a48d2a5abcbd07c87c2.jpg,ILLEGAL_PARKING,train,illegal_parking-66f5e516f544516e,train,e42e3deac00638280a6845e52a5c41d5c4355966c363d1dcd3b6d8b78ac08413,640,640,32146
archive/train/Parking_Issues_Illegal_Parking/illegal-parking-351-_png.rf.d8087a2cd79d5b092aca7316ded416a4.jpg,ILLEGAL_PARKING,train,illegal_parking-405d7b44da6d6d22,train,198c489b5d1ca5e0cc60f7ba62bf1ef0269ad0d975c6806c33dc0af294b58c6c,640,640,31142
archive/train/Parking_Issues_Illegal_Parking/illegal-parking-356-_png.rf.3a4459bc834238064078901989f85944.jpg,ILLEGAL_PARKING,train,illegal_parking-e18a4964c7c311e8,train,09d131d34dbd348f8cdbf9f01c40fc1151aa8ce94205793412cf5e251aa1d3b6,640,640,38775
archive/train/Parking_Issues_Illegal_Parking/illegal-parking-357-_png.rf.08465d9570dc831cda896b1d004aaa31.jpg,ILLEGAL_PARKING,train,illegal_parking-a515b5782a901881,train,3e7c36abb86279a8bb288227c4650b4d7aa369196fa518ab44f459b76bffdb44,640,640,43602
archive/train/Parking_Issues_Illegal_Parking/illegal-parking-358-_png.rf.1475ad0e2271f4c6688c4d5a7bfd435c.jpg,ILLEGAL_PARKING,train,illegal_parking-b501684e44d6beda,train,9fc444de0d57f877f8424ecdd6b27893d4be99b3399916e4780a3009fc514601,640,640,39352
archive/train/Parking_Issues_Illegal_Parking/illegal-parking-360-_png.rf.aedb6040ca98cd7178c4e800afc44336.jpg,ILLEGAL_PARKING,train,illegal_parking-74642ef8ec53e74b,train,c20749ce2ffdf47b922e8b39db95dd07f4104428ec6f877dc2731409d21c10c6,640,640,33363
archive/train/Parking_Issues_Illegal_Parking/illegal-parking-363-_png.rf.b3ee06f3dc48b6a68655ae703d6948c6.jpg,ILLEGAL_PARKING,train,illegal_parking-e086add12266d80e,train,660b020978f4dc8bf72c30ffe9ab3fdec199c6935d81f890634cc8bb97d5c174,640,640,34241
archive/train/Parking_Issues_Illegal_Parking/illegal-parking-365-_png.rf.9d3156c6480dd6afa20395b60ab69d1a.jpg,ILLEGAL_PARKING,train,illegal_parking-43ff5b4b58cdbcfe,train,4842980adb6467166f7437df67efdd0691a39bf219f3795f9d2c6425fd2a26dd,640,640,31822
archive/train/Parking_Issues_Illegal_Parking/illegal-parking-367-_png.rf.25015d89e8916ee05a2038721e478a58.jpg,ILLEGAL_PARKING,train,illegal_parking-82491ee0487ca212,train,52ec438767408223d40231da09ce801084c17eab63d1259af6852760f276f40a,640,640,37203
archive/train/Parking_Issues_Illegal_Parking/illegal-parking-369-_png.rf.9c9ff3b35c1a20b40553a8991ae132d7.jpg,ILLEGAL_PARKING,train,illegal_parking-5625f7cb293ada54,train,c50df586863ec1e5faa5aa12861710c9aa5100462f8a97a3729772fc112e132a,640,640,38019
archive/train/Parking_Issues_Illegal_Parking/illegal-parking-370-_png.rf.c846b343a3549c420b89a084260000d7.jpg,ILLEGAL_PARKING,train,illegal_parking-8065eab36be8c174,train,2ed9fcddbbe049f4e083725534b24a1bc1c27d9fafdc35255a80ea497f0f53c0,640,640,39298
archive/train/Parking_Issues_Illegal_Parking/illegal-parking-373-_png.rf.07e792976adcc4fce6b44dfc464d4912.jpg,ILLEGAL_PARKING,train,illegal_parking-da11adda38b1d0d3,train,60930b98b6087a93a394a20beaa2af00adc986ab96f1054b60f6fd39431d52ac,640,640,42047
archive/train/Parking_Issues_Illegal_Parking/illegal-parking-374-_png.rf.31536a5da6d5cb740385063e6d038847.jpg,ILLEGAL_PARKING,train,illegal_parking-c385dc117ce115b8,train,bbfc168186e393c30804eaa26586ae578002673846d6e58a362987f4de743902,640,640,36237
archive/train/Parking_Issues_Illegal_Parking/illegal-parking-377-_png.rf.5a645e4ebb34da8cb3e809c0e4416f29.jpg,ILLEGAL_PARKING,train,illegal_parking-13e71585db805b4f,train,47b54584fe30d877822d2a9d01edfaaa4fd283b1f375bf7f5e1e2b6997526356,640,640,36397
archive/train/Parking_Issues_Illegal_Parking/illegal-parking-38-_png.rf.09f4c87597b2af11f0eaf421a9461938.jpg,ILLEGAL_PARKING,train,illegal_parking-36825788c12b3ec7,train,d0663e8c7d82bffe929f2d86ce3f8bd4d715b52e3bd4d469175f08e0378e1805,640,640,32739
archive/train/Parking_Issues_Illegal_Parking/illegal-parking-381-_png.rf.6cb96051cce209f1f83fa0c60cbb2231.jpg,ILLEGAL_PARKING,train,illegal_parking-65c6bd5041a954d7,train,66c7a6f169389a1de328bce0343bcf904b78e698127a9fda5587ca25f4a5d68c,640,640,46528
archive/train/Parking_Issues_Illegal_Parking/illegal-parking-386-_png.rf.a20d170c2fc6204342a6f5f5eafe8fe9.jpg,ILLEGAL_PARKING,train,illegal_parking-726cdcdbcfe7e246,train,e11f58b983f2442401698a6e08265af1163f2eabe66ba5744f19bf7db924fea3,640,640,49413
archive/train/Parking_Issues_Illegal_Parking/illegal-parking-387-_png.rf.aba088794a911322e58c49b4cf839550.jpg,ILLEGAL_PARKING,train,illegal_parking-efbe23b657420db8,train,76d6b33d8c6c807ecd48a93036cf4f51d0d462533da6d7da3901cf2f595164f3,640,640,41544
archive/train/Parking_Issues_Illegal_Parking/illegal-parking-388-_png.rf.e526d22f0d4cc388479c05526067f56b.jpg,ILLEGAL_PARKING,train,illegal_parking-a27a70b1f4971571,train,9c7236774b8090d6f1a5cb811642fc72600ef2ab840ba13f1ea4fae9fe5c3026,640,640,47937
archive/train/Parking_Issues_Illegal_Parking/illegal-parking-390-_png.rf.005addcd7e24f16d863464281239c502.jpg,ILLEGAL_PARKING,train,illegal_parking-605b32394c81f09a,train,af1f17cf21ae360632d56c7433ad181189955cc75b1db8f3c51e4a6d5dd45da8,640,640,45796
archive/train/Parking_Issues_Illegal_Parking/illegal-parking-391-_png.rf.4446e8e93f334028b41c1d2f48ddb4ab.jpg,ILLEGAL_PARKING,train,illegal_parking-ef9a26e10b44e33f,train,f5a541241dd9e06c9cb4b4162736572facd67c9270bf2eb1c476a02af8c32714,640,640,46491
archive/train/Parking_Issues_Illegal_Parking/illegal-parking-393-_png.rf.1069623c44456ca167b6f47b2bc291e3.jpg,ILLEGAL_PARKING,train,illegal_parking-4a133685d119b0e5,train,73318ba2ad12934bc93cd34c7930e0b29815c7427bccb17299ac8bdf4fd57592,640,640,52531
archive/train/Parking_Issues_Illegal_Parking/illegal-parking-395-_png.rf.77d311ce583bf06572c545a5ce7d4962.jpg,ILLEGAL_PARKING,train,illegal_parking-a977603e5a23d297,train,bd07485e26719ac5369d1ea60ac5cc66f39a405e3337ad9d6b6e75ade8da33e2,640,640,58547
archive/train/Parking_Issues_Illegal_Parking/illegal-parking-398-_png.rf.d443e4df8a0a5c5df83b3da4b81c26d6.jpg,ILLEGAL_PARKING,train,illegal_parking-0663c42dc0cf24aa,train,7953f1fe6a9b9a6cac468fa678aad7929b78b6fd67e3c07d251753e06dc80663,640,640,55348
archive/train/Parking_Issues_Illegal_Parking/illegal-parking-4-_png.rf.d4b4e2c90a31bd955700a90f431f01b8.jpg,ILLEGAL_PARKING,train,illegal_parking-2b144eb086e280b4,train,c09cef99a0d48389c752d869c88d62c365a223c5bd6427d13be71849f1d36820,640,640,30542
archive/train/Parking_Issues_Illegal_Parking/illegal-parking-40-_png.rf.81a05180311fb55ddfda6caa956bbd1f.jpg,ILLEGAL_PARKING,train,illegal_parking-421b870b0ba88dd8,train,84ba511b4a942a9c160ceac3c5429aad9f91966624bfd7fbc485a509d3dc0cc4,640,640,33520
archive/train/Parking_Issues_Illegal_Parking/illegal-parking-400-_png.rf.c497493aa9d2f2bfecac69770f5c307d.jpg,ILLEGAL_PARKING,train,illegal_parking-9c887069d7a4e89f,train,88becea06317e9fc7e427f951617ea2d0eac47f541280b7cbd151d32fe18fd9f,640,640,56253
archive/train/Parking_Issues_Illegal_Parking/illegal-parking-403-_png.rf.73450388c65f1be2fed0dfda73ed9271.jpg,ILLEGAL_PARKING,train,illegal_parking-1c5e88104b9808af,train,54a49996c1761f9c7223b52c17704bbe95aac6cee337e89111d79e963612d3cb,640,640,47148
archive/train/Parking_Issues_Illegal_Parking/illegal-parking-404-_png.rf.a1b012c4177b503cf2bfaf87eedba63d.jpg,ILLEGAL_PARKING,train,illegal_parking-43fb361125230eef,train,00c7a0f8323531edba297e2ac97647bad325180033e13b55565dda79efb41494,640,640,35448
archive/train/Parking_Issues_Illegal_Parking/illegal-parking-410-_png.rf.c11f56e5adec4fb9674800df25971030.jpg,ILLEGAL_PARKING,train,illegal_parking-4145f34c8c5d0e18,train,bbc8752c54dd0edb7a1dce9312bba77f60bdef76b4a51f15801ccafab08b7984,640,640,37045
archive/train/Parking_Issues_Illegal_Parking/illegal-parking-417-_png.rf.d2c7f1c252f040336c7c48e59fe4381c.jpg,ILLEGAL_PARKING,train,illegal_parking-2bc6b8a755da3234,train,de5c618fa9d2bb24e06bcff7248ab1f9994cf83bca54163355b55f2349704812,640,640,27945
archive/train/Parking_Issues_Illegal_Parking/illegal-parking-419-_png.rf.66a472802fea995492935a3e81da5cdd.jpg,ILLEGAL_PARKING,train,illegal_parking-b1a4c14bbe51b124,train,24b4028922613ad1cca74ebd3dcc3437748a6f2a6f0c636308181eb0c2eff8cc,640,640,29794
archive/train/Parking_Issues_Illegal_Parking/illegal-parking-42-_png.rf.08be57e75c55b7552b55e0ce19e6913c.jpg,ILLEGAL_PARKING,train,illegal_parking-0e07d4f18dfa31cb,train,30a2b8d897ed8094025bde6a595746715db865dee5f9c71af5a269cc895c8430,640,640,31350
archive/train/Parking_Issues_Illegal_Parking/illegal-parking-420-_png.rf.19575979be2145a842545796687059db.jpg,ILLEGAL_PARKING,train,illegal_parking-b2d1681d3cbeadc9,train,e075e3e8cbc21cc5911ea77520ad675bbd2e8be58cf4a2c1d69e2fc0fb2ffc0f,640,640,34345
archive/train/Parking_Issues_Illegal_Parking/illegal-parking-428-_png.rf.ebe7c5e144315c35e48566ff1673bfa4.jpg,ILLEGAL_PARKING,train,illegal_parking-8dbee15d03ab9346,train,24efbfaddcf71ee6035aa09c9f67cf67dd0363be9cdab47eff68cbddcbf602f1,640,640,33979
archive/train/Parking_Issues_Illegal_Parking/illegal-parking-43-_png.rf.6d7be1b960bbc712b51fc01fe9552c61.jpg,ILLEGAL_PARKING,train,illegal_parking-a733a2e705a4bc90,train,1dd03cb8c90d22ef3227fcc56405eb6bbcc3e46169b99cde6abd03dc8247f8dc,640,640,36739
archive/train/Parking_Issues_Illegal_Parking/illegal-parking-432-_png.rf.31278354a5ad345e0ee5c419ccc1858d.jpg,ILLEGAL_PARKING,train,illegal_parking-69f89509efcf8bb1,train,6ca07dc6a7bcc646d4a6a8de0132d36821b87c2f92f444460f3834115a7840ac,640,640,32349
archive/train/Parking_Issues_Illegal_Parking/illegal-parking-434-_png.rf.6efd5d52ece2cb08ec8dc0cc3de4293a.jpg,ILLEGAL_PARKING,train,illegal_parking-8d28f4a9b0983a1e,train,3693036e1d6a432fdd90f2c60ca3047fcf7de9e5df9d190d433ae908c0f913af,640,640,33704
archive/train/Parking_Issues_Illegal_Parking/illegal-parking-436-_png.rf.1e207c473527b37fdf9fb0ce61ba67be.jpg,ILLEGAL_PARKING,train,illegal_parking-2a9ff6d64d4cabe7,train,ad189dba98bb8ae12e451a9b6a7f8cea590192705494a265d34d2afe1ad7ba48,640,640,31551
archive/train/Parking_Issues_Illegal_Parking/illegal-parking-439-_png.rf.48c207cbf512f304a898d2f838a13570.jpg,ILLEGAL_PARKING,train,illegal_parking-76b0847dad1349a4,train,435afa946b694a3edd47d6885b453f550e16f52ca6b7c6dbe022dada78443f82,640,640,33566
archive/train/Parking_Issues_Illegal_Parking/illegal-parking-443-_png.rf.921764374b60fb822c9a3d8706e24276.jpg,ILLEGAL_PARKING,train,illegal_parking-392b26688df56ac3,train,c463fae21951c80b302886e161eb3b52101e18af7f1559bb0a4b1a0432f94c90,640,640,32781
archive/train/Parking_Issues_Illegal_Parking/illegal-parking-445-_png.rf.7566643b2da9ae02a3049c49e15bc09c.jpg,ILLEGAL_PARKING,train,illegal_parking-3ff0b1be6f61a9f9,train,43e5c2ac638cd076b3e2c642fd8e9bd1b9093494176bc3c05c6e0b67ab66c0a4,640,640,33534
archive/train/Parking_Issues_Illegal_Parking/illegal-parking-447-_png.rf.05a447653040c51516d3b4d31e655c37.jpg,ILLEGAL_PARKING,train,illegal_parking-59213e1b2ba01c29,train,7e689d9844ce161e76ecc196bf095c1d5cc375370a5d9fad12236de36645ed3c,640,640,32357
archive/train/Parking_Issues_Illegal_Parking/illegal-parking-450-_png.rf.36ff48ead7bae631f4d89135888d5527.jpg,ILLEGAL_PARKING,train,illegal_parking-afdac67445a64502,train,aabab5635ce58e5af426c4e3e2018b624aa17db717b89d88442e646fab99bda5,640,640,35704
archive/train/Parking_Issues_Illegal_Parking/illegal-parking-451-_png.rf.c070ef63d126fe1e5b3863cec4d2b1b8.jpg,ILLEGAL_PARKING,train,illegal_parking-01c29ce3fadb1d45,train,da5ceb38014dc96f1f544b326176d3d0ff21b2bd5dd0b483ef51bdb6742ad7e8,640,640,42511
archive/train/Parking_Issues_Illegal_Parking/illegal-parking-454-_png.rf.92da00c98a92635fdf68ac2e05a66df4.jpg,ILLEGAL_PARKING,train,illegal_parking-72881fa8208934ff,train,67adabeba6b78fa9701fb00d659c0d8001567fa252fd46457f117f95ef5889e0,640,640,41839
archive/train/Parking_Issues_Illegal_Parking/illegal-parking-455-_png.rf.f5e906d80dfce1b29351e720c7a2a8bd.jpg,ILLEGAL_PARKING,train,illegal_parking-935a61d64963efba,train,584442fc7ceb82c890a0b99b727e1aafa032c83d5053d8c16041e67bd111e402,640,640,43889
archive/train/Parking_Issues_Illegal_Parking/illegal-parking-459-_png.rf.8b3ceb4b84c78fcb65cdf9bc26da880c.jpg,ILLEGAL_PARKING,train,illegal_parking-b0c13cac5be56696,train,c9c663b7531b4fb20cc4c06f99e9fafd5155da93c2ac38b75ac6044133c5aefc,640,640,38772
archive/train/Parking_Issues_Illegal_Parking/illegal-parking-460-_png.rf.887c91b2f30241627ef8079b00678ec4.jpg,ILLEGAL_PARKING,train,illegal_parking-5a466c002278e4f6,train,35290dcaa0d241a871f350f2c75247a68df11ea81dde0f2d37590fb90723970a,640,640,45329
archive/train/Parking_Issues_Illegal_Parking/illegal-parking-461-_png.rf.c494bc953f550af1df1fbc3141e41f2a.jpg,ILLEGAL_PARKING,train,illegal_parking-609a5136a1e47b2d,train,685b6ed7e0a68c28ac90416a3349495cbbd69582b4cce5b822bea77fc175df7e,640,640,43169
archive/train/Parking_Issues_Illegal_Parking/illegal-parking-462-_png.rf.845ae7c09717c79b3b6d0ffec470dc7a.jpg,ILLEGAL_PARKING,train,illegal_parking-6b78289ec099e4b2,train,ca3d5e71f7a3b209db55d6521177ec7974221a313c24d6456cb954f0b357a786,640,640,33507
archive/train/Parking_Issues_Illegal_Parking/illegal-parking-467-_png.rf.f7d2c5cb9929eaca10d2057eba984574.jpg,ILLEGAL_PARKING,train,illegal_parking-f5727e2465c7f590,train,2e5e19f7c74cb1e146b8a326ce65502ca8c582603867bb1637f9c85b17830575,640,640,32223
archive/train/Parking_Issues_Illegal_Parking/illegal-parking-468-_png.rf.2c36799d26ef51d5b454cc2cc5931a8e.jpg,ILLEGAL_PARKING,train,illegal_parking-d51cb3a8fc36aa70,train,04738a1214e88a9e02aa3223d13c72ba8ff0cd0dcda64b00b7039c44e2591fb0,640,640,35010
archive/train/Parking_Issues_Illegal_Parking/illegal-parking-471-_png.rf.81b1908ef14a1784622e19dc76ddcb93.jpg,ILLEGAL_PARKING,train,illegal_parking-6c9b70a4195db4fe,train,b5e7c1a8905598f07f92a876401ae092b09dd199f420a9855914909c18e4beba,640,640,29240
archive/train/Parking_Issues_Illegal_Parking/illegal-parking-472-_png.rf.0f23250273e4070c4912bc1dd157e83a.jpg,ILLEGAL_PARKING,train,illegal_parking-f0995e56a9e12153,train,77aae197bbf46c94d2c78c1589f73baa595d6e731341b8ec49944f69751a8941,640,640,33556
archive/train/Parking_Issues_Illegal_Parking/illegal-parking-481-_png.rf.64e5005674f9b676c13fc5222ab3a691.jpg,ILLEGAL_PARKING,train,illegal_parking-6cc718e8291bc83c,train,79e19aa3e3c5ee6c04b245ed9d107fdab7a906407656e0b96164be42bd2cc591,640,640,32012
archive/train/Parking_Issues_Illegal_Parking/illegal-parking-483-_png.rf.c5dc817850ee47944310aad90ae651d9.jpg,ILLEGAL_PARKING,train,illegal_parking-7299a6fafc193e06,train,d9af6f1a8b4d809634093536ae98c42535a4790d7051baf94e51f9a8632c2cd6,640,640,42662
archive/train/Parking_Issues_Illegal_Parking/illegal-parking-484-_png.rf.12dcf76731e494cedd3575a6b3decb86.jpg,ILLEGAL_PARKING,train,illegal_parking-c37412cebcc2db0e,train,0697becd733f6b078a792e6c4cc634a82c17c02f83527f9effaea85c09c288b9,640,640,35539
archive/train/Parking_Issues_Illegal_Parking/illegal-parking-486-_png.rf.7b8404d36397f05eb864b1198050a49c.jpg,ILLEGAL_PARKING,train,illegal_parking-8a393b4fe09c8131,train,064d53103fdc037cb2473f12b3affb7a9f9448bc0585edc153538ede4509658f,640,640,43851
archive/train/Parking_Issues_Illegal_Parking/illegal-parking-488-_png.rf.4bd6c922f473db66495e7bd80831d311.jpg,ILLEGAL_PARKING,train,illegal_parking-25bd0b7189e5c28e,train,e29de652f551fe96afb30ce50aee957460a66507c3dffaed9d7e3c06024881d1,640,640,39472
archive/train/Parking_Issues_Illegal_Parking/illegal-parking-49-_png.rf.52525a3771726cd9dbe38c59170536cf.jpg,ILLEGAL_PARKING,train,illegal_parking-32b643412fc0fc20,train,b01b8f29ade6d40a0e7101ca65610d1af233c45d2d1bcc1e787d14fb675384a5,640,640,50212
archive/train/Parking_Issues_Illegal_Parking/illegal-parking-490-_png.rf.20f09bd59a53363cfb79deb073b97514.jpg,ILLEGAL_PARKING,train,illegal_parking-0eed8cd34fa118ae,train,6bc797b49ee8bdf11de68cd01e57bb8cf00a5c5a1b80e9ca9dd3d86e2685a3fa,640,640,36634
archive/train/Parking_Issues_Illegal_Parking/illegal-parking-491-_png.rf.fe77fc09874d53d94b2f39260a19fbf9.jpg,ILLEGAL_PARKING,train,illegal_parking-8edccee51e64f57f,train,1ad5d0e7c3da1e7c4f3796c2e4bc742193ca11c78280e0b85d87d1edfc75117b,640,640,43109
archive/train/Parking_Issues_Illegal_Parking/illegal-parking-492-_png.rf.3326b6c981e6c2d516d240bfb1b497d4.jpg,ILLEGAL_PARKING,train,illegal_parking-49873c9f4aa34a53,train,0558232296c10aa661b0b9de70b872c5ca49d98a04b6ca4982c1a9131b807518,640,640,36877
archive/train/Parking_Issues_Illegal_Parking/illegal-parking-494-_png.rf.b7f0431511adb7d232221d8bfcac2b10.jpg,ILLEGAL_PARKING,train,illegal_parking-ef27de2bb8ed6c36,train,6ea756f91551c04ede0c2ebd2036f733a9bbe8c88315eb0bb91efb2e65a1bd62,640,640,27863
archive/train/Parking_Issues_Illegal_Parking/illegal-parking-495-_png.rf.82db2a1aa113f2df1ff146b842e952da.jpg,ILLEGAL_PARKING,train,illegal_parking-ee185e55daa4ee9f,train,94668eee41559cac92cb7b59a2b32c9cbcfd170b7233a71467f7761ff3eab304,640,640,37966
archive/train/Parking_Issues_Illegal_Parking/illegal-parking-499-_png.rf.7856b94ca9a898f1e68dc7ca386ca21c.jpg,ILLEGAL_PARKING,train,illegal_parking-b6e1737754b00862,train,518d0855b60d86fd0fba5b7e4dcaa4ff65031e9ee38caf23ae219a45d9900e08,640,640,45763
archive/train/Parking_Issues_Illegal_Parking/illegal-parking-500-_png.rf.1008925965d8b729a6be7d14a863ba84.jpg,ILLEGAL_PARKING,train,illegal_parking-afc9bf11cbb5aaad,train,96df8ea773e93ab8812d12713e8977f5bf2c988c6b200d72523fec312afe4fa8,640,640,38430
archive/train/Parking_Issues_Illegal_Parking/illegal-parking-503-_png.rf.f46735e208818817c9b937c51a6c09a5.jpg,ILLEGAL_PARKING,train,illegal_parking-e761e815a20693eb,train,3f3ef1bfcefa41b6683bafac29703da6f767d5ee591c2ce5143f536052af5003,640,640,42461
archive/train/Parking_Issues_Illegal_Parking/illegal-parking-506-_png.rf.64ce4755e819d1071d1b1f4e6adffd99.jpg,ILLEGAL_PARKING,train,illegal_parking-d897f4661f9c236e,train,ef4654fbe9881e429dab0d47d6b10f1fa5dfc7ea02712e403a8c6a1627157aac,640,640,35687
archive/train/Parking_Issues_Illegal_Parking/illegal-parking-508-_png.rf.44300305b9bba3838043d3b3bb3c976e.jpg,ILLEGAL_PARKING,train,illegal_parking-a06fb6a1bbbedd1d,train,deb5bf7a6c19f2efe23502c41dbea19e91b194a1f2857ed15762034d7d835e07,640,640,41440
archive/train/Parking_Issues_Illegal_Parking/illegal-parking-509-_png.rf.1497020928848a38d27deb855e53e716.jpg,ILLEGAL_PARKING,train,illegal_parking-8b900c6e4940d1fb,train,7592d86b4cc6af0bfb8fa1760ddd3b4335a13a8fd70d2aa85034a2f4f005bd0c,640,640,39805
archive/train/Parking_Issues_Illegal_Parking/illegal-parking-510-_png.rf.03f9faf92cef1686251b74412ee04ace.jpg,ILLEGAL_PARKING,train,illegal_parking-d88524c1359d7430,train,c3498c71ace6372abe545433a14d0ba20a90426a1072f6bd384f0c00d0f6f7de,640,640,33036
archive/train/Parking_Issues_Illegal_Parking/illegal-parking-512-_png.rf.73eb62780112b9046f10afe8f3bd27aa.jpg,ILLEGAL_PARKING,train,illegal_parking-d91080f23b52315e,train,cb7d53f9f7446a7a24adad2e1c6b0e8e1ac8d7aea8f1aba8ffec89da51feeb9c,640,640,45650
archive/train/Parking_Issues_Illegal_Parking/illegal-parking-514-_png.rf.e88a1bf7a294827b9122d8d322748a65.jpg,ILLEGAL_PARKING,train,illegal_parking-0aae557c043ea9d2,train,97e69b597b7d0ffd3c6e21e22832d7c493910909ac28ffb8cbbe184776a32b74,640,640,55835
archive/train/Parking_Issues_Illegal_Parking/illegal-parking-517-_png.rf.807d478a3a33b685dee8d0b4725ba8fa.jpg,ILLEGAL_PARKING,train,illegal_parking-ed6e8992fb676a83,train,375edfd9003a598778c67b66dd9995802799477f88a8997f65ef9ac3e525a29e,640,640,42793
archive/train/Parking_Issues_Illegal_Parking/illegal-parking-518-_png.rf.681ac38817149452868516bd0a8b6b7e.jpg,ILLEGAL_PARKING,train,illegal_parking-3634cf98a0103860,train,02383e7c2fe32c3d232112aba743b10ad986507d0c30722d381ac04ae710f072,640,640,46457
archive/train/Parking_Issues_Illegal_Parking/illegal-parking-519-_png.rf.846f87df61a1cae836049e5a0b0be92c.jpg,ILLEGAL_PARKING,train,illegal_parking-4a582eaafe870af1,train,6c18ad003479c37d44620fdfab6594542f717f11d0c758ae8edc840124b85ade,640,640,61373
archive/train/Parking_Issues_Illegal_Parking/illegal-parking-52-_png.rf.678b057b2da55d1e121fb743e3213e71.jpg,ILLEGAL_PARKING,train,illegal_parking-50fd51af6775c06d,train,6d0a9980dcaaa534774f3ea19388749504448c155fd196d3497b0daebbaa120f,640,640,33379
archive/train/Parking_Issues_Illegal_Parking/illegal-parking-520-_png.rf.233ad9de71e76a1e3796a112b9a9475d.jpg,ILLEGAL_PARKING,train,illegal_parking-da2370e8efe94cff,train,132316b637fde9bd15ab977c75c760642f1ee1e51c6e5d81dc3f60238c679d79,640,640,43080
archive/train/Parking_Issues_Illegal_Parking/illegal-parking-521-_png.rf.2e88b6bb7c6a9c3beb6ba95055b6640f.jpg,ILLEGAL_PARKING,train,illegal_parking-bd502b4ac02d2440,train,f12dbb278ffb6606654d612fcf681871fbc64b93ba7f43a8b1c1a4ddc0250f8a,640,640,57512
archive/train/Parking_Issues_Illegal_Parking/illegal-parking-522-_png.rf.dbf75520a998689e8bd9c5dfa84a9fec.jpg,ILLEGAL_PARKING,train,illegal_parking-c9101b895975525d,train,1178f6b0f4299c4a4aaa8881392fd51cfde18357117e8697250d40ed1efd88b1,640,640,57812
archive/train/Parking_Issues_Illegal_Parking/illegal-parking-523-_png.rf.028dc3860af0b213f2ff6c55c6757ab2.jpg,ILLEGAL_PARKING,train,illegal_parking-37b024dba0ba7370,train,be3e07be9400ec7000e69c0d679a053ff39dd8e4860b7681351abd83758be9d3,640,640,55010
archive/train/Parking_Issues_Illegal_Parking/illegal-parking-527-_png.rf.129547627d1d3b1c65557f0446118462.jpg,ILLEGAL_PARKING,train,illegal_parking-ed7138c3d5316edf,train,bbc8218c7adba10ea38f2002cfb674230404ac1da9d5bc1316174202722da5b7,640,640,30271
archive/train/Parking_Issues_Illegal_Parking/illegal-parking-528-_png.rf.f3f23a6c25b1c9016a63953d58d62c27.jpg,ILLEGAL_PARKING,train,illegal_parking-55d9b405e0feb88d,train,c696c4683944b927164f740b360c1a3eeefa63e598c5ecadeb85f006d1b9deaa,640,640,53851
archive/train/Parking_Issues_Illegal_Parking/illegal-parking-529-_png.rf.a011d8dec024297d9d7baee2be4368bd.jpg,ILLEGAL_PARKING,train,illegal_parking-0284785127786ebd,train,c07f4a9ee3f2c27c096563252771673a2b8ca68bc8a0e3b2a9d7e9659ef5e5b1,640,640,42622
archive/train/Parking_Issues_Illegal_Parking/illegal-parking-534-_png.rf.b4268594af9e40f50493451b886dd406.jpg,ILLEGAL_PARKING,train,illegal_parking-a0b43a9a29619702,train,c8321689b24c7c524a9b5d505c7be9f3e9be20a8a876253191a1ab32086d9757,640,640,36016
archive/train/Parking_Issues_Illegal_Parking/illegal-parking-535-_png.rf.b3936fff6cbfa383519b727e7e68a557.jpg,ILLEGAL_PARKING,train,illegal_parking-8f2a28934b3146da,train,12654008b25db19033a75ef1f6be6fa6d9134d869f5f70d54aee584f2fd40e3e,640,640,40836
archive/train/Parking_Issues_Illegal_Parking/illegal-parking-537-_png.rf.570df4a89a9c595ffb16e81f26cda821.jpg,ILLEGAL_PARKING,train,illegal_parking-19f6b4f3035a1f81,train,8f312f420b7643b39207a8cbb903d81b291dc2a73143843403896d63bd33eb13,640,640,36854
archive/train/Parking_Issues_Illegal_Parking/illegal-parking-54-_png.rf.ce24a47ca68ec99f9f2491b082e6820e.jpg,ILLEGAL_PARKING,train,illegal_parking-f7506186d4fa4406,train,7ae3ce5afa22735531641a21ded730d498f86fa61773493cfab8954c5a9f97a6,640,640,33935
archive/train/Parking_Issues_Illegal_Parking/illegal-parking-541-_png.rf.d225e16a34efcafd640eb4c804e3aa7d.jpg,ILLEGAL_PARKING,train,illegal_parking-2c1ff31b6dab187f,train,27acb200bc7afd0aa399dd50a15bc52181723859bcc28c2412f5d8681d7b636a,640,640,28999
archive/train/Parking_Issues_Illegal_Parking/illegal-parking-543-_png.rf.00d034b4c849b51f00e21b45cc813704.jpg,ILLEGAL_PARKING,train,illegal_parking-394a18215b8dd3a5,train,1577dfa117c9a7577832d992b6b10bef8784d16977a4f0b53b2a661f79c9f9d5,640,640,30478
archive/train/Parking_Issues_Illegal_Parking/illegal-parking-547-_png.rf.59a2bf9184388055df4660c2e287aadb.jpg,ILLEGAL_PARKING,train,illegal_parking-a59be4e410492da7,train,65cd5e6bd5249f960a412e89a8b8272edf501ec1a1d92821041cb1eea0b14ae0,640,640,22651
archive/train/Parking_Issues_Illegal_Parking/illegal-parking-549-_png.rf.a912f151087d3fd89fc70dc9279ca74b.jpg,ILLEGAL_PARKING,train,illegal_parking-42fba20228cd3c56,train,2de58a19ff60448a3b9b6011e719ab81d7753754cad48d750e73cc48b3fae14f,640,640,27767
archive/train/Parking_Issues_Illegal_Parking/illegal-parking-554-_png.rf.d14edd011ac0896bb80e580f0a5a38fa.jpg,ILLEGAL_PARKING,train,illegal_parking-ee1615a4f50c6387,train,e5d3c6d67b419efa5c8dac4e6c503876f0c5643de7d17d3853e1b419c374e827,640,640,43810
archive/train/Parking_Issues_Illegal_Parking/illegal-parking-555-_png.rf.30a15443e17d49a872d4a1a0279f893f.jpg,ILLEGAL_PARKING,train,illegal_parking-ccbc90907392b567,train,85091bad12e42361ea38ccc1f73765f62579b56081343ef116f1f709b8999108,640,640,37062
archive/train/Parking_Issues_Illegal_Parking/illegal-parking-565-_png.rf.b28922a552815302f8aae0c6b88b0958.jpg,ILLEGAL_PARKING,train,illegal_parking-636eac91cb23f05a,train,d663688bae1087be78b597c4c68be31a5435111c7b4562a714def55a5518adbf,640,640,47399
archive/train/Parking_Issues_Illegal_Parking/illegal-parking-566-_png.rf.14fe76a87ece5923761ea7dec35e7ec2.jpg,ILLEGAL_PARKING,train,illegal_parking-99c3c03554b4ce22,train,f14c4fc28e7e8004852de087bf91adb8ca4be9e0a5653010e5950508c8e8e53c,640,640,51242
archive/train/Parking_Issues_Illegal_Parking/illegal-parking-57-_png.rf.8537685b7739415ca6e9f1d8bcfc494d.jpg,ILLEGAL_PARKING,train,illegal_parking-694c6fd4158dd766,train,89168900792e1567b923ff3930fb34089e4f0e5a5f212338161d03d892e64ade,640,640,39603
archive/train/Parking_Issues_Illegal_Parking/illegal-parking-576-_png.rf.7a94656ac1932ef6be4719e92a36f422.jpg,ILLEGAL_PARKING,train,illegal_parking-be2918fd2bbb538b,train,6f1d06da91573decc63ec10d9f3aed03b3009c758e25530b7b2997f93bba97ba,640,640,41762
archive/train/Parking_Issues_Illegal_Parking/illegal-parking-577-_png.rf.009a62efeed29becd84e01ff344da642.jpg,ILLEGAL_PARKING,train,illegal_parking-5d81736ef6283de9,train,91540ea68d324f7a3093ac965e0702be6a182827a01344edb7112272ce63bcd5,640,640,21845
archive/train/Parking_Issues_Illegal_Parking/illegal-parking-579-_png.rf.76fe13af9f63977eb14f8396ba80b554.jpg,ILLEGAL_PARKING,train,illegal_parking-4bf4b7ec560084a0,train,4933b87a130c0c3eb6fe93ad06fc536b8520c41de34fda1816413de6f4f9d824,640,640,24877
archive/train/Parking_Issues_Illegal_Parking/illegal-parking-58-_png.rf.933cba037fe596e0b3e5df92b0830eff.jpg,ILLEGAL_PARKING,train,illegal_parking-e007abc04b83275d,train,daa80f13c7db2bb995c8cbf068e4e9a8183179f4057afd5f6a2272176450f382,640,640,46307
archive/train/Parking_Issues_Illegal_Parking/illegal-parking-587-_png.rf.b8f0c4d8a2f05c2ddfae36d1b767935b.jpg,ILLEGAL_PARKING,train,illegal_parking-66499279866487a7,train,e4f8b081c2c4a350ccbe767a8d7ae387fb6a81afc16542c57ee84abc017d9034,640,640,30737
archive/train/Parking_Issues_Illegal_Parking/illegal-parking-59-_png.rf.2dd656562d2817cf35a5a4e7000345de.jpg,ILLEGAL_PARKING,train,illegal_parking-1ffeb71440907ef5,train,813ed987bde1921052a5eb13d4ea6cb120e298d4bf71e793cf38a0dcbc9bb02c,640,640,53135
archive/train/Parking_Issues_Illegal_Parking/illegal-parking-590-_png.rf.b832e307c38ea06f1003ee03b1fc41fc.jpg,ILLEGAL_PARKING,train,illegal_parking-ae1896336ac25641,train,3a19764c102aea947e0c431d856c679a0236472e534c8232d2baa046ee0f48a2,640,640,32824
archive/train/Parking_Issues_Illegal_Parking/illegal-parking-599-_png.rf.1690694cc50d400fa50e8f0be823d62f.jpg,ILLEGAL_PARKING,train,illegal_parking-832431b8a3c073a1,train,b52e25d990e909aad82f6bd7511c9051f51d499c3fc0c0b50b8aab283f429255,640,640,28988
archive/train/Parking_Issues_Illegal_Parking/illegal-parking-6-_png.rf.e91fde176795beaf7e0d120b1ebcdb8c.jpg,ILLEGAL_PARKING,train,illegal_parking-6303741362cacaf1,train,3cb8dcdf17c0fbe41431898497a91955cff409188fd8bdcf9ce2fbc1636a954d,640,640,48433
archive/train/Parking_Issues_Illegal_Parking/illegal-parking-60-_png.rf.f788c35db6a82f719cc99376c8ebf607.jpg,ILLEGAL_PARKING,train,illegal_parking-f96f207db8cfc150,train,8efefc15a1d4da847f200b3eea76e69230a0b14924cca5adcd1257c7c74e2b0d,640,640,57087
archive/train/Parking_Issues_Illegal_Parking/illegal-parking-604-_png.rf.ec5c7e61350fdee15e6169ae5f43e1f2.jpg,ILLEGAL_PARKING,train,illegal_parking-2da421efe76f41ae,train,f12a32e63c88e71fa1ed756bd81bba22946401474e079d8fe0bcae6f37d3f3eb,640,640,37595
archive/train/Parking_Issues_Illegal_Parking/illegal-parking-608-_png.rf.80b35c2e1bd5ea0fda14f32570d55c58.jpg,ILLEGAL_PARKING,train,illegal_parking-598783f7e0ff1eeb,train,97da85d160a0c2c8996380c91fea328373a48d56f009aa2cd57b039883f2bfd2,640,640,48237
archive/train/Parking_Issues_Illegal_Parking/illegal-parking-611-_png.rf.ac55ebfb19e5cce3a19ea73b25133a28.jpg,ILLEGAL_PARKING,train,illegal_parking-23cdddd3d2045a68,train,1d746ef120b52b9136d16e18ebbc0c1f5bcb227063e82e46f5484a630f3ff9d3,640,640,40799
archive/train/Parking_Issues_Illegal_Parking/illegal-parking-614-_png.rf.d23920efe1914574177a8058a35546bd.jpg,ILLEGAL_PARKING,train,illegal_parking-e2a229ed50bb8750,train,f5d37cd98db44bcd5936b8287b2f677dda05f485405fbab819b9154f60d541b2,640,640,43819
archive/train/Parking_Issues_Illegal_Parking/illegal-parking-615-_png.rf.6a38917b58e24f7ee99ded975747d371.jpg,ILLEGAL_PARKING,train,illegal_parking-15e1b2ef9d420816,train,58ef5d5861353fc2d4eaeeeb9b9f59fe0776718fa7da28b67e99deab271ca2d8,640,640,41140
archive/train/Parking_Issues_Illegal_Parking/illegal-parking-617-_png.rf.c64b89a94e7e841940727b1c126cc2af.jpg,ILLEGAL_PARKING,train,illegal_parking-b221d10cee2c0f28,train,9dfbf710f3a598f0d50e3e79ba1e335c299c0c78c59dd7a6fb616b2743c8b20a,640,640,33053
archive/train/Parking_Issues_Illegal_Parking/illegal-parking-619-_png.rf.d0dd8bcde00ebd27e6a50266d9926ae0.jpg,ILLEGAL_PARKING,train,illegal_parking-27f8715060978b19,train,03196d7c20cfa259a727c2355e822983a09fef585554ef96d73cade1be15d221,640,640,41635
archive/train/Parking_Issues_Illegal_Parking/illegal-parking-62-_png.rf.90c09a47cc804dd03bfd5d361a7ab249.jpg,ILLEGAL_PARKING,train,illegal_parking-52129fb674385ea2,train,d37407df32896f3de447f9eb068b0f549c7a777cc76ae1ba14651473d447b9f6,640,640,41704
archive/train/Parking_Issues_Illegal_Parking/illegal-parking-624-_png.rf.0efa24b4e5e3e4332fcfcdc31af882f4.jpg,ILLEGAL_PARKING,train,illegal_parking-ebc4e4b610228e62,train,ac9b3ca62acf83998b1d4e03b3248d3f3e9e5cf56701a00112f3e96e49bcd8d4,640,640,29247
archive/train/Parking_Issues_Illegal_Parking/illegal-parking-625-_png.rf.dc7befa81e02c5e97736a773905933ea.jpg,ILLEGAL_PARKING,train,illegal_parking-3ff2f308dcc1b625,train,d4a988ec67e1154bc08858a8d98c1e3bcb40a28b9f6ca21d960ac20c8e7020fe,640,640,35481
archive/train/Parking_Issues_Illegal_Parking/illegal-parking-63-_png.rf.49dbca990e4006e23cfdf97542d9864c.jpg,ILLEGAL_PARKING,train,illegal_parking-97f952339feb6d22,train,c7a4bc1c60a19de5f0a6c0ddf272edf3e5d4b95e474d7acc444ddfe582b4d241,640,640,46129
archive/train/Parking_Issues_Illegal_Parking/illegal-parking-630-_png.rf.07c897e252e95669c639baa32974e251.jpg,ILLEGAL_PARKING,train,illegal_parking-a1b60a0a69981341,train,ae4970a4b70fc43dcb7443ea89aba7fbb079c0e9c55b296505db80ecd84f18a8,640,640,41075
archive/train/Parking_Issues_Illegal_Parking/illegal-parking-632-_png.rf.77f52016b71c40ab6b1800dfcebafe26.jpg,ILLEGAL_PARKING,train,illegal_parking-24be2fb62506664a,train,d54157d2c6f62fbbc57a03a9ec729f4414a733d44f50bb68b9a5860920b57c74,640,640,36804
archive/train/Parking_Issues_Illegal_Parking/illegal-parking-634-_png.rf.d215c0ccbf253e717e6aeee7135b71e1.jpg,ILLEGAL_PARKING,train,illegal_parking-a5ec06837d2f288d,train,133cd5b832c859a5c3435b28455f03b169807caf477e6d955bf2333e1b09ff3c,640,640,42543
archive/train/Parking_Issues_Illegal_Parking/illegal-parking-637-_png.rf.00a9a0e4f8ea4a1bdb7c4fe7fe99ebf3.jpg,ILLEGAL_PARKING,train,illegal_parking-772540566e4ef20d,train,f4bd5a6c5876a017c05099e5dfae16bed2274f1668c642123dadfd17328de497,640,640,48848
archive/train/Parking_Issues_Illegal_Parking/illegal-parking-64-_png.rf.2b9be09c53076fcd0f902a562c08232e.jpg,ILLEGAL_PARKING,train,illegal_parking-8b7f5e8cfcc6322b,train,a5bb2633eae7be06bc19c771d8b71f5ab7680761edf6fd954d9e7554062fc2b1,640,640,48898
archive/train/Parking_Issues_Illegal_Parking/illegal-parking-644-_png.rf.3f03e0fda41a5f03adedbbc47392f7c7.jpg,ILLEGAL_PARKING,train,illegal_parking-0034644fd4024705,train,628806ca5b9085510b7b6d8332af0b63c85c2db736c5a267c8703dd4ee80518b,640,640,36909
archive/train/Parking_Issues_Illegal_Parking/illegal-parking-647-_png.rf.d9d62e449097f9a7768492106d0fbffe.jpg,ILLEGAL_PARKING,train,illegal_parking-07c2214e664a3028,train,9914c489c943ce9a4f718dffebe9e524a1cd78f57cc1d9e6bb88f30b285d3c54,640,640,31333
archive/train/Parking_Issues_Illegal_Parking/illegal-parking-648-_png.rf.f2c1c96f3d107ed8bf94ed9195b69050.jpg,ILLEGAL_PARKING,train,illegal_parking-2e1c4f79dcba77cd,train,1084425b52045e37364524ad64116347fa69a3f6f3a16a7bb9b8677bedf5ce92,640,640,25436
archive/train/Parking_Issues_Illegal_Parking/illegal-parking-652-_png.rf.6c36d5f03e5fe6e997381003e66798c2.jpg,ILLEGAL_PARKING,train,illegal_parking-33d1e9b5e73ababc,train,cf0ebd6c35cf84b7d6eb5c14700b927a27fd5b5ac7175eea4e22fc1ec7d0cb4d,640,640,38407
archive/train/Parking_Issues_Illegal_Parking/illegal-parking-654-_png.rf.d415ea42a15d658065da3d265a3d501e.jpg,ILLEGAL_PARKING,train,illegal_parking-34c7e9c53cf40b81,train,98aaeaba08524482422764b46c6f958569c559f8b76284b5e32371b0268ea8c1,640,640,31309
archive/train/Parking_Issues_Illegal_Parking/illegal-parking-661-_png.rf.f652ad430d698b9a7fe74b88c3c2ee8a.jpg,ILLEGAL_PARKING,train,illegal_parking-761b635d84c57081,train,92bebab66ccd6c66adb7fc610b4015c752cd4f37b081d7114ec835e57b2ba4a1,640,640,39841
archive/train/Parking_Issues_Illegal_Parking/illegal-parking-662-_png.rf.6688e627503ef8a003d621b891cfe8bb.jpg,ILLEGAL_PARKING,train,illegal_parking-1a9ae19a490c568a,train,fb81312caa06b75f53d78382a5a62c0225f1d63abb963c0e0cc939a5d0f34f68,640,640,32484
archive/train/Parking_Issues_Illegal_Parking/illegal-parking-674-_png.rf.2084aa61a5280548c48ebc85709906c9.jpg,ILLEGAL_PARKING,train,illegal_parking-6ed3ace3c1df980c,train,b33d16b9f7c70a7a58395ed81c51ac24a4f6009dd3ae59d13b82141a247b7d98,640,640,37476
archive/train/Parking_Issues_Illegal_Parking/illegal-parking-676-_png.rf.57914912eebbb4acf1194a0a3269b284.jpg,ILLEGAL_PARKING,train,illegal_parking-53f051aed546d22c,train,fcbf733f81a057bcb34f5fe2a819bf873d5b33443772f35c55293791ada95d53,640,640,33289
archive/train/Parking_Issues_Illegal_Parking/illegal-parking-679-_png.rf.29bf61195c9e64396f56090ddb5d48d5.jpg,ILLEGAL_PARKING,train,illegal_parking-908f38048aede47c,train,18b46d16f18b7702d00f08902725987b594a2f86bc06cafcbd66451c72815943,640,640,34872
archive/train/Parking_Issues_Illegal_Parking/illegal-parking-681-_png.rf.81db0674a38dc8862d09edaaf90e771b.jpg,ILLEGAL_PARKING,train,illegal_parking-29fc5466df27db59,train,c87da70315e19e0a1ff36dcadcbafbb257b9404250538c344703ece95968359d,640,640,47205
archive/train/Parking_Issues_Illegal_Parking/illegal-parking-682-_png.rf.314ab648021c73a3967a155b28234ff5.jpg,ILLEGAL_PARKING,train,illegal_parking-5f6b19898a4b9ff1,train,726d87c69898a86ed4470fa5c5314d26e0ed8a1ebc8ef1b6779dff5e79e5dbc6,640,640,36782
archive/train/Parking_Issues_Illegal_Parking/illegal-parking-685-_png.rf.485a1f63327c60be0577ef8de1950f05.jpg,ILLEGAL_PARKING,train,illegal_parking-5eddddfadfc17aea,train,2a3c90b37fd9d89ee6ca541a01f3c67cfcd283177f06286ef381d7d024135c6a,640,640,44055
archive/train/Parking_Issues_Illegal_Parking/illegal-parking-69-_png.rf.839d2267a838180518d50a4079e0b961.jpg,ILLEGAL_PARKING,train,illegal_parking-830571a9b354bf18,train,68c8917036d0ed09a8ab3121a0bad12024fa481a83b855470ba71bdcbf60a563,640,640,51402
archive/train/Parking_Issues_Illegal_Parking/illegal-parking-7-_png.rf.2f4c2643cd67a9c545ef3bea96613d99.jpg,ILLEGAL_PARKING,train,illegal_parking-d460fb5c40fb38d0,train,5f0ef8dc3cabc3a64bcade1ddae845dc409943afd4cf86dd3a0f9f2c5bc9016c,640,640,66141
archive/train/Parking_Issues_Illegal_Parking/illegal-parking-70-_png.rf.cb2b5826cd3a0f1d7f7afbd4ff235cde.jpg,ILLEGAL_PARKING,train,illegal_parking-f774a055cc1f2a94,train,8a16af50b2ef80fbe690c22a4eb1d99f0e94468f477162c2f62a6ced6d0293af,640,640,39795
archive/train/Parking_Issues_Illegal_Parking/illegal-parking-700-_png.rf.d664687d2b7aa2cc5c407b59a79c016c.jpg,ILLEGAL_PARKING,train,illegal_parking-5a5a1c3457f1d093,train,92c8efb171267cf7f6655211efe8037bd2d3b95949a823bb6f4e02555e5e5054,640,640,56188
archive/train/Parking_Issues_Illegal_Parking/illegal-parking-702-_png.rf.51f1ffcbc340796c39f308cd11e1fbf4.jpg,ILLEGAL_PARKING,train,illegal_parking-8f76b1e54b1f4cb3,train,ae3d1357e88574a696eafc4648ef29fee963889fed6c29c7953c9140cf4682a3,640,640,41555
archive/train/Parking_Issues_Illegal_Parking/illegal-parking-704-_png.rf.acd93e36ee1ffd362bb0aadd205c6e87.jpg,ILLEGAL_PARKING,train,illegal_parking-e15abcf117a3dc9a,train,98d8fff15c2bbd30a9892188a16154554ef984a86649c87aa2cd11f5f2e4c955,640,640,47178
archive/train/Parking_Issues_Illegal_Parking/illegal-parking-706-_png.rf.ca1d57fa5ef75a98dc58e58d3fdaa728.jpg,ILLEGAL_PARKING,train,illegal_parking-76a53637fb7ce6d3,train,6ae941139f221efe3e0a78c58cb10040471ee4534870bac74633f579607d625c,640,640,38279
archive/train/Parking_Issues_Illegal_Parking/illegal-parking-708-_png.rf.3b8d260e35892e6ff69e48c060955a13.jpg,ILLEGAL_PARKING,train,illegal_parking-4945199623838e96,train,a169f2452c90b6404714cdb950ac215a6a0efad0af4b6c8454e7228649b03cef,640,640,30964
archive/train/Parking_Issues_Illegal_Parking/illegal-parking-709-_png.rf.216089efa0d0e3f6b3d69d76e244f6ed.jpg,ILLEGAL_PARKING,train,illegal_parking-3b7f51c237413ddb,train,7ac4c63393cff56725ab169552c63236362268987342b5acb0a4d20d6345ca37,640,640,28799
archive/train/Parking_Issues_Illegal_Parking/illegal-parking-713-_png.rf.74807b031e4ad5a496c2cac05e2d8729.jpg,ILLEGAL_PARKING,train,illegal_parking-31a2427a7571b8e6,train,b4d7b93bdd17fb2eb18cfb564214ac5767fd8d490df32952a5ed2d72de223745,640,640,30365
archive/train/Parking_Issues_Illegal_Parking/illegal-parking-718-_png.rf.44fbb9e3d35e50ffb4a11283a7578854.jpg,ILLEGAL_PARKING,train,illegal_parking-ed82343753d17567,train,38924fb5b96bcc25e337815a216b4ecb79f1608efff3ccc974aa77133e5bf53f,640,640,28027
archive/train/Parking_Issues_Illegal_Parking/illegal-parking-719-_png.rf.1619383dba107d8ff49c6078a5e98a99.jpg,ILLEGAL_PARKING,train,illegal_parking-f7e930b4437ad05f,train,1064ac8224024d68082fe10c584e584352e024526525f78b82fcd28e115cf657,640,640,23104
archive/train/Parking_Issues_Illegal_Parking/illegal-parking-72-_png.rf.7f56946378eb1c14b9712f89d881b0e0.jpg,ILLEGAL_PARKING,train,illegal_parking-a551c76ccb48af69,train,98635aa943b1f600d89aa994a1d70764686675946813e3e839a6d7c6b0936b1d,640,640,37788
archive/train/Parking_Issues_Illegal_Parking/illegal-parking-727-_png.rf.b9cadd5d3ccebc898f5d60e035187f3d.jpg,ILLEGAL_PARKING,train,illegal_parking-0bf75836fbbb548b,train,6b1c3448841e1f1a930717fb9fcf9db2da9056e35b83b4e1e87683ad695255b9,640,640,34466
archive/train/Parking_Issues_Illegal_Parking/illegal-parking-730-_png.rf.588a7f169c3b135250aeb8806947c169.jpg,ILLEGAL_PARKING,train,illegal_parking-b4611be1935ca9ad,train,81bd8d7712bcb58c756d77e2f070fc06aa7857fcf7ae2e82859094357643cb8b,640,640,31681
archive/train/Parking_Issues_Illegal_Parking/illegal-parking-732-_png.rf.0e8ac8e8c8eb5e82d9cf818eda56b81b.jpg,ILLEGAL_PARKING,train,illegal_parking-95b641c3dd35afa1,train,d8249cf72fcc2ed408d60c6bfd75b5b00a1d8d6e3fdb14dc1b64b497fe506714,640,640,33839
archive/train/Parking_Issues_Illegal_Parking/illegal-parking-734-_png.rf.e693b7915b92b92d3b4b3d4a7e0e5d94.jpg,ILLEGAL_PARKING,train,illegal_parking-12c0a6f124540994,train,32233edeb05523993356b914e954ac5df3411e0a9f65a34ba4a6f2e25171e52b,640,640,33421
archive/train/Parking_Issues_Illegal_Parking/illegal-parking-735-_png.rf.98dd78e52bfe5a3d2c6f5794c138e9d8.jpg,ILLEGAL_PARKING,train,illegal_parking-e232ca47f0d6bf90,train,7a5fe19bae7fad5640d4ea075e1ea3eca60400bef754067b63fc0bfb1267710d,640,640,29367
archive/train/Parking_Issues_Illegal_Parking/illegal-parking-74-_png.rf.a0aff3786dcd80ea2d2a551e31bc872d.jpg,ILLEGAL_PARKING,train,illegal_parking-0fbb70fd76a0d184,train,00aa8a8f6ceb889e1ae95a23280509968a0cc692d17de0a191b7a9a3f3a7bb21,640,640,34628
archive/train/Parking_Issues_Illegal_Parking/illegal-parking-741-_png.rf.0f7d232e577f61d4a3d0efc37c287fbf.jpg,ILLEGAL_PARKING,train,illegal_parking-759a9501fc357327,train,ea50fb2b81235a76bc7263e2a41be6947f1b1f80abce7dc74fbca163cd657b52,640,640,31445
archive/train/Parking_Issues_Illegal_Parking/illegal-parking-743-_png.rf.0a6d7b707a92dbf74d9cc5987c7c74c8.jpg,ILLEGAL_PARKING,train,illegal_parking-d1391d3f2508888c,train,abcc414e6c79c35e4dc2c61051dcefeb92bb15b62c4ff48430745a357a2f1f89,640,640,30729
archive/train/Parking_Issues_Illegal_Parking/illegal-parking-75-_png.rf.46dfa785d4b25deced9472c8f230044a.jpg,ILLEGAL_PARKING,train,illegal_parking-784bd55d52f7d6db,train,9b1196bc4cebb11ec3aa6b2e3e3d6637a42d593c0c53a91aa91215e2c396c8b2,640,640,34730
archive/train/Parking_Issues_Illegal_Parking/illegal-parking-76-_png.rf.14f67de522539a11f1687fab05e3474f.jpg,ILLEGAL_PARKING,train,illegal_parking-3e83922acec7984b,train,67e2516aa8785ce43b15be51641960136fcedff401d0d7322b949589db36064e,640,640,43267
archive/train/Parking_Issues_Illegal_Parking/illegal-parking-761-_png.rf.806ac4a5e87891eb4b2632ffe18dc738.jpg,ILLEGAL_PARKING,train,illegal_parking-9895311f10ce9aad,train,f38f2d07186ee1261371a732897a835094bc43434a6f6f0cbfc36a809d5583e4,640,640,44801
archive/train/Parking_Issues_Illegal_Parking/illegal-parking-766-_png.rf.34b3998b0ed539278958fe93eb6cd72b.jpg,ILLEGAL_PARKING,train,illegal_parking-dde47f34fd34c45b,train,f2594271c159b3885e50eff429dc0e633f46c8b55bd59ae279445382d5ce3f54,640,640,35298
archive/train/Parking_Issues_Illegal_Parking/illegal-parking-772-_png.rf.b0e4105edfc2a0bf5107798ea3878ccd.jpg,ILLEGAL_PARKING,train,illegal_parking-1b9ad1a9e42c7679,train,fdc97f0c98c6551b85346b2594a977a0d2fc83f493d9994822a2c0e1416fa604,640,640,31770
archive/train/Parking_Issues_Illegal_Parking/illegal-parking-774-_png.rf.fdb30ec101ea7fa16ce4f53e1a1c0a05.jpg,ILLEGAL_PARKING,train,illegal_parking-73c48f44ddf59852,train,c0e2bf76ab5fb21d2d5a67130ad326e77c54cca1c88264094b2fbf60177155cd,640,640,44700
archive/train/Parking_Issues_Illegal_Parking/illegal-parking-777-_png.rf.02a02c3e4ec90df0744b906a5f821a8c.jpg,ILLEGAL_PARKING,train,illegal_parking-3522c0276352e7ea,train,599365d986d74aa2aca2d1fc585a82ab0ee2ee6b39c57a0e13f4194481690810,640,640,31395
archive/train/Parking_Issues_Illegal_Parking/illegal-parking-778-_png.rf.fec8a08afd629146afcc307e4bc571c2.jpg,ILLEGAL_PARKING,train,illegal_parking-bae462edbff5e852,train,ea09661f78066080df16547e517a809b4af6351167ccef0050eaaee996eba551,640,640,31049
archive/train/Parking_Issues_Illegal_Parking/illegal-parking-779-_png.rf.8e31c0f48bfd5fef85f8962d5247b7b9.jpg,ILLEGAL_PARKING,train,illegal_parking-661a439fb98a05bb,train,dc4fd3b4ead16c707df9dacc669230a5968993ee6ae504c8e7b1fa99071ef3af,640,640,26931
archive/train/Parking_Issues_Illegal_Parking/illegal-parking-782-_png.rf.87e8b4828c116148cf70b3ec71124de4.jpg,ILLEGAL_PARKING,train,illegal_parking-b04067a0004e9b8b,train,c3a141fd6dee9936df6a9bd289e4aeb54ca48c64f9f516dc970bc9305fb32cb0,640,640,31120
archive/train/Parking_Issues_Illegal_Parking/illegal-parking-783-_png.rf.e33607889ee6ca9be2f141f1e2cdad5b.jpg,ILLEGAL_PARKING,train,illegal_parking-10a6a51e350307ae,train,17ded5193a090bc03b9f3c5aa4659d006a8d7166f88bad87e9d3f537b880e838,640,640,32003
archive/train/Parking_Issues_Illegal_Parking/illegal-parking-784-_png.rf.265fe7f3a5cff4134053a182d340600a.jpg,ILLEGAL_PARKING,train,illegal_parking-6f6e479e38a5f516,train,93676a4e0c0708befe673dbb6156aabbe4901c22f3085e589b4a5a213da58cd4,640,640,42700
archive/train/Parking_Issues_Illegal_Parking/illegal-parking-786-_png.rf.f25c1964294c25353adc55d5300e249c.jpg,ILLEGAL_PARKING,train,illegal_parking-1836a9ef9737682e,train,c3563f24e257dc9bf5b1f6103597597490f36331bf955db738f7447c8f0dd10c,640,640,37041
archive/train/Parking_Issues_Illegal_Parking/illegal-parking-79-_png.rf.58a373200b286a10099e9dad36482c91.jpg,ILLEGAL_PARKING,train,illegal_parking-46ff1272e86ef41c,train,73d88c17b3180026024ae4c3ab840222f5c21cffdab073ee8512f8efde553ebc,640,640,52638
archive/train/Parking_Issues_Illegal_Parking/illegal-parking-791-_png.rf.f8d2fd57c100cb1800e41d7e9bb127db.jpg,ILLEGAL_PARKING,train,illegal_parking-ffaa86f48f06dade,train,f97b5329517b14a443acdc264e6f4dcd77052006fbe53cc5f7f8a7cd17804a97,640,640,31660
archive/train/Parking_Issues_Illegal_Parking/illegal-parking-793-_png.rf.5b13a50c1fc86e40f3d431763dda3ec4.jpg,ILLEGAL_PARKING,train,illegal_parking-f33aea171b87cdb1,train,21461c5068762848c6a0e83ba4a6cb05965006144ac41c757b930dcceed7edc8,640,640,32662
archive/train/Parking_Issues_Illegal_Parking/illegal-parking-794-_png.rf.123de8330c5a7c75c0992963c248da06.jpg,ILLEGAL_PARKING,train,illegal_parking-5c9ae39c0bac7a6c,train,0eb5839da5bc41ed479f830a802c1d5f95bcf2803b7285fceaae8da1733eb963,640,640,42781
archive/train/Parking_Issues_Illegal_Parking/illegal-parking-797-_png.rf.35702ac19697a1d0265732b649f04391.jpg,ILLEGAL_PARKING,train,illegal_parking-26a136ea7e109461,train,61e773d65f34fac6b44313e1805010e11c6991678605931cb52c41c336a07724,640,640,33832
archive/train/Parking_Issues_Illegal_Parking/illegal-parking-799-_png.rf.f8cfe46bdc6da0dd79d39ca475d8e550.jpg,ILLEGAL_PARKING,train,illegal_parking-cef68d43b69bab0a,train,1f37758014e1042352057778c298b16d2f44d032df329f8971973d219c35b381,640,640,40735
archive/train/Parking_Issues_Illegal_Parking/illegal-parking-811-_png.rf.2efc8334c1d22150f5b406f5f3cbd7cb.jpg,ILLEGAL_PARKING,train,illegal_parking-18fdbc183bb67283,train,19bb860d9a4d8ed9083420a34d620cd4c371178a5e8fc128048cc8f5a07d9bee,640,640,29351
archive/train/Parking_Issues_Illegal_Parking/illegal-parking-812-_png.rf.b3f562e7389dde8577e9bd5b53935b72.jpg,ILLEGAL_PARKING,train,illegal_parking-9ea8c908e9e28338,train,3c003f06f8abeeab27ab62196b7cd9806eb7bc8999c507f460442ef9e6c7305a,640,640,32925
archive/train/Parking_Issues_Illegal_Parking/illegal-parking-818-_png.rf.311044a060579ba2b6220d4b1af08786.jpg,ILLEGAL_PARKING,train,illegal_parking-df4a266fb34bca98,train,34f3444687ff295220dd63301ccdbf98bf2b98f0386806febd80b6fe80723af4,640,640,44178
archive/train/Parking_Issues_Illegal_Parking/illegal-parking-82-_png.rf.d31f2c9fa0f278ab53e3dd664db0daa3.jpg,ILLEGAL_PARKING,train,illegal_parking-99dd0f1391e398d1,train,f518299027e9937060619abd13a38fe4ca97bbd77a27549d9d54a4c3677f92b3,640,640,42150
archive/train/Parking_Issues_Illegal_Parking/illegal-parking-84-_png.rf.d729f5de016873debd091212d6cdd82d.jpg,ILLEGAL_PARKING,train,illegal_parking-99adb3c46509e461,train,386c9b096a50c314da737405fafcd649d2e444a4bca758983ed1f4588fc6389f,640,640,42442
archive/train/Parking_Issues_Illegal_Parking/illegal-parking-87-_png.rf.1cee3470c3c362fb17feb6610e233beb.jpg,ILLEGAL_PARKING,train,illegal_parking-b438e4caa0a7d7a0,train,30d181db932f2bcea61285ae54b1e256c704314e6d805024afcd8780ca6e0521,640,640,33642
archive/train/Parking_Issues_Illegal_Parking/illegal-parking-89-_png.rf.8dc9cce3c889575129b802d2622f3ad8.jpg,ILLEGAL_PARKING,train,illegal_parking-0d02c65f9d8f62fb,train,d698600dbc367544e991aa8633c22700dbc5adc5f9f59c02b86bdf3210dd1474,640,640,62798
archive/train/Parking_Issues_Illegal_Parking/illegal-parking-91-_png.rf.d485cdb3c898c497e49a918ce1cff6cc.jpg,ILLEGAL_PARKING,train,illegal_parking-8f89d57487eaf052,train,05f8808a656d3ca69679080bec5998ad3e374e7bbd4d7369f8eba5cf7f4b77cb,640,640,32804
archive/train/Parking_Issues_Illegal_Parking/illegal-parking-97-_png.rf.2c5887dcbcacf0adc1199d20b188c754.jpg,ILLEGAL_PARKING,train,illegal_parking-4799a012d8848ff8,train,c6c29039551f0a7e45da000979a9a1c20a96eae33c2c1fe20281ae6ec814d433,640,640,36763
archive/train/Parking_Issues_Illegal_Parking/image-khaleejtimes-com_jpeg.rf.6cded2bab3fd3dc4f7687593d47487fc.jpg,ILLEGAL_PARKING,train,illegal_parking-9d4e3e571e2fa56d,train,9969c9dd7a540b3f289e2b76ffbe9ffc1d99314b9d1ce5765dc36e76dfe2c630,640,640,66540
archive/train/Parking_Issues_Illegal_Parking/istockphoto-1054906724-612x612-1_jpg.rf.3cb35ef48e6ac522f7dbfc99ed8216b9.jpg,ILLEGAL_PARKING,train,illegal_parking-fad3af677a8dbb1b,train,eaa0d784e75eee4b8d6447f077dd5c61d8ee49754263dbca9a0318f35615b366,640,640,78231
archive/train/Parking_Issues_Illegal_Parking/parking-lot_jpg.rf.498747e51e2dfaff4ee319c9768aa44c.jpg,ILLEGAL_PARKING,train,illegal_parking-110abb86adfba5c6,train,f3726362bb106ba8f2d3c9a91a1107a6f661162ceccb0223c888f9dd396f8562,640,640,51425
archive/train/Parking_Issues_Illegal_Parking/smart-car-park_jpeg.rf.3f644e5156c61f4cc83c089ae4e2aa05.jpg,ILLEGAL_PARKING,train,illegal_parking-84258073aab12466,train,c231865b9037aac73f3d237f3bd055737169c77f671d1ea80e80de8e3d6b117b,640,640,61588
archive/validate/Parking_Issues_Illegal_Parking/2012-12-11_20_26_13_jpg.rf.effa4ce25e3f15e8dfedd1a5de61a24b.jpg,ILLEGAL_PARKING,train,illegal_parking-3bda85a1805df39a,validate,7f472ffa7b50a0dacd3d47b93c3c2c34348779906f60765e5aeaca20f51879fd,640,640,75263
archive/validate/Parking_Issues_Illegal_Parking/illegal-parking-115-_png.rf.6e8d81ae5b916d926d0a4312120f7af3.jpg,ILLEGAL_PARKING,train,illegal_parking-1e23c5f94e4a1036,validate,4a843eb4acd72e263c1326b7d0316d92f7f07287978d31f7081d339ba58ed070,640,640,32106
archive/validate/Parking_Issues_Illegal_Parking/illegal-parking-161-_png.rf.d0e92f47234c4fb6112e7c0e48a2e97e.jpg,ILLEGAL_PARKING,train,illegal_parking-d1c8a3b496e37854,validate,87957abf9902d0293f39c8cd2a106d0b7ff7ce808b79b371da1cad6c6b3124f7,640,640,35837
archive/validate/Parking_Issues_Illegal_Parking/illegal-parking-183-_png.rf.91a3e4063e3ed79cae066c2cac1bcaeb.jpg,ILLEGAL_PARKING,train,illegal_parking-6fc7d74e279bb720,validate,584b0e244f2a93fd060d67bc58aa1d7892bb906d5f8182b31c7c57962497a2c5,640,640,29749
archive/validate/Parking_Issues_Illegal_Parking/illegal-parking-194-_png.rf.0cbe835b557423cd14f8f69204748144.jpg,ILLEGAL_PARKING,train,illegal_parking-c0435822a867964f,validate,c3e1cf32ba2f79ee487e89d35f8322a7fd5e333160a2cdfe8d485707efdec961,640,640,29528
archive/validate/Parking_Issues_Illegal_Parking/illegal-parking-198-_png.rf.0da92619e31a7c0dfe972362b0170648.jpg,ILLEGAL_PARKING,train,illegal_parking-b04b37e66198a20f,validate,5afe0107ba92a68402314b88fa7ff87668650f8ac6ead4004315f3ac8bf039a9,640,640,32133
archive/validate/Parking_Issues_Illegal_Parking/illegal-parking-235-_png.rf.682e0fe792416cd5a80eb2488758bb64.jpg,ILLEGAL_PARKING,train,illegal_parking-6b7d0e6f982a3fe2,validate,457ba060ac154ecf37ad70d41c1d9ceda5d9a09a47b3ebad215cb5431df62603,640,640,36229
archive/validate/Parking_Issues_Illegal_Parking/illegal-parking-246-_png.rf.aa48c5d4d45e898247e3b18299f67bf2.jpg,ILLEGAL_PARKING,train,illegal_parking-f04cacaa61ae0ce1,validate,f5a2233dc0f87a2003e4ded62a06c683790aba2b740de05d41ed893db7e07bff,640,640,36510
archive/validate/Parking_Issues_Illegal_Parking/illegal-parking-274-_png.rf.93dc8cdd89186d534c25bf043147ad1c.jpg,ILLEGAL_PARKING,train,illegal_parking-fdbe8dcb4bc7e059,validate,76d25d2e947ef79be1bb73598782edfd1b5853559546d82309c6c8724f5286a8,640,640,65295
archive/validate/Parking_Issues_Illegal_Parking/illegal-parking-275-_png.rf.f9a77596535d0721ce8da7132eb3b047.jpg,ILLEGAL_PARKING,train,illegal_parking-4be9caccfbb0daac,validate,9a6951cd6be20435fcea61cd70f02751c1637c4006f3bee63d7deca560574d04,640,640,59476
archive/validate/Parking_Issues_Illegal_Parking/illegal-parking-3-_png.rf.a844dcf131898d4c7c7fdd6da11274a1.jpg,ILLEGAL_PARKING,train,illegal_parking-bd1f1da0fe17efc8,validate,e2bde361f16ac4c365e3d51cd3b0ccb8e04271008e41e49d7b1aca0c9ef65606,640,640,28359
archive/validate/Parking_Issues_Illegal_Parking/illegal-parking-34-_png.rf.fc8b5529d3ac836b25b27f8b59669304.jpg,ILLEGAL_PARKING,train,illegal_parking-83ba843db76b6bd1,validate,3f60510f354f171a63542c0c53dff0f236a7a7e204a85655b659c38d93aa15e7,640,640,39454
archive/validate/Parking_Issues_Illegal_Parking/illegal-parking-479-_png.rf.c28643908c4c6807291a44f153783fdd.jpg,ILLEGAL_PARKING,train,illegal_parking-26aef2c43d0704f0,validate,417eb905c5bff3977a37cdb9775a020d5636c79b5f54c0a7ee0e3877fc0d82c1,640,640,34292
archive/validate/Parking_Issues_Illegal_Parking/illegal-parking-567-_png.rf.9516e50fb6e96afff53c6af0efece83a.jpg,ILLEGAL_PARKING,train,illegal_parking-55fd57560a1c8039,validate,784740debe3d7991e2de00ad578ee2b0163871f8ddb8a27fc6a5c90c7a06c3df,640,640,27984
archive/validate/Parking_Issues_Illegal_Parking/illegal-parking-602-_png.rf.cdee75ba0ffcca819ddd5370535b531f.jpg,ILLEGAL_PARKING,train,illegal_parking-b563c0258a41f681,validate,98463a9939898f51d2fe0591b33f6fd3f1ea73e23a2cf2141c24810d6b1bfb49,640,640,38341
archive/validate/Parking_Issues_Illegal_Parking/illegal-parking-663-_png.rf.466c8756b6108c84decc3cd5c1bda883.jpg,ILLEGAL_PARKING,train,illegal_parking-759039584dcd397a,validate,242e1716f189199a297611b5420cc891cf125b424e5f22e909fc9bffd75124e7,640,640,31625
archive/validate/Parking_Issues_Illegal_Parking/illegal-parking-670-_png.rf.0dd8b5a11082b1d332e71ce70747f724.jpg,ILLEGAL_PARKING,train,illegal_parking-08e408bd661d2f5d,validate,a6641d367eb4cc54e8f2f8387493fae7da0151b14c2600be9033943f390b58ab,640,640,40082
archive/validate/Parking_Issues_Illegal_Parking/illegal-parking-689-_png.rf.fa774711ec7e937c528acea918d88ea7.jpg,ILLEGAL_PARKING,train,illegal_parking-701d8ae5cf2a6cbf,validate,c2891ba151564bb238d3750ad7b87559069e7a1c9f6aa2b51b1608c81aa5ba98,640,640,49206
archive/validate/Parking_Issues_Illegal_Parking/illegal-parking-691-_png.rf.a0fb1190236053f2b1e88cb006541bc1.jpg,ILLEGAL_PARKING,train,illegal_parking-bf437112f74cc375,validate,32f648a7d7541947cb0ef5102c8a5b16025881b1358b357f2e719361353cc560,640,640,44166
archive/validate/Parking_Issues_Illegal_Parking/illegal-parking-693-_png.rf.bf910199a54f898e76c9c697244bd660.jpg,ILLEGAL_PARKING,train,illegal_parking-1b3849424afee294,validate,65b3b7f9af5414c74cc91611509c4277f81204c78ff191f6afde5bcbfdc13c3c,640,640,53698
archive/validate/Parking_Issues_Illegal_Parking/illegal-parking-697-_png.rf.42ad66ccaa8faae7e07090b2564d55f1.jpg,ILLEGAL_PARKING,train,illegal_parking-fbc545d7632ddce0,validate,a198a0e054882c8d15f0f9eccf647b58e71141464a1d9b4cfd886014dbb7a710,640,640,59189
archive/validate/Parking_Issues_Illegal_Parking/illegal-parking-78-_png.rf.792a4e524b58112e1b6c393c46120cf2.jpg,ILLEGAL_PARKING,train,illegal_parking-1edbc70e18b8ee03,validate,77ba094ea68afe9d311744528461a2a346e2aae2ebc5310ef470dfb597e34079,640,640,44690
archive/validate/Parking_Issues_Illegal_Parking/illegal-parking-88-_png.rf.f5a538583d2d8d05a24a31c290aaf1f4.jpg,ILLEGAL_PARKING,train,illegal_parking-ffa56b782badd76a,validate,d00e8bcabf4aa69237a59ab10613a3d9c253caec9bccc3912cbe39e691e92375,640,640,50789
archive/test/Road_Issues_Pothole/1018_jpg.rf.14b860da7c6aff027b02cc19010c6d9b.jpg,POTHOLE,train,pothole-a514cfbca9d15e51,test,b415051d2f613fa05cf18ecb4d85491365e3ea8f474d8b3067e41f3af061d867,640,640,40585
archive/test/Road_Issues_Pothole/1020_jpg.rf.6dcc55d1fe2e4f1db75405116b695850.jpg,POTHOLE,train,pothole-231a2d890d0c8187,test,6511fce799c79f0904ecaf675ba3e89052c4782f4f8552815b4ea60674e3d66c,640,640,75115
archive/test/Road_Issues_Pothole/1024_jpg.rf.be2bafd17a77c5f3f94e46118bc0ccf7.jpg,POTHOLE,train,pothole-059eb7d6f22bc439,test,646cd1a41b41913b7d4cfc0bb57adacc9865dee7f336586bd5f53a2c115fbc39,640,640,53131
archive/test/Road_Issues_Pothole/1033_jpg.rf.a898a7933c95f9a3d70bcb0ec4ff905b.jpg,POTHOLE,train,pothole-b26eca38262ee632,test,099cd222fafcb0be7659d61c659f03b43cfc4d440d0ecee292be53adba610821,640,640,119353
archive/test/Road_Issues_Pothole/1035_jpg.rf.95372d8b63be68244c0a2815c6d8b9b6.jpg,POTHOLE,train,pothole-05ce8aaa1bcc4478,test,f49925d7fe44cdfc36dde23f85ec3d3650921d424a2505331b7598afc867f3e7,640,640,84984
archive/test/Road_Issues_Pothole/1041_jpg.rf.be73ed622da9649c315d19741e93676d.jpg,POTHOLE,train,pothole-570aa721a5c449c4,test,25f0338d2f577a67e5cadf9d7defdd2ec8abe79c4cb6b7c3a2e6de9bb2d09c48,640,640,60720
archive/test/Road_Issues_Pothole/1044_jpg.rf.c32555164e7510afd81c809341d32754.jpg,POTHOLE,train,pothole-65966ce440faabf8,test,cb27873682898f9fea01f3d4e3d181e26ee964ed51f9c6a1102ec69ccd9dcb1f,640,640,60587
archive/test/Road_Issues_Pothole/1050_jpg.rf.f09cfc621038dc98d8ed58694953aec7.jpg,POTHOLE,train,pothole-fc65ac483e6e7034,test,d5677908e340abe43b3c1cd5d309fb90a873558a6e151cbbc1b9e1e9f184f50b,640,640,74865
archive/test/Road_Issues_Pothole/1055_jpg.rf.9447bdcebe3606f0ee6670fce73813c6.jpg,POTHOLE,train,pothole-fe92832384d20bc4,test,d6d486203817a0b81ff985ea7dca50c68b3783bc888c13663af097dabf472037,640,640,62845
archive/test/Road_Issues_Pothole/1069_jpg.rf.a76f5124f5db48ed229d81f3ac444538.jpg,POTHOLE,train,pothole-d1f1d9b5c1651409,test,aeba0b2fad247b6de7f88aedfa9410ad00d7cded76a053e3e28ad29813c370d0,640,640,64004
archive/test/Road_Issues_Pothole/1073_jpg.rf.c7fcb6fb9fc1c22f3df8b6678938dc6d.jpg,POTHOLE,train,pothole-1be771ae8f3f5e60,test,61d9de3946d50efaab17f231f90b9080df7c4c2bd6219a228011af154a0c42a4,640,640,46232
archive/test/Road_Issues_Pothole/1098_jpg.rf.baaaf4855534204378a25c115ce4e597.jpg,POTHOLE,train,pothole-3ba49f2103f76d57,test,c836d35fccb9a810a4014a4ff56309d9a8ab4e2ced548af88e1d32f3c65a3db1,640,640,86932
archive/test/Road_Issues_Pothole/1111_jpg.rf.0166bb88a10d55d1bc25fd2e8d125f52.jpg,POTHOLE,train,pothole-8a52a701ebda0399,test,1fd75dc9b14a1c6f2bf7dacb29ff8285ebbbf40828d9f276bc61adb062581e5d,640,640,62433
archive/test/Road_Issues_Pothole/1112_jpg.rf.59f61c94aaac37c0b4068f73577afb67.jpg,POTHOLE,train,pothole-c7f3b7086f8a3f46,test,15bfd43b2c39928fd9733d27b53fdf6c891e9dd5e4cdc69c5a7027af960964d7,640,640,54700
archive/test/Road_Issues_Pothole/1117_jpg.rf.fdc2114a29efc76b27305d3cb3e69c8b.jpg,POTHOLE,train,pothole-db3e62d33fab67bf,test,912a6a3a78cf52d15360ef05c256e794de6247c719db584abb8a4d31c5cae90e,640,640,38287
archive/test/Road_Issues_Pothole/1125_jpg.rf.28e9ef69aeb2b0ae2e4781db176f4e8c.jpg,POTHOLE,train,pothole-18cdf8f9cecaec96,test,6a9e08491c4b4901bc1b92d8f052c1eaaa9ada712b6e23d13ee3d46379fe6714,640,640,55040
archive/test/Road_Issues_Pothole/1130_jpg.rf.ec0ba02c854c2a176f13c0d6abde5064.jpg,POTHOLE,train,pothole-4b0fb1a9b5e032c8,test,4b0f63260597fc16a1a988ab75fc688808d975807a8b69a2bd5ae874fc7c2dad,640,640,89034
archive/test/Road_Issues_Pothole/1141_jpg.rf.802aeca7af2798f9134e1b28abc82fa8.jpg,POTHOLE,train,pothole-cc3b9871374ed62a,test,a410b115df1c1f0e5bab560fef293a2d072bc2b5604d3ce404c43603f4441f54,640,640,55631
archive/test/Road_Issues_Pothole/1142_jpg.rf.54fce09f7aec167f10b70984c6dcfbdf.jpg,POTHOLE,train,pothole-15dca6daa76c6b35,test,8fe0af05922dc8d57f35340f6d51fd6e6ae6900fcab99ef6dc7bcbdada56c5dd,640,640,33164
archive/test/Road_Issues_Pothole/1146_jpg.rf.17759be5b4e2c72e3544c906e496aca0.jpg,POTHOLE,train,pothole-540aaf79e23c3487,test,978a40aacde4c0f2a75a7e0f9a263ce09c1a2a43639f03371cddf900fd7fe6df,640,640,61870
archive/test/Road_Issues_Pothole/1154_jpg.rf.46f3087a2034ee27f4edcd0462664b68.jpg,POTHOLE,train,pothole-70484b59ee8113f9,test,1e3da680e2e093d0d122b7af7fe29070c8bc0f643b1f893c2a591841d60e4d8d,640,640,44979
archive/test/Road_Issues_Pothole/1155_jpg.rf.4d9a138777661920abce71816233a7d3.jpg,POTHOLE,train,pothole-e6424d8289ae63e7,test,9f07dc92b50fb1d3b1acb2b8b77b82b81d7c31a44bd9c736087c4158b47a60c6,640,640,67292
archive/test/Road_Issues_Pothole/1160_jpg.rf.f7ce9df3a4c965af4a3adae584265236.jpg,POTHOLE,train,pothole-7dcc8582fc5651ae,test,da00c433a6a219db41647b939998fb17f29ba60dda40f48967e95983c1a792df,640,640,51273
archive/test/Road_Issues_Pothole/1162_jpg.rf.2af01f327b013ea58d0e2bf354a1925a.jpg,POTHOLE,train,pothole-5f8db380c04443c4,test,3bb9aa254b0ccaaf6fcab399b37e6b1197529b24577eb8a27185750accbfe32f,640,640,84060
archive/test/Road_Issues_Pothole/1164_jpg.rf.db94d19f44b7d52cd23066512541adc9.jpg,POTHOLE,train,pothole-06fc9c6abf29529b,test,e4e230ea8d0b767227ad19a897fa4873e469899f582f90c363256de9a8f0de19,640,640,53779
archive/test/Road_Issues_Pothole/1169_jpg.rf.37e61df85004c93eeddd8b7dcdc893f8.jpg,POTHOLE,train,pothole-9eda7a0f3e706cc5,test,46af6c90454169a96f2a409a85df278de5c87fb95765f73b74ae59f8e480f8df,640,640,57835
archive/test/Road_Issues_Pothole/1171_jpg.rf.d9945224439f5758c4f56ce219051038.jpg,POTHOLE,train,pothole-44fa04fc0a86fd14,test,f19144292e7e47b6f1693e258295832db8e05e71c58e33ef67df3e2d937fe166,640,640,61843
archive/test/Road_Issues_Pothole/1176_jpg.rf.a9a4d48edebbd9fd928b2230cbe46465.jpg,POTHOLE,train,pothole-195254af68c42bb2,test,a0ef47326508e13b191de5ba29359dfb014cbfcee2b524eee386079895f89711,640,640,67606
archive/test/Road_Issues_Pothole/1182_jpg.rf.8085b66a5c3f03b15ed55bc8f1dc2cdb.jpg,POTHOLE,train,pothole-c6f1972ae9201f71,test,43b373cf1e3c44ceebb36e448c2938a8eb6c9fda469896c72d49c15a7d12b7bd,640,640,87083
archive/test/Road_Issues_Pothole/images155_jpg.rf.ae3195705089f2e6c8880815db87b3b3.jpg,POTHOLE,train,pothole-8a9cae353b41dab6,test,a7fd783bd444634098dfba6068cf87abb004de393ceb2341ca45e401f041af82,640,640,53546
archive/test/Road_Issues_Pothole/images173_jpg.rf.a0ef09e13d76137eec3718ebbc1a388a.jpg,POTHOLE,train,pothole-07df1f88c6e1188b,test,8bf427b263f1ee95548fcfcbf87c5813524ef877824beadd940cc32f770dbd27,640,640,69800
archive/test/Road_Issues_Pothole/images208_jpg.rf.86a1ffcbd6f6b50e07f21aa657265b54.jpg,POTHOLE,train,pothole-c7dc8a128ae90982,test,23c10522eaa959c3af206b670ba77310f4e6c7f6d0bc2a9fbaa8ca6ea824ea27,640,640,57565
archive/test/Road_Issues_Pothole/images218_jpg.rf.5d031e046cd016cec6f947d5dd028b85.jpg,POTHOLE,train,pothole-5173f09715ac2577,test,04edafac9ff867a637748b48069498c1de608c0ed3f446976ed701fc27eea72f,640,640,59050
archive/test/Road_Issues_Pothole/images224_jpg.rf.bbd39bc59eeedc0ee2b1141a0485e1a8.jpg,POTHOLE,train,pothole-d10e76fabcd97c54,test,d266aed1c12a615b334b09d9e6440a73516dfda4a8ad84730165ac0a66b78daf,640,640,63665
archive/test/Road_Issues_Pothole/images229_jpg.rf.c2246b11971e7605aa6d63aa8252ca0f.jpg,POTHOLE,train,pothole-8f7fc8122c0aaa53,test,36ddfb3dbfe45e68687217a486e84ac9e10f47abae290ac32c9153eec7dc6ea9,640,640,65039
archive/test/Road_Issues_Pothole/youtube-27_jpg.rf.e70aa17478c6ffbc3924984235fe2e56.jpg,POTHOLE,train,pothole-4de876b796c73897,test,f8bd93a4cab9230123eacdb38c1554f2e20155c859b4c6d14ddace70dc744ced,640,640,54568
archive/test/Road_Issues_Pothole/youtube-30_jpg.rf.fd9a9045f3f22962a3a020c8f45c4bb5.jpg,POTHOLE,train,pothole-4ab7e893fbe94202,test,c58a45c623058940e41ae7609804ed9391593dce004e8d45c47ce5e793416ace,640,640,83411
archive/train/Road_Issues_Pothole/1000_jpg.rf.cdfd5b8b390ab72018139d0ad2b4cce2.jpg,POTHOLE,train,pothole-4bc596b6aa7ce635,train,36f9d84b38e7df45cf04bbb1fe9bb8f55872adf5b454a93b6aae3d71c1db2bb9,640,640,46355
archive/train/Road_Issues_Pothole/1002_jpg.rf.98ef53a2529cb1198d24e699fd342aa5.jpg,POTHOLE,train,pothole-0911e386e559732e,train,a2af3541697fb6fc6eee0167f6f4cfed28aaf27aa37989496da7ed565d50f412,640,640,53819
archive/train/Road_Issues_Pothole/1006_jpg.rf.d25821660d3cea2bf5ac564376d7d53e.jpg,POTHOLE,train,pothole-d56c299cd307ff24,train,25d928471cc564580fba297557d22d187c91547152dd046350834191fb50343b,640,640,42922
archive/train/Road_Issues_Pothole/1010_jpg.rf.8e0139adf7dd06394c163db5f23e5172.jpg,POTHOLE,train,pothole-2f199fa845aabecd,train,f90285a8206e040c123df4f2ee9bd9d8f30e3ecb625ccff04f04db4f1e464111,640,640,59525
archive/train/Road_Issues_Pothole/1011_jpg.rf.f4259c4a08ff0039deb2c5163fa61dfe.jpg,POTHOLE,train,pothole-0d64f25e71c74697,train,513ffd56039fa53658b74cbfd914cacb7034bdafd29919dfc5aa72fbf1e83ebf,640,640,36752
archive/train/Road_Issues_Pothole/1012_jpg.rf.e9c657963777f30f9a5214f3e806a9a6.jpg,POTHOLE,train,pothole-88663429ffe3844d,train,cfec3d3055553f94679dbc24d2c84f8e591b4219868a03f8a74ed9859296f0bf,640,640,48669
archive/train/Road_Issues_Pothole/1013_jpg.rf.a9fcd0d2e56bc527af663522d9cb29f3.jpg,POTHOLE,train,pothole-0032fb185f671d98,train,3489a7c2678eddbbfe3d5c9c65d303e2062fa80a2f2a4efca3b7f9cc2171c89a,640,640,45718
archive/train/Road_Issues_Pothole/1014_jpg.rf.cdaff64f99376925583202f2f9e18e13.jpg,POTHOLE,train,pothole-08c0c952cacf664b,train,98c28e70deec7c93de0cdd1ee30ddd38879670141bf63e978ef2123c6e77c0b9,640,640,70438
archive/train/Road_Issues_Pothole/1015_jpg.rf.8e7d603f484f61dd82692881dbe20846.jpg,POTHOLE,train,pothole-ffd385aff26d4b98,train,ea1aaa1e50f568bd936f552991ce58dc2a14550db8b83d716ce3b2b2e16251a1,640,640,55012
archive/train/Road_Issues_Pothole/1016_jpg.rf.e61b2b9a1f394d4924bbcd1a5a9e3a9f.jpg,POTHOLE,train,pothole-882ae7e9c7418818,train,19e2847019289af563337c8aa00f64ac6c7be1f25947fcbac2f555d5b74c94ce,640,640,62837
archive/train/Road_Issues_Pothole/1022_jpg.rf.f5a4e558bdcb2a338026d92c4ef7afbb.jpg,POTHOLE,train,pothole-8da4978f7d76a29b,train,069f1bae6425336d2a6c29c47747f652ece791b6fe1251f638c4452f72f7c86e,640,640,48557
archive/train/Road_Issues_Pothole/1023_jpg.rf.13db8e9e0dc3ee20650ac97e616387b4.jpg,POTHOLE,train,pothole-2b6f5d5c4b07fa76,train,f855aa761149619fe60c92e1f539c44f75952031aa2de7248c0777eb67780ffe,640,640,39349
archive/train/Road_Issues_Pothole/1025_jpg.rf.3dca2e3d5eb091f54e6b859fc538b1f0.jpg,POTHOLE,train,pothole-ef82bf054a8a348e,train,3603fa4a015492f805c9d09b42b7c7ae8bfe1eefc74dbb06f7f688b6448d41dd,640,640,64492
archive/train/Road_Issues_Pothole/1029_jpg.rf.61cb47f378ef9304c507242973fdb911.jpg,POTHOLE,train,pothole-4e599e2de1661520,train,c264b528d323ce2ed2e47e95009eed01cc6463a87ce8f38e7c78458e445b86e2,640,640,44393
archive/train/Road_Issues_Pothole/1031_jpg.rf.775faf9d35ae1b4586130ef3bcee4f06.jpg,POTHOLE,train,pothole-308211801a963220,train,020956a4597e27719909c280ec973185f03e7ff97bb85ec6f91ae3d5880f7a7a,640,640,48665
archive/train/Road_Issues_Pothole/1032_jpg.rf.580f6fe8cb4cb33b3fbe0229853271cb.jpg,POTHOLE,train,pothole-1ac0a18b6b60f34e,train,e64950164697c53234ee0a918d284ae52b4cfbaf5071c8e97d1cdfda5ef0e428,640,640,69569
archive/train/Road_Issues_Pothole/1038_jpg.rf.b279da1324c28568c3a8ea80fbe9e13a.jpg,POTHOLE,train,pothole-31be744e7877eb58,train,baeeb3dacbe46058dc243a94faf83b98c9f2c4ebc04851617282941ad4965275,640,640,53526
archive/train/Road_Issues_Pothole/1039_jpg.rf.392b8988e1c3887ea9282f7ec84ec896.jpg,POTHOLE,train,pothole-421579b62358706f,train,e2a3d308a7790248057e6c2fe90e0219661112fe0d3d8c13d9582a9c7c6191f8,640,640,58617
archive/train/Road_Issues_Pothole/1040_jpg.rf.b0294f1b38172eabda7c6e6eb17862ac.jpg,POTHOLE,train,pothole-d6696fc910286999,train,f5098cc160b6497376a2eab82bfadcc6ed8a40382879729e7d01f6a2148cefab,640,640,71036
archive/train/Road_Issues_Pothole/1042_jpg.rf.8b409b3b69d8a5fe90ccdba8669d7d05.jpg,POTHOLE,train,pothole-e95e58d40abbcb35,train,8ed90553a011e1076998a21ecf4ca1c2cd7834041bd03c02ee8a150349450c8e,640,640,47238
archive/train/Road_Issues_Pothole/1043_jpg.rf.bed0bd1a700f44080f3a822bbc91922f.jpg,POTHOLE,train,pothole-698ed193cd143270,train,3df013b368c03a8f790127c7924f99e22a7b1cf544ef25185824822204be7c23,640,640,36365
archive/train/Road_Issues_Pothole/1045_jpg.rf.696abb59d71d581482b13a9f4702fe35.jpg,POTHOLE,train,pothole-e12cd173c6670066,train,40ef908762bf1a4b6b374dafa56ca1ef4ac0e4236f182378ac08824238739722,640,640,76763
archive/train/Road_Issues_Pothole/1046_jpg.rf.c8acb44d649d67ed7a6f2ab547e4e1ac.jpg,POTHOLE,train,pothole-a418a8caa854e372,train,2456dcdf7c5e12dd58dbe8744f8f071c9df89e071a96f3101af092b199b358f5,640,640,58263
archive/train/Road_Issues_Pothole/1048_jpg.rf.0afc3f227ec622a6693cc18a4871c11c.jpg,POTHOLE,train,pothole-41052df4ad804345,train,da58eea3634be334294adad2c5f104f61cd38d47dc7de3064d8a5fee1ba5ebd0,640,640,75039
archive/train/Road_Issues_Pothole/1049_jpg.rf.53b77d9a9076f1a5029fad8ffa7d04a9.jpg,POTHOLE,train,pothole-077db8d5aa711400,train,106e81f52cf6ecf13953057b420e6924cd8201d1d9e03947f9f5d9464aa6a5fa,640,640,22923
archive/train/Road_Issues_Pothole/1051_jpg.rf.09d6411c1e01461ad48c283ab280293e.jpg,POTHOLE,train,pothole-f5802b167d1475b1,train,2139b05fcf2db187fa0312eeac4dfd2628968953f15ea492ef4a632af3c9dc9f,640,640,59052
archive/train/Road_Issues_Pothole/1052_jpg.rf.927284c8a2114f96792b710741e67c01.jpg,POTHOLE,train,pothole-9d561b20050d7032,train,2bd478eb0bef99640941dc7f979dc50b3e276ced067e455a4c147ebb16756d56,640,640,80275
archive/train/Road_Issues_Pothole/1056_jpg.rf.09f303a56cec7b7c54184126d233f676.jpg,POTHOLE,train,pothole-a7d59545fe37a7d6,train,a20c08d546f48b5cef4c41fd7a2ef12d80d74096b04b66a567114a7e558e6ae8,640,640,58620
archive/train/Road_Issues_Pothole/1060_jpg.rf.5bff39487781fb839a71cea53e956cfe.jpg,POTHOLE,train,pothole-4f3a4024e0c6b0d5,train,ce8515707a0e924cbdb77642396342c35dc92045929999421640f1597bf5a4d9,640,640,34188
archive/train/Road_Issues_Pothole/1062_jpg.rf.971040662a7e7449090738c687d56082.jpg,POTHOLE,train,pothole-7ac97421244a2736,train,34f45362212d094fe0434097ff075e5458599d5a9797d4bd6550ff5125344cad,640,640,62328
archive/train/Road_Issues_Pothole/1063_jpg.rf.aa5d88721118ca6dbc849816a32be6aa.jpg,POTHOLE,train,pothole-7a016ffbbb2cd024,train,9e4442cc4f5f71b06831488a4a3b512cd08cff5fb0170950fb8d731490e78d6f,640,640,59472
archive/train/Road_Issues_Pothole/1064_jpg.rf.daed2a778ce0061a74a60961ec7d6cb3.jpg,POTHOLE,train,pothole-4f275f76a7b4bdcd,train,4506abbc61f66c14ded01e282e617fc86c10938436545efc2b7d8952313ae433,640,640,62180
archive/train/Road_Issues_Pothole/1065_jpg.rf.6d18ad389fc2c4764fd718b6470aef05.jpg,POTHOLE,train,pothole-831c108782d12bca,train,535766995a34c7768c9305f35c660123d41cfe85451bd0004ad213fb614d7f56,640,640,48664
archive/train/Road_Issues_Pothole/1066_jpg.rf.4270cd70f9031e1d77c6555da5c2aaa2.jpg,POTHOLE,train,pothole-631d59f858cdb9bf,train,8c1073599f911a60f7e614c8fe67d2613618c40074765fab5d96a0c4f925f6bc,640,640,19674
archive/train/Road_Issues_Pothole/1068_jpg.rf.82cb5593615c3173325c402e4011dae5.jpg,POTHOLE,train,pothole-16bda15b201d7c95,train,9b5cc8504eaf8b31bbafd3fdbe0ec44eec08b3ddbfa1d5021390cced67952ebf,640,640,37580
archive/train/Road_Issues_Pothole/1072_jpg.rf.54e8d5684df3c0a0d591b569316a89a6.jpg,POTHOLE,train,pothole-9ffa25e4c7697b7c,train,81f1fec3684b2404e644ccfa18f227449a3309f31b5eeaa51d629a119f563470,640,640,62776
archive/train/Road_Issues_Pothole/1074_jpg.rf.ea688f5d300fff0f69ad046f3d545a6c.jpg,POTHOLE,train,pothole-4566833adc805b15,train,a0951e74d890fda7d8e47d26454655ce685a3fbf06a2f579b59adef53aef79fd,640,640,35036
archive/train/Road_Issues_Pothole/1075_jpg.rf.60f5bb01b41964e4584b258e458d1fb4.jpg,POTHOLE,train,pothole-5ac3753a513541cc,train,074360f42c0a40eef32ac011d3537d2f4b0faf605a370adc8c98470a1c9c8995,640,640,69303
archive/train/Road_Issues_Pothole/1076_jpg.rf.932ed9bb8a6dc87c1324e1cde6e3024f.jpg,POTHOLE,train,pothole-1b53d9d0a36f8a4d,train,a2ddd399758ce955c0fc4f3acaac31e668fe94a1f4853213689395aff7c57451,640,640,84682
archive/train/Road_Issues_Pothole/1077_jpg.rf.214a2ad9955e311e6d90a5d9aa12742d.jpg,POTHOLE,train,pothole-09dd3b6b08e70eca,train,d47ec11f19dec05e6a4e794116afc1eaa2b0be02dfbee1e6137556aa77414b77,640,640,48820
archive/train/Road_Issues_Pothole/1078_jpg.rf.a20d6ad0aa55b9f555d5787a7b395dc1.jpg,POTHOLE,train,pothole-5d95e97e7edcaf51,train,26d8c496ac2091f67c39469783023bd64c5df460f103612a36987de97cb728f3,640,640,54665
archive/train/Road_Issues_Pothole/1079_jpg.rf.50e437535af00c4f920ae91620a245dc.jpg,POTHOLE,train,pothole-68516ec5300c055e,train,81cc00d84a5cdfba36eeac6959dff96be65f2f1b6d066db86551ca9e14e6e4dc,640,640,54252
archive/train/Road_Issues_Pothole/1081_jpg.rf.d080139a3eb799fc5a32533d8f73ec3f.jpg,POTHOLE,train,pothole-398b31b53e2c1220,train,1de79bd7b0b8a4e643f6ccf56f9b8ef35ac3cd4305e22691927a2cf9c3d8593d,640,640,50954
archive/train/Road_Issues_Pothole/1084_jpg.rf.75acee9961332c88df0c982cdc235a2d.jpg,POTHOLE,train,pothole-a28a2645bd2b8aa2,train,7418dfc27339a871d7a14b55569df74c0c13348968918e9aaacc5286e3f8f96a,640,640,41369
archive/train/Road_Issues_Pothole/1085_jpg.rf.a50f4ccb2c32667a9409701a0233ee79.jpg,POTHOLE,train,pothole-41231ddc1e3ce114,train,12f1796370ee02172ee69339ce5c535dfe0ba3a0293ca1096d36d2198b1291f6,640,640,99154
archive/train/Road_Issues_Pothole/1088_jpg.rf.7e2bbefa043710d56bcaa6856d0b1441.jpg,POTHOLE,train,pothole-4a797be90fa15376,train,7afa3ad932f76607117085ad763d556bb23132848092aa92f2bc31616c6d302e,640,640,51575
archive/train/Road_Issues_Pothole/1093_jpg.rf.e090efed3f0009c6de54c06cae027f82.jpg,POTHOLE,train,pothole-ccb0537b4c54f5cb,train,6b2619b92d21200e47aa9d1c1c7af969c3635905016566168f57b28ba3308ddd,640,640,28803
archive/train/Road_Issues_Pothole/1094_jpg.rf.506bfbefc4bfb6623292e456b185102b.jpg,POTHOLE,train,pothole-b78b2a624d526755,train,2f47e9872bca71ab1e909b8d4b9b86e05743ef9dc97490a60a4b54842ca1922a,640,640,61537
archive/train/Road_Issues_Pothole/1096_jpg.rf.3c951cf68d5ed0a0c2a6815a1e0d2a8d.jpg,POTHOLE,train,pothole-b9768e105cdf6ae7,train,30c68f7d4082b0a3d15f90955eb8ba531b0c998966a748428dfce649dce25c00,640,640,80115
archive/train/Road_Issues_Pothole/1099_jpg.rf.73e067d15c35511851ee0afd2028b4bb.jpg,POTHOLE,train,pothole-18b42cc67bb824c9,train,6667f863f77c01c5126e3eae1568c0796070ca1ad74b1de8ebd66b2fb9dce3b3,640,640,91746
archive/train/Road_Issues_Pothole/1101_jpg.rf.1627e6bfd348a810e4d3538c0ce91980.jpg,POTHOLE,train,pothole-a97e879da8963ffa,train,c15f2e1f6336a1a4ab2c4564113ec59d02ee0e5099d81d0ce6f298ae5456b994,640,640,75842
archive/train/Road_Issues_Pothole/1103_jpg.rf.1ec5cb5fb4c4351d08a262c9b5a9b41b.jpg,POTHOLE,train,pothole-bca4d93f22a2fe4d,train,b057cb7e154eefed2c9f55ec0da5d43a005460c420a06eeb10b8ad6f46e58726,640,640,83960
archive/train/Road_Issues_Pothole/1107_jpg.rf.127fcd7e61590308451f7a33c2bbdc52.jpg,POTHOLE,train,pothole-6e0829266d06a337,train,ed428f7f2253e334e2e3dd31249624ce2fd3436f5348456719e02c190637bc47,640,640,54131
archive/train/Road_Issues_Pothole/1110_jpg.rf.7bd7bd2936f9237f30ad2c514d073cec.jpg,POTHOLE,train,pothole-14fe5cd9e45bc9f6,train,0f78e3ea568ff17b5af5f3b47ea09d58115dde7963ed3a8e41f5ab4b103347db,640,640,67395
archive/train/Road_Issues_Pothole/1114_jpg.rf.902f472fe9b977700ba054a5b61a9aed.jpg,POTHOLE,train,pothole-be8994dc81a4e974,train,1540a98b6e463f54c760362a4bb5d59f608e0d6ff6a40f7b0067336e8106ea0e,640,640,38709
archive/train/Road_Issues_Pothole/1116_jpg.rf.d3ad25ef4d42788aa5b78b2c0900a5d1.jpg,POTHOLE,train,pothole-dac1dd02a7fe622a,train,09c6ec1bd225e559fc04b24a82e178d3f3c0e65452533bc8a9cb65126ef30e27,640,640,57057
archive/train/Road_Issues_Pothole/1119_jpg.rf.a6a36981f416af1d44d299508d980404.jpg,POTHOLE,train,pothole-4a70becb6c2a3d56,train,99ae2914584321acc4ad7b80da99d6f8900c6bbc56985b95be11a2cc3cec1a15,640,640,55947
archive/train/Road_Issues_Pothole/1122_jpg.rf.690dacae1936d16497f22720aa434f39.jpg,POTHOLE,train,pothole-c057012d7004ccb5,train,1c0702cb4f9d1d50a1b267e6f6c1e586a754a2cec68e9c641e4e8d1a47e5e32a,640,640,86183
archive/train/Road_Issues_Pothole/1123_jpg.rf.39c0d7ba2d3362d9fdfa5eb60154f3e0.jpg,POTHOLE,train,pothole-4a0db64d77ca5d9f,train,adf29743fc39b453ee56edcee2128c5c87f3e7fbb054758a7e4408779b1077cb,640,640,58222
archive/train/Road_Issues_Pothole/1127_jpg.rf.8a7f5a946c4eecbee506da8751f77a0b.jpg,POTHOLE,train,pothole-00f1a03d37155c85,train,da25c071f229d780e0c60d93652cc3e3d04e0715dad5acaad1a05d5395b9a9d2,640,640,95341
archive/train/Road_Issues_Pothole/1128_jpg.rf.a3b5636244f153f406eb9f59b9e20693.jpg,POTHOLE,train,pothole-aec6cc1186cd4b0b,train,a8e648557ed44547d9bbbe77ce13bc2fec29cf7d9cbd7e824eb7b4a8dc1b3aeb,640,640,59460
archive/train/Road_Issues_Pothole/1132_jpg.rf.3d4b564346818b9f3784b7782f22c64a.jpg,POTHOLE,train,pothole-578ddc65db4f8860,train,3191ec98ead4db6b6a07d5785265fdd1a5b4a3f3f05d091cb30e724cfa3a64c1,640,640,74941
archive/train/Road_Issues_Pothole/1137_jpg.rf.399e9b5d79d747cbd42ffd53303a887b.jpg,POTHOLE,train,pothole-98772c98b93fcf3f,train,b025abbdbce69777e95e35a95515486428a1789cda18d0ea27bb7c01ed4dc1f5,640,640,68249
archive/train/Road_Issues_Pothole/1139_jpg.rf.d311b0988248e8678f251bdb79b8b48d.jpg,POTHOLE,train,pothole-d75174406410581c,train,da7738d92f3a6b4b41a7aa6c011955f0b6c8c0637fa1e487a6688c2ee8cb4778,640,640,58855
archive/train/Road_Issues_Pothole/1144_jpg.rf.e1771caf8999eb266c9b82a01a0207cd.jpg,POTHOLE,train,pothole-37225313763b47c0,train,b22b7e081a94ed22d62462de97e6bdfcb58cd9084fba1b722a6501175344ed0e,640,640,46663
archive/train/Road_Issues_Pothole/1145_jpg.rf.c7067bbb9467fc6b6aebd4744abb23e2.jpg,POTHOLE,train,pothole-aaf2073bd2cbeef9,train,8d98ca2757b89bbb726e7a0d413c0513487f7345fdf3604663c4777bd86c59fb,640,640,43304
archive/train/Road_Issues_Pothole/1147_jpg.rf.fe90206d8be55ceff98591f25570eee7.jpg,POTHOLE,train,pothole-92d97da679f24bc6,train,82aba761e46c4ea85af2b94798a8ab3a83c95419a160fcdfa771da95be1cbd5f,640,640,61311
archive/train/Road_Issues_Pothole/1148_jpg.rf.6e100c5f6f0acbcb96bc9b4e3d76f216.jpg,POTHOLE,train,pothole-0b8b67a98dba56a5,train,2a3bc41ec3a9177d63dd5ab58fc9412cae990e3f2a8be10735a9ebb1de8842f1,640,640,66460
archive/train/Road_Issues_Pothole/1161_jpg.rf.9930a98732e65465db36ad04a805d307.jpg,POTHOLE,train,pothole-d268604a9832e4eb,train,ad0ced6933b6152123465a6acdc0e30910f37d66ff0fdaff04f120efbd4a954a,640,640,58107
archive/train/Road_Issues_Pothole/1163_jpg.rf.ce809b301a9e40b5265345b28ff10ff7.jpg,POTHOLE,train,pothole-2d75d4ebb33b0d19,train,23ef8f1530e7e5ed8838c8c7bd94f7f7b591f65116cf8d0ecf03410945656b13,640,640,43074
archive/train/Road_Issues_Pothole/1165_jpg.rf.6b09e4f29fad83a786be74b589e11231.jpg,POTHOLE,train,pothole-302ed86161920f15,train,ba32a89c0bbb916d25e555689e10d7352e59257005125f8e93ba93aa9230e989,640,640,48823
archive/train/Road_Issues_Pothole/1166_jpg.rf.54d024d03fd89e6546397cc0a98272cb.jpg,POTHOLE,train,pothole-02ae60d9406611b8,train,eea812c8309c8913c4f70c69ce0ef13c5b50de6e5c4f785f5cde92a32cbcc927,640,640,38176
archive/train/Road_Issues_Pothole/1172_jpg.rf.c5197c60779499e531ab3ea4017ec49a.jpg,POTHOLE,train,pothole-581dbe8e32de0673,train,ad081637c9d780fb4fcc59e9ce48dc8743daaea818ae6f35fe5d4b4434d14d48,640,640,37289
archive/train/Road_Issues_Pothole/1174_jpg.rf.6f0e40825999db2ecf09870c0909d609.jpg,POTHOLE,train,pothole-4bf8981e98e86a89,train,f0abf0057af44c11404baf680e927828cc4487aec64d1c758686a997ed5b799f,640,640,71590
archive/train/Road_Issues_Pothole/1175_jpg.rf.691c5bcba1ecd5fa90f8ba2bb5bd9677.jpg,POTHOLE,train,pothole-c79bb2464aa5e679,train,4143ad00d64f0e942c644a86a20e466ba8926758852bad33bb4dd56f3733ac05,640,640,49641
archive/train/Road_Issues_Pothole/1177_jpg.rf.1ccf8ff67cc38f84f3cd1d6e0b36eb5a.jpg,POTHOLE,train,pothole-f48de69c27139a71,train,d76c4d79d72143e4cbd7fe5e88edc12ab362cecf0e43c2d4655a0796534d4d2d,640,640,58908
archive/train/Road_Issues_Pothole/1180_jpg.rf.cd35b291af66744d23ca8d0abbb1b717.jpg,POTHOLE,train,pothole-5aebf164b874b2bd,train,67c56abcdd72326454687b36adb2ef7f4beee1132a3e7e1544c79b032623c27d,640,640,56210
archive/train/Road_Issues_Pothole/1181_jpg.rf.c86988788e4bb320413e839ba1332bad.jpg,POTHOLE,train,pothole-a0bfd0f83e8dee81,train,41e29446cb9d0a93c5a42b1ec80c2663a5cdb7b44a3f77042c674c5834ad750e,640,640,83081
archive/train/Road_Issues_Pothole/images175_jpg.rf.ceb150426afe8e4b8dc90fcb87aa4223.jpg,POTHOLE,train,pothole-d99996c791761b28,train,be467ca009150f0a3e4b394fc918177e6446213a4228467371d8e7a5ed730fe4,640,640,59335
archive/train/Road_Issues_Pothole/images179_jpg.rf.d02ef81108658c3ef7f5e7b916748f0b.jpg,POTHOLE,train,pothole-99d209a5e1bdc566,train,cc96085509e2d0dc5a9b5978c07ac0e478cae19370c77311c0dab7767ccfcae1,640,640,43698
archive/train/Road_Issues_Pothole/images17_jpg.rf.2f8b9b39295f45c32db540e8cfc31f17.jpg,POTHOLE,train,pothole-3603eba03bf48d53,train,ca0fdd9970d12df948d4c8a7bb7b499734d6576def612cfb2ee5c26a52e99064,640,640,65632
archive/train/Road_Issues_Pothole/images191_jpg.rf.168bf064e8cfb8538677e676be6e4825.jpg,POTHOLE,train,pothole-2021a126f82e4cf4,train,1f15da32d3fe82e9b08ce1bb49671eba5bfa9f246b42579ef5b6b9bcb08a9b38,640,640,79760
archive/train/Road_Issues_Pothole/images199_jpg.rf.7f34c7dcb9519103c886c4de8cf9d8ec.jpg,POTHOLE,train,pothole-d26d347e8697fac6,train,554118d8599808ea3a664a3ee5babc218a63adcfef9f445a0c619ad6c9a5275e,640,640,72754
archive/train/Road_Issues_Pothole/images211_jpg.rf.f8d634b51d3c44fe31415b7c916c7b2a.jpg,POTHOLE,train,pothole-715999fb58e3bc87,train,de6216fec025a276a00500975d8e2c43b8f86db0cebac8774a88d4e6ab1180e4,640,640,76955
archive/train/Road_Issues_Pothole/images212_jpg.rf.1b76bf58dcf3f3608c43aa751d1cc845.jpg,POTHOLE,train,pothole-da76af545b375321,train,4cf4fa430fb813550bdc33109fb4aaf862ac511ff89be0a508dccebd006a33b7,640,640,64121
archive/train/Road_Issues_Pothole/images219_jpg.rf.d357c9398abcef72b151a82843cf4a07.jpg,POTHOLE,train,pothole-18d5570cdc4ec215,train,0e642fb1319f84420612166dc4d49c26d4447f8fb31ac3b8a7aed8afda2d4546,640,640,79687
archive/train/Road_Issues_Pothole/images21_jpg.rf.a7b1e937db8154065a2dbdcacf4d623c.jpg,POTHOLE,train,pothole-42a98190f759101f,train,62af4e4465b2857f23549a79f4ef9feffa7e7b8c1f769fa98889eeba543d5b88,640,640,59256
archive/train/Road_Issues_Pothole/images228_jpg.rf.f214ff8926045d58276964909dae5bde.jpg,POTHOLE,train,pothole-7600b58d4dc086eb,train,c5b117cb89e75419c862906368ea3e033bf357b05ec88991ebf19f0c21fe09dc,640,640,56139
archive/train/Road_Issues_Pothole/images233_jpg.rf.eda6f665df87ce11ba972e29587042f4.jpg,POTHOLE,train,pothole-553476b6a6517e6d,train,c5619ede494c620a7ddba73200cea6181cbee0a87054a09a6d127f4dba579f10,640,640,66579
archive/train/Road_Issues_Pothole/youtube-25_jpg.rf.e0715ec08574fc40b281b2acb0bbe8e2.jpg,POTHOLE,train,pothole-48de3d9ead757b92,train,104207a41f78c7a40d2b3f98816afc430b74aa34d33565ec60a7173ffbfb8700,640,640,54396
archive/train/Road_Issues_Pothole/youtube-28_jpg.rf.19c69e4dc718ed864496e141fa9bfcd3.jpg,POTHOLE,train,pothole-dd1ed9999233856d,train,9526e93c0c2c101ed9e12b098299261e6adc13a42929ee1b88c7d8e9678fb0bd,640,640,54645
archive/train/Road_Issues_Pothole/youtube-31_jpg.rf.f7d459da83f1674d6768df255193d31a.jpg,POTHOLE,train,pothole-bbaf14d15e820bef,train,292deaa3ef80d30f6ef74fba8acd8d0ff94ea8300b0387a8d788bddf6d17baf6,640,640,51866
archive/validate/Road_Issues_Pothole/1053_jpg.rf.cfb5918d3492d29e5700912fc9ee7263.jpg,POTHOLE,train,pothole-465be87ff638b8e0,validate,4b0fe96463d17b19cda32828211ea5cc1d7a39eb8c46df2bfbd10427dce94e91,640,640,72909
archive/validate/Road_Issues_Pothole/1091_jpg.rf.dde9a25e3d333b5200233871ce5a80b2.jpg,POTHOLE,train,pothole-d6f404b2b2183504,validate,3e82b0fff728e5233e3a3fb0d51ed288a3ba28efa9b4e5342a90d3f9e87cf299,640,640,64762
archive/validate/Road_Issues_Pothole/1115_jpg.rf.0e233bef4bb48c2912f3b207ae644b30.jpg,POTHOLE,train,pothole-3e3fc78ce459a2ae,validate,c1328edd5df863686dc7151b5d412f740ad671f2d7f79d389b21306e1644196f,640,640,62611
archive/validate/Road_Issues_Pothole/1134_jpg.rf.52c8c1ffcfd3842db269bf60bf3f5423.jpg,POTHOLE,train,pothole-fe59e22524894a8f,validate,b83145e7f00b26f44467b272cc679ba087a08a1ea8528dabcb90725e24803784,640,640,48468
archive/validate/Road_Issues_Pothole/images220_jpg.rf.c76cc173c40d7f027a001cea3e22d145.jpg,POTHOLE,train,pothole-dfdad12aa4e8c734,validate,de71e8d0cde3bef72f03a38b9da86d4667019559cb435322bac4c55b5a098265,640,640,81076
archive/validate/Road_Issues_Pothole/youtube-29_jpg.rf.e0c4c1d06368a72d8620a13522d2d30b.jpg,POTHOLE,train,pothole-46bf59878cb8ccf1,validate,e204538a995193d3e82c7aa56834408ab85f0992ee68b8d9891c4367c2e46841,640,640,81957
archive/test/Road_Issues_Damaged_Sign/IMG_8114_jpg.rf.9539f2ef1d7ab69e9108c734ee20f455.jpg,DAMAGED_SIGN,validation,damaged_sign-667fae3c427406c1,test,6299f87ddcb6f066165ce6ecc708eacea9d8808798ce8e95381d2a994479a172,640,640,31673
archive/test/Road_Issues_Damaged_Sign/IMG_8354_jpg.rf.94ad8e099fb4b66bdae974cf2d36adea.jpg,DAMAGED_SIGN,validation,damaged_sign-9948197385d19062,test,3c19e40d1e9d9c1a94b07bcd11e01c0733340f3ca5665f570e86d928ee15dcf8,640,640,27593
archive/test/Road_Issues_Damaged_Sign/IMG_8739_jpg.rf.1ef43561c5a5acbff4456f03f86c7372.jpg,DAMAGED_SIGN,validation,damaged_sign-676f9550de408ab2,test,cc02233b18d4ed1eed1fd93b7046de3ec4f9325cc8377ca4023649bb6215c2e4,640,640,23537
archive/test/Road_Issues_Damaged_Sign/IMG_8743_jpg.rf.9e6bf3da9a906d6bd09ba9960784042c.jpg,DAMAGED_SIGN,validation,damaged_sign-b4020cd2a6a77022,test,931af089ad8f14fd7344ae5f46fc184a8ad112155f9557992352251130985051,640,640,52346
archive/test/Road_Issues_Damaged_Sign/IMG_8763_jpg.rf.2b1aeeafe0b35a7fe63cc09e31613d91.jpg,DAMAGED_SIGN,validation,damaged_sign-853477420d765d8d,test,4a6dbd9d9d5be773f553c00de8fb05dcf463c1b902465596b9756cf296e327c5,640,640,26894
archive/test/Road_Issues_Damaged_Sign/IMG_8822_jpg.rf.907e37d62766952bab75a8abe912b0e3.jpg,DAMAGED_SIGN,validation,damaged_sign-540e9f9d4c975375,test,54434ed7f24385811630d2de608656f7079c2f5de4c5f15b3de51bcdf249f55e,640,640,58670
archive/test/Road_Issues_Damaged_Sign/IMG_8921_jpg.rf.6e390e082171e03d7c3efec9123cd72d.jpg,DAMAGED_SIGN,validation,damaged_sign-f822df1602fc62ca,test,ffc62df91ba90260a15b5361690a2592409ac1967918988e521a657d79bbdca4,640,640,42149
archive/test/Road_Issues_Damaged_Sign/IMG_8988_jpg.rf.9de5bdcc333b50c8eea901c260e5637e.jpg,DAMAGED_SIGN,validation,damaged_sign-aec2bb7b76b7c54b,test,61f183e06b8a3d42c1d6c3ca39113d41d1b4a45741f859679cc01845fe573059,640,640,36435
archive/test/Road_Issues_Damaged_Sign/IMG_9008_jpg.rf.c304c6d63123bf6e7a71874f1c4fd647.jpg,DAMAGED_SIGN,validation,damaged_sign-b2fc73d294af772f,test,da4446ec219af61466c328c7a6eb3493c90e5636156e27a5ea7665aaae81fbb3,640,640,72105
archive/test/Road_Issues_Damaged_Sign/IMG_9062_jpg.rf.f86fe53c6dd83db77274ba86674381f1.jpg,DAMAGED_SIGN,validation,damaged_sign-ca5cd88deebb1ecb,test,63858d3e49c504686c17eee1d060379fa054be258d713e943d4bffa475856a2c,640,640,32528
archive/train/Road_Issues_Damaged_Sign/IMG_8085_jpg.rf.d7a458734a70ccf4ffda86210aeabaeb.jpg,DAMAGED_SIGN,validation,damaged_sign-9328e7a4602b5170,train,54b3fe0d08677496f5856d7f0e89a9dc57dc8e77d5c62223d857cc02a90e890a,640,640,27170
archive/train/Road_Issues_Damaged_Sign/IMG_8087_jpg.rf.c5777ba4b3475045da9d968a1d12ef73.jpg,DAMAGED_SIGN,validation,damaged_sign-05f89eed0e18acf1,train,97007eae99bf04cc52e9c349ac68fc59d37f5fbedddbc5b3b527c1a2d66b2af7,640,640,30680
archive/train/Road_Issues_Damaged_Sign/IMG_8100_jpg.rf.6dabd932509fefc2335bc36e6b3f9fa8.jpg,DAMAGED_SIGN,validation,damaged_sign-983f85b2aaf71a7a,train,b05e9c9bc647f3ef44f42b6a135e603e537f7461db897b89680c187a6b29a53d,640,640,31814
archive/train/Road_Issues_Damaged_Sign/IMG_8105_jpg.rf.148230f6e5a97bf8843b4b5a16452c3c.jpg,DAMAGED_SIGN,validation,damaged_sign-ecf7a93290de1ab1,train,25ed58af9346dfa15c355174d61c1c2655354924cc6527fe40a09254da2b4434,640,640,31647
archive/train/Road_Issues_Damaged_Sign/IMG_8116_jpg.rf.d5079454ad16a3c8813860a5af3d6b46.jpg,DAMAGED_SIGN,validation,damaged_sign-7f346ce5611e340e,train,c61f9554942f683f8682468759ddcf2a5b7c00fd22e42e4981c69b2505dd8fce,640,640,34054
archive/train/Road_Issues_Damaged_Sign/IMG_8146_jpg.rf.c806a482c3267faba05cebd9c4676b7e.jpg,DAMAGED_SIGN,validation,damaged_sign-bf5d30175720a601,train,ba3721b1b7ac3b74fb00607795d12762a781dfe5fd75c04b6f0247b87bfd2908,640,640,33342
archive/train/Road_Issues_Damaged_Sign/IMG_8147_jpg.rf.f0aa5d8c64955ccfa55fb2eb003ff969.jpg,DAMAGED_SIGN,validation,damaged_sign-57c7f28c87521958,train,177adce658ce1df50b2f4cf56dfb9973e732bd2e982362aed1267ef157dad08c,640,640,34414
archive/train/Road_Issues_Damaged_Sign/IMG_8153_jpg.rf.1b76e2c3d5bbc2a50455f86515264c84.jpg,DAMAGED_SIGN,validation,damaged_sign-efa32550c7fa033a,train,0722f5c61497540b9499976f78382f13a201069755eb66e717cdd7bddc68ab85,640,640,34624
archive/train/Road_Issues_Damaged_Sign/IMG_8159_jpg.rf.f69cddce17aed1284de959bf4c81bdf1.jpg,DAMAGED_SIGN,validation,damaged_sign-9bb7ddc024cc411b,train,f2598ac3655400ef3785a1d5c24f4ed2b77dd4d01f3c1968bd3606fdf9ced1db,640,640,33076
archive/train/Road_Issues_Damaged_Sign/IMG_8177_jpg.rf.edd21497cdc43a5a01a4e79f969656df.jpg,DAMAGED_SIGN,validation,damaged_sign-073e6cb79849855a,train,9f14e7f24c9ebeccd3062741427801a2898582d996825bdd02f78dbe83889588,640,640,51831
archive/train/Road_Issues_Damaged_Sign/IMG_8181_jpg.rf.c0c7e64751f58c4e0dd45f7eb62261df.jpg,DAMAGED_SIGN,validation,damaged_sign-843f6d4a42fe9d5d,train,73867bcc3beedfd4fee66ed193880416d32457dac5b3eec30d1fcd339ffc60c7,640,640,27766
archive/train/Road_Issues_Damaged_Sign/IMG_8197_jpg.rf.76aa8934686cf14c5904afb2998133db.jpg,DAMAGED_SIGN,validation,damaged_sign-0057ac8d9cafaa92,train,13cf8e735710fe70f1a9a3f8821cfcb8dbb400343bd72f856209f20787dce6a5,640,640,37246
archive/train/Road_Issues_Damaged_Sign/IMG_8222_jpg.rf.f5f5068f324edb2c5cd940cbbc54ffbc.jpg,DAMAGED_SIGN,validation,damaged_sign-25f7da83e7f18d33,train,485f2ec6b9272e4a9e015d0512ca191a1b93b8943660d3247c3627beec97319c,640,640,23918
archive/train/Road_Issues_Damaged_Sign/IMG_8289_jpg.rf.c22574f8b4b8da92735a73f55c2126be.jpg,DAMAGED_SIGN,validation,damaged_sign-b7cbb4b38506a41c,train,bff819375753e8d2a15876034d9378b08135e20247966a1463302cadcf08bfc5,640,640,36933
archive/train/Road_Issues_Damaged_Sign/IMG_8294_jpg.rf.e952d05a5b9e99cd4a5f3ab802b29d61.jpg,DAMAGED_SIGN,validation,damaged_sign-870465ae7f3f48af,train,e5b0b91ecc897a097a7fde7801b74ce075b6b0fa1bc76fd2f1c825616ad6ba13,640,640,26607
archive/train/Road_Issues_Damaged_Sign/IMG_8305_jpg.rf.f8040a890053701d42fe4d598efaef8a.jpg,DAMAGED_SIGN,validation,damaged_sign-1617e9cfe962c493,train,aa2cbb5c4ac6f3a017b46748ea0b2651ed758147c962ab9efbec18d101dacee9,640,640,35320
archive/train/Road_Issues_Damaged_Sign/IMG_8317_jpg.rf.a7c0484997086c14371e4e9df3f44541.jpg,DAMAGED_SIGN,validation,damaged_sign-10c87d8c28502506,train,c8dad8695f6f6e77a07af8a40db0062d77387180e3248fd9baf2fd35b61d9e38,640,640,32640
archive/train/Road_Issues_Damaged_Sign/IMG_8325_jpg.rf.eacb8fe9ae20e7ae7ae6897a17417035.jpg,DAMAGED_SIGN,validation,damaged_sign-a3d42e75b5090559,train,eb60b59b31ed79a08e1328f5b6db97f9aa1af04aac5737b3264bc9291299c306,640,640,37347
archive/train/Road_Issues_Damaged_Sign/IMG_8341_jpg.rf.eca9a01348ce8966f479286704ffa6d5.jpg,DAMAGED_SIGN,validation,damaged_sign-2c0ac310f58bb7c0,train,ecbc29b3445cc98b28e48093797382385cf8581a90aa856776dd7c90ebc2b22a,640,640,30345
archive/train/Road_Issues_Damaged_Sign/IMG_8669_jpg.rf.fd6f7ef67e4fe89152e7f4f710f25182.jpg,DAMAGED_SIGN,validation,damaged_sign-d4272e1a0be4cabf,train,cddea50bf2b661fe38f168f9d2483a313c77aac5e2184376f26ecf92e6714ef5,640,640,44355
archive/train/Road_Issues_Damaged_Sign/IMG_8691_jpg.rf.5488dc1eb43022e848a4d3edf697c312.jpg,DAMAGED_SIGN,validation,damaged_sign-9c9da86ac3daa3ee,train,0e08088c8a16b06cc536482d0e19783595dfe5f65312164af1144cb72356e955,640,640,75362
archive/train/Road_Issues_Damaged_Sign/IMG_8725_jpg.rf.6675efe0a2dd958afa82a500a68ee760.jpg,DAMAGED_SIGN,validation,damaged_sign-bfa8e4205ff7777d,train,2a64a250781981c5dba6a314ce0abd91bce59c1662ed6b0321964c5bc0752057,640,640,26891
archive/train/Road_Issues_Damaged_Sign/IMG_8750_jpg.rf.07775c86c5b2ee4e147406c59839392a.jpg,DAMAGED_SIGN,validation,damaged_sign-18a56f836a6afb84,train,efb90759d5ea05a5e48c8acc567f9dc48734235f7dbec2631d18f571f6c05a0a,640,640,53004
archive/train/Road_Issues_Damaged_Sign/IMG_8754_jpg.rf.df7c80dc1ad2969d2f17e97c6bf38064.jpg,DAMAGED_SIGN,validation,damaged_sign-354e7f3e82091f21,train,e4ad07579589b8a5be557f1886550f2845288e9f8a0618c72fac7e0720259b0a,640,640,33318
archive/train/Road_Issues_Damaged_Sign/IMG_8767_jpg.rf.e4d6141f96befc489974b2920c8f0253.jpg,DAMAGED_SIGN,validation,damaged_sign-6aa854e0a77386ff,train,db5cd76e5b58eeb8a435060362408f4e1a73fdc2c8dcb0406eed827356164692,640,640,41176
archive/train/Road_Issues_Damaged_Sign/IMG_8787_jpg.rf.343b0e0c2377033d10db6eb3e831355a.jpg,DAMAGED_SIGN,validation,damaged_sign-7cc038994d76f399,train,e33e39a09e7ebc00d374a9ecc4c62c44ae1aebd376ae38ee7a7147676fc15d67,640,640,56754
archive/train/Road_Issues_Damaged_Sign/IMG_8813_jpg.rf.9a561b03d42b3bdd4c804f96c8e8203c.jpg,DAMAGED_SIGN,validation,damaged_sign-6c5b7f72d37dc952,train,b36a7732cb26bf2a580450e27e4857931d77c2a657f38ffa0e556b7386861eea,640,640,38065
archive/train/Road_Issues_Damaged_Sign/IMG_8900_jpg.rf.4f121af2b9b4342dcb049cb83edf6a6c.jpg,DAMAGED_SIGN,validation,damaged_sign-9164839f85461099,train,827dcff9510916c17237277f16690e66c1cd15564797a127654495e88f7f91f9,640,640,36966
archive/train/Road_Issues_Damaged_Sign/IMG_8905_jpg.rf.499e9dbd827b7880d47ff8e9e05919de.jpg,DAMAGED_SIGN,validation,damaged_sign-aaf4046797c6a913,train,826f5f83e1c86634ca037e9210ff2d5af2b14a312d66784d60551db1223b5ddb,640,640,36830
archive/train/Road_Issues_Damaged_Sign/IMG_8908_jpg.rf.0af4d943d100827f2672d26f209c951b.jpg,DAMAGED_SIGN,validation,damaged_sign-79cc467acef55ffa,train,e4de598b16573803fa8122672def45bcca446952ea637c8f8ded826ea722553c,640,640,39046
archive/train/Road_Issues_Damaged_Sign/IMG_8915_jpg.rf.18436052f12946f14f4c3cf4a31751cd.jpg,DAMAGED_SIGN,validation,damaged_sign-71ddc63b5be2621a,train,3ac1ab21df08772c76be4ae33ec1e84a455f73de25a97143c85414cb68386d6e,640,640,46000
archive/train/Road_Issues_Damaged_Sign/IMG_8923_jpg.rf.0eb19fb5b6f4edb2fd08ec1726051cdf.jpg,DAMAGED_SIGN,validation,damaged_sign-977b74c54e7b4178,train,fe9fcc859ab3e3a9a978ec80909c93e92434eaa807ee1afa1b8dab8b1cd7a75b,640,640,68963
archive/train/Road_Issues_Damaged_Sign/IMG_8932_jpg.rf.03984aadf518d4b2f64985f6717284fd.jpg,DAMAGED_SIGN,validation,damaged_sign-6a2e0586b062f2de,train,9b9102dbae22564929bb10efb5d9c01421767181eb68ee427931ad5c01d6e9dd,640,640,31998
archive/train/Road_Issues_Damaged_Sign/IMG_8933_jpg.rf.db90a0248a0a80475abb50321f586213.jpg,DAMAGED_SIGN,validation,damaged_sign-f0e167e623218963,train,ccaebb73335e02c7e7e93a7adba042ebb5ff270198e3234d0f8b693a014fb3e2,640,640,39526
archive/train/Road_Issues_Damaged_Sign/IMG_8957_jpg.rf.a95fe3cb38888e04160589bc7ae0af8b.jpg,DAMAGED_SIGN,validation,damaged_sign-315d3065af4a4bbe,train,b99866b53667d932216944694bd2de1d6581fa7aef84afe15da9e0d40166064e,640,640,32912
archive/train/Road_Issues_Damaged_Sign/IMG_8958_jpg.rf.7fefeb0b747fe438f8e31ae61c4d4337.jpg,DAMAGED_SIGN,validation,damaged_sign-72474fb6ca0819df,train,4a1dd1322f78eb70da28e75bc1fea79abfaa0ebf5c4a64697fe488fccd0d575f,640,640,69926
archive/train/Road_Issues_Damaged_Sign/IMG_8969_jpg.rf.cdfea7e5f0569c2831cf8b64afa5f119.jpg,DAMAGED_SIGN,validation,damaged_sign-2fd16dc79df471cd,train,5f11e8303b7263237aaf4149043cfa1ae96314664cc73dfd3e73103f2a1e81cf,640,640,54508
archive/train/Road_Issues_Damaged_Sign/IMG_8994_jpg.rf.a3b5fb383df395342d189a704c31dab2.jpg,DAMAGED_SIGN,validation,damaged_sign-0360f1a40fa6b2e7,train,a353bcbc776bfec2a9e74575dc9491492415fb1d7207135fa875ca44ef4a420a,640,640,45050
archive/train/Road_Issues_Damaged_Sign/IMG_9007_jpg.rf.4d310f46667903b9d10fb8b0ddf0f6e3.jpg,DAMAGED_SIGN,validation,damaged_sign-d9e9783a4ff5f0bd,train,cb184b59e646607320516c039faf50942a14f8c656aee327b81515e18ef39c12,640,640,60815
archive/train/Road_Issues_Damaged_Sign/IMG_9038_jpg.rf.4206805b40948fe695a914dca46cf8ef.jpg,DAMAGED_SIGN,validation,damaged_sign-676097e1799a029b,train,7df543e7ba129404a01e2cdad33ec793a9e3c51a112577646a0f9ce6e215423b,640,640,22619
archive/train/Road_Issues_Damaged_Sign/IMG_9050_jpg.rf.ce207c7f224e99e87eb5034681cc3626.jpg,DAMAGED_SIGN,validation,damaged_sign-bae5ac450ae8c675,train,696dea86387aff6c3293a7a5f6d251652139efaf4a45fdfbf5cafa650d335e75,640,640,28482
archive/train/Road_Issues_Damaged_Sign/IMG_9058_jpg.rf.31d8039545b495804e1d4fd83a05afba.jpg,DAMAGED_SIGN,validation,damaged_sign-6b799ea113eea768,train,b903f66840a1938bc4961cbaab42d5450f68d3526741433805ea480971b8314e,640,640,35765
archive/train/Road_Issues_Damaged_Sign/IMG_9086_jpg.rf.68cbbfc9dbddc2aa01d0e3f1cb1e9b54.jpg,DAMAGED_SIGN,validation,damaged_sign-89578844fa96f5f7,train,44457a19b37acba4681e0473e32be0bb8957972f2bfbdd3de5eefa6bddbd274d,640,640,69827
archive/train/Road_Issues_Damaged_Sign/IMG_9093_jpg.rf.e3ef0c5f4c3df8d10368650355afb7dd.jpg,DAMAGED_SIGN,validation,damaged_sign-a33646dbac2d2f2b,train,7accbe9a740bdc99dfdb4a2ba4a6b190c43130d2b06e92b183f582aabd733db6,640,640,40145
archive/train/Road_Issues_Damaged_Sign/IMG_9097_jpg.rf.e01a4e0889cd80271cdf0833d1d261a5.jpg,DAMAGED_SIGN,validation,damaged_sign-caaf12d1110fa40e,train,d70651408f7163d208b27687c18b8da2f79f8fcdf1f708ec8abcf5ea2c99305b,640,640,35805
archive/train/Road_Issues_Damaged_Sign/IMG_9109_jpg.rf.9e79d21407ee20553768aa99da815ff4.jpg,DAMAGED_SIGN,validation,damaged_sign-6864042d21944264,train,f1efd4c9d12a111402e4ffabb248f3b57019375992b7f03557dd491c0de67154,640,640,62174
archive/train/Road_Issues_Damaged_Sign/IMG_9116_jpg.rf.c6edbce958386df150259adc5fa9e022.jpg,DAMAGED_SIGN,validation,damaged_sign-76494d3aae40bc39,train,789250d194aa00bb34554070e98f7fcdc4d2422d741790dc6746ffb01ef43836,640,640,36629
archive/train/Road_Issues_Damaged_Sign/IMG_9122_jpg.rf.df6a9d58e169cec14eeb8be29d3fa7e6.jpg,DAMAGED_SIGN,validation,damaged_sign-1d400e93ea0457d0,train,922018413a696a4bba756c136f7c76322039183f33f5692ee88358ccc745b4d1,640,640,37550
archive/train/Road_Issues_Damaged_Sign/IMG_9124_jpg.rf.53f243d54ddfa85668f552fcef15d48e.jpg,DAMAGED_SIGN,validation,damaged_sign-160c06f334466075,train,e933ac6d8b084f0ce772efb850543b7844db17b6181f456ef520960de2e2cdd4,640,640,31290
archive/train/Road_Issues_Damaged_Sign/image10-2-_jpeg_jpg.rf.33bfcc7425ab207d83ce7eafd869e9bb.jpg,DAMAGED_SIGN,validation,damaged_sign-d393f971e305c46f,train,7ac4c9224f101f582c4df1e7331436cbd9a8698211a621198eb7966cf52964dd,640,640,67005
archive/validate/Road_Issues_Damaged_Sign/IMG_8089_jpg.rf.7cbdb26f64ad2a7ba8c5db11ce90256e.jpg,DAMAGED_SIGN,validation,damaged_sign-b644dde5cd38f379,validate,f0562b99904e1a7726cef39724dd5707c100fed4f87b5eb6a5912cd17d41b81a,640,640,36040
archive/validate/Road_Issues_Damaged_Sign/IMG_8125_jpg.rf.b2e50d731df8063ea209a0543aecb577.jpg,DAMAGED_SIGN,validation,damaged_sign-22f3a803f0834093,validate,23e2908c310161abe529b877130e1d1d4434a70fa158fa1d0c51206c8336187a,640,640,26483
archive/validate/Road_Issues_Damaged_Sign/IMG_8128_jpg.rf.2a404879d81d82baa1fe1fb0b3fe8eab.jpg,DAMAGED_SIGN,validation,damaged_sign-b457fe93c9481561,validate,4c729d698536a994beadaf5edc8bd17b6e3d186430f3ac960d6f5d7ff8a7b7c0,640,640,28236
archive/validate/Road_Issues_Damaged_Sign/IMG_8176_jpg.rf.16cdca4dd1fef843ce8c8cde70bd9d84.jpg,DAMAGED_SIGN,validation,damaged_sign-4f5f71561785905a,validate,dd6b314cbfbd1b93ef1707a7c6ac03419043867f9fedbf86277f0b3cda3fe6cd,640,640,34989
archive/validate/Road_Issues_Damaged_Sign/IMG_8823_jpg.rf.7145aaef79c1425df2c03992f7678039.jpg,DAMAGED_SIGN,validation,damaged_sign-c0f1e2eadc2d99f9,validate,c7397a326ffb6bd35dad75aa2d0fcf03a09299378b6cb0d8984526f69c07064e,640,640,31671
archive/validate/Road_Issues_Damaged_Sign/IMG_8974_jpg.rf.28513d857065cb3bb8e4ae804b6da41c.jpg,DAMAGED_SIGN,validation,damaged_sign-c76158d809a4b3ad,validate,035b1cb9aefb5c7455836b685c613b0835a86fcb89fe91d47590b8108884857e,640,640,34436
archive/validate/Road_Issues_Damaged_Sign/IMG_9059_jpg.rf.d0ad77d490cc3d4389581b54831dc709.jpg,DAMAGED_SIGN,validation,damaged_sign-f2ef6b4f08356603,validate,410b23addce22474c9928dd6797aed9a1258a83d45a430c711b7dcdb2c34b196,640,640,28960
archive/validate/Road_Issues_Damaged_Sign/IMG_9075_jpg.rf.65c653e8186e7cd29b5e71ba312d2f26.jpg,DAMAGED_SIGN,validation,damaged_sign-124c5b251f37cff3,validate,3ba969b44b52ece5fb65393c8ca6d122528a98496a4680656ab298a50489f28f,640,640,37573
archive/validate/Road_Issues_Damaged_Sign/IMG_9084_jpg.rf.6c978619ca8fce4bb9ffefda9d98acbf.jpg,DAMAGED_SIGN,validation,damaged_sign-2fdf9f41d2305480,validate,a4827b2fa61875ccf77a07da4ab6e6a2ca052e685bda49c0db5532caa45c3f13,640,640,30218
archive/validate/Road_Issues_Damaged_Sign/IMG_9131_jpg.rf.be7be813ca983d1226cf24c6adafb2b5.jpg,DAMAGED_SIGN,validation,damaged_sign-ecaad958fd5917b3,validate,e04b74ad7e0f66cec8e73c6137d65ce221ea538cc51678dde2b224cab3d5a6ef,640,640,24620
archive/test/Domestic_trash/Datacluster-Trash-11-_jpg.rf.aba27a6f9d4969ffcddae42f7b908e37.jpg,DOMESTIC_TRASH,validation,domestic_trash-63f8b2cbdcf5b3f1,test,35e2e584a365ff9d4e38d9d58af4ea3d50f83a122a59b84237a0985665951b62,3000,4000,907541
archive/test/Domestic_trash/Datacluster-Trash-111-_jpg.rf.cfd389f330c24d184f9604731be5b524.jpg,DOMESTIC_TRASH,validation,domestic_trash-20fc9f0a27ce1ac1,test,fedf1b00d9bcb03c0e0dce266691b6872878757896fd14064dae70b27c776ba0,3000,4000,1407944
archive/test/Domestic_trash/Datacluster-Trash-132-_jpg.rf.d373de9cd8d5b33cd8ed98b22d6cd02e.jpg,DOMESTIC_TRASH,validation,domestic_trash-c378d593d9845d1e,test,5ba166fe7d6f9d9776a8c068079d423af4f4daf4849b5ce82ffa49428c60432d,4160,3120,1236864
archive/test/Domestic_trash/Datacluster-Trash-160-_jpg.rf.02d1c5d0926207c9e5bb3a6d3a3c5757.jpg,DOMESTIC_TRASH,validation,domestic_trash-e41f81c87aa96032,test,4f5a7f6dacd0fe0427447dd030e1d0f14652bf004a1dd90f3bcf59ec2f9c0ef3,640,640,60619
archive/test/Domestic_trash/Datacluster-Trash-164-_jpg.rf.1ba2af06d97962515c4b961a3c5acc09.jpg,DOMESTIC_TRASH,validation,domestic_trash-8e5ca1533ef22516,test,5c05fc943df19583d88f41ad82808814cfbf4bf4814e8219b4ba56690c4bbd82,3120,4160,2438782
archive/test/Domestic_trash/Datacluster-Trash-173-_jpg.rf.c34628aef94bd79303e5b42af7911e23.jpg,DOMESTIC_TRASH,validation,domestic_trash-87b5c7488e93aead,test,7472f1ee617c128e950dad342f5fd564ef986ba1173e490ee16caab412770aa8,3120,4160,1779325
archive/test/Domestic_trash/Datacluster-Trash-180-_jpg.rf.c23458ddd64c656e7eb8ee7c4b4de4cc.jpg,DOMESTIC_TRASH,validation,domestic_trash-1d34c5e9437f9a28,test,347d803fcdd569743f51f3bcd757881c10e26de246496f53bd9c0f037d74f7df,3120,4160,2312099
archive/test/Domestic_trash/Datacluster-Trash-190-_jpg.rf.15153c7289c2fac926c4df179f58e887.jpg,DOMESTIC_TRASH,validation,domestic_trash-86b8422742e6026f,test,27b79b0198ce00bcff787a458c62928102f2c6c7a9eba75cbac84514ee444e73,3120,4160,2081373
archive/test/Domestic_trash/Datacluster-Trash-220-_jpg.rf.258f8fb5996479d0097f8bd48c80131e.jpg,DOMESTIC_TRASH,validation,domestic_trash-87fde1841247c761,test,b32d2ad2e388eb50cc1262054fab3e6feb1a6dcc3c7b34d7f389afd8a6ff8bd8,3120,4160,1246487
archive/test/Domestic_trash/Datacluster-Trash-226-_jpg.rf.f32d181d2e95519f355376a864837695.jpg,DOMESTIC_TRASH,validation,domestic_trash-33f0e2278ff6caa6,test,ecd31ee14d03f1daf360f91c99b83b0460d82f572c7bcf6ab4c3a609324f7387,3000,4000,936793
archive/test/Domestic_trash/Datacluster-Trash-244-_jpg.rf.7da9622e4e0afe77a2738a71a5a70830.jpg,DOMESTIC_TRASH,validation,domestic_trash-66ef291919e3cf2a,test,e24d4d3b85f9fcd8f3aca0c0d9116022416292848b9e54a6c194dbe1e43b7fcb,3000,4000,2538557
archive/test/Domestic_trash/Datacluster-Trash-33-_jpg.rf.f865aef9dd31549412c09018b975cafa.jpg,DOMESTIC_TRASH,validation,domestic_trash-2b3c1205f4e93c50,test,34c3bbcd457fa4041bbe56e4de721add6696c2d06b2a7267bbd70dfb4501bd15,3000,4000,455318
archive/test/Domestic_trash/Datacluster-Trash-43-_jpg.rf.98582e8fdf418225aea123590f07d0f8.jpg,DOMESTIC_TRASH,validation,domestic_trash-4e4b1f5fc7aab219,test,472b33a3be35256936d971771a049b4bcc04cb1ec5d2129502cfd68e25d9345c,3096,4128,2787480
archive/test/Domestic_trash/Datacluster-Trash-52-_jpg.rf.d5ce376a92149baf8f4f2e91232ce760.jpg,DOMESTIC_TRASH,validation,domestic_trash-8af7de7a41fe6c41,test,0a33d7492cc9943d1d3c8c0dc371a509b76338d433c5cbb470dcb1fe498df51f,3000,4000,958916
archive/test/Domestic_trash/Datacluster-Trash-81-_jpg.rf.da53d35089deffa4026e057c28a2937d.jpg,DOMESTIC_TRASH,validation,domestic_trash-16405904aaba8007,test,5946625840a5ac58be7080186dbfb8f061213610f7aff8289d4ff4c9f3d5862e,3000,4000,2654420
archive/test/Domestic_trash/Datacluster-Trash-86-_jpg.rf.3cb3ead37de721985166cb37e4c159e9.jpg,DOMESTIC_TRASH,validation,domestic_trash-31bf4ab5c28b64c2,test,f72dac7d0bdfa74c0c9abaef9f1c6a5b26c724f393cbceafa62cef4870567ff7,3096,4128,3426115
archive/test/Domestic_trash/Datacluster-Trash-95-_jpg.rf.3dc72f3c1d9a8bf235340561e8f62ccf.jpg,DOMESTIC_TRASH,validation,domestic_trash-76fb4ff3668d86ad,test,d583d974120b49ccc4db1e5036353798ed2516866a5b4d0ebcb48d41338c8a27,3096,4128,3391196
archive/train/Domestic_trash/Datacluster-Trash-119-_jpg.rf.053e7224cfad50e5bf8a3748dd871b5a.jpg,DOMESTIC_TRASH,validation,domestic_trash-0a49d0bcfdb2cee8,train,b8750a6683a916cd3ce0e4b1d326b5d53f44e2af8f7debeeff0fc8077a68878f,3120,4160,1507594
archive/train/Domestic_trash/Datacluster-Trash-127-_jpg.rf.427bcb327bee18cd8ebd2b69c0b8f00b.jpg,DOMESTIC_TRASH,validation,domestic_trash-bc6752d7e9b5574a,train,f55a4c3ca35a4fda4cfab4a632e070ac0da1d15df94f62dd35c73dbbc266fa88,3120,4160,2647509
archive/train/Domestic_trash/Datacluster-Trash-134-_jpg.rf.98a81a151cda67f543bd863afbd5f553.jpg,DOMESTIC_TRASH,validation,domestic_trash-99730e51a9a86451,train,3d083d00b7692680afd7ca1209dca099c7915f9cbdf1c396093baa48842986f2,3000,4000,2055338
archive/train/Domestic_trash/Datacluster-Trash-137-_jpg.rf.eba1d715299f0fcb034f5b6e476034e3.jpg,DOMESTIC_TRASH,validation,domestic_trash-1d3fe6d9c8f445a2,train,762ed7ff0f0232c076e58cd803b4933b8268bcd2abf0e012bea1edfc7aa50729,3000,4000,1767429
archive/train/Domestic_trash/Datacluster-Trash-150-_jpg.rf.898a2b8151157fb8b65bcb6dc8a8a8c1.jpg,DOMESTIC_TRASH,validation,domestic_trash-94fada9d67368969,train,87dc9def3fdcc3a79affb3c85e59d3b968df1aa49690789572f25c2c721cdc77,3000,4000,922236
archive/train/Domestic_trash/Datacluster-Trash-166-_jpg.rf.4f480b30fbc5fd047eb987c44674b2a7.jpg,DOMESTIC_TRASH,validation,domestic_trash-e9efdc8619956b13,train,a937bc5ef1d69a7ab50e1692f38a0cbb04ab2f8b28b8ee6dac6b3161b91234b5,3120,4160,2101601
archive/train/Domestic_trash/Datacluster-Trash-176-_jpg.rf.7248df19431be44eda2f8727f5f966be.jpg,DOMESTIC_TRASH,validation,domestic_trash-948b752ddf6d2d20,train,fbe27dce405af265d4da4b6067677068bd68182752be98bdb4102838a9046f37,3120,4160,2405943
archive/train/Domestic_trash/Datacluster-Trash-18-_jpg.rf.e57a58c28725327b52cdd09572b5beb6.jpg,DOMESTIC_TRASH,validation,domestic_trash-76c74585fb7d0fe0,train,b6df62411bc9f371653a139b3104b35447b5d9b3da4b92c8d2fbe1d2d25674c7,3000,4000,554757
archive/train/Domestic_trash/Datacluster-Trash-183-_jpg.rf.2676935f671b85222117f719aecb8ddf.jpg,DOMESTIC_TRASH,validation,domestic_trash-0f1d6a7a8cf44c0a,train,53c95b9b59b07e7a25dd49a6c568c685733319a26a941db37117113f0b9e15df,3120,4160,2634072
archive/train/Domestic_trash/Datacluster-Trash-188-_jpg.rf.fd00b8527b5a6280c61bd12dc28bbc5b.jpg,DOMESTIC_TRASH,validation,domestic_trash-903b80f2e91bc52a,train,90492261d094f255a810b3c4f8c4f5cb524482736cd28a633c2043f0bd4b7744,2448,3264,1547728
archive/train/Domestic_trash/Datacluster-Trash-195-_jpg.rf.7c7df8191d17c71a9ea56be9eb069480.jpg,DOMESTIC_TRASH,validation,domestic_trash-eeb1545862cd49cd,train,a541ed59e73ef3ee3bef0e08d0e26c0223d14065eb99d6d13fef49831810cfd3,4160,3120,2357800
archive/train/Domestic_trash/Datacluster-Trash-200-_jpg.rf.0be8b53832fb1890379ac79c164f3be1.jpg,DOMESTIC_TRASH,validation,domestic_trash-d93a71344d71cb55,train,b984e1d12e56a53d662a9a12a1fdd6f5918d206b77bef9d191c5cc54f0c628de,3120,4160,1453900
archive/train/Domestic_trash/Datacluster-Trash-221-_jpg.rf.55a537caf70c88277b9a6d8b38f71bc4.jpg,DOMESTIC_TRASH,validation,domestic_trash-849f38d85be1bf36,train,a621a17921562229999757f9ed3ed9a2009670798ed390697b408b72054f4f22,3120,4160,2896548
archive/train/Domestic_trash/Datacluster-Trash-232-_jpg.rf.7b94637355d584ff81cf11f429abdfac.jpg,DOMESTIC_TRASH,validation,domestic_trash-b57c69f29407357d,train,90d1425504314d869eb94dde5a89fd2cc685cda37c1998eacdea77bd54754ac6,3000,4000,2831294
archive/train/Domestic_trash/Datacluster-Trash-239-_jpg.rf.7826015d3e753236adfe799c83a12288.jpg,DOMESTIC_TRASH,validation,domestic_trash-1122d2f1e77d36ca,train,a8f53cf913d14a111a6082f6ee1ec14fa14645610190f2973ca539be569caacd,3000,4000,2425582
archive/train/Domestic_trash/Datacluster-Trash-243-_jpg.rf.bdf2c5c131dc102dd5baefa57b96ba18.jpg,DOMESTIC_TRASH,validation,domestic_trash-fc9c9d36a368782c,train,19c7f639c42a8b19f1c22586b2e52e9e13c2e88bda8369247d5e4b5a3d0419a6,3000,4000,2294469
archive/train/Domestic_trash/Datacluster-Trash-57-_jpg.rf.23d45703cc66a10f4a657ff5ab9131f3.jpg,DOMESTIC_TRASH,validation,domestic_trash-e2df510705699b09,train,d357df41363bdada3164a8d20550f1685af06c93b1d70cb20bd4e303696c131f,3000,4000,439460
archive/train/Domestic_trash/Datacluster-Trash-59-_jpg.rf.81339d58d3f7b643baa35c3ace1c2c24.jpg,DOMESTIC_TRASH,validation,domestic_trash-6ba9e092ec16bd60,train,8e82bee4c4b45012220a30cbd690580b5a07691cb31ac41339a45e43bbdffc0f,3000,4000,468917
archive/train/Domestic_trash/Datacluster-Trash-61-_jpg.rf.49ae641dc16f6776ff4e0e522d75c24a.jpg,DOMESTIC_TRASH,validation,domestic_trash-7526d81f9da14407,train,0c80528a87b8cbc16dc83e1dba457a8069f3f79598bafca7fd58d3e0c1edd05b,3000,4000,582710
archive/train/Domestic_trash/Datacluster-Trash-74-_jpg.rf.4b6f916bd6db4c84329c0a074854fc70.jpg,DOMESTIC_TRASH,validation,domestic_trash-2f2922c15f0262fa,train,c56d603316d26b19191d62688ca0157c93f063790647d2f4ecfbc24c1a80d0aa,3000,4000,584595
archive/test/Parking_Issues_Illegal_Parking/illegal-parking-103-_png.rf.c0c16f827f2c419cbf55e3ae773f7d85.jpg,ILLEGAL_PARKING,validation,illegal_parking-cd4e6bf54e9926bd,test,912054e4e127fec9d93f62c0dd5af46ca41566c789227a16b3266b8a164701ff,640,640,37060
archive/test/Parking_Issues_Illegal_Parking/illegal-parking-134-_png.rf.a5ba1e3199f0d1b6ac5400f061353db2.jpg,ILLEGAL_PARKING,validation,illegal_parking-9d889fc431a31902,test,7aecccdf8cd9ace96579457d89552cf7eb4196b698498e473bdf0604f6387449,640,640,46843
archive/test/Parking_Issues_Illegal_Parking/illegal-parking-207-_png.rf.4d87318471da5c4454427fb8e76b1fdc.jpg,ILLEGAL_PARKING,validation,illegal_parking-2104e3f0561c22f1,test,4873e49eabf7de2cdf0dec0b3269d3b0588b94a0ff32b7a63dbd7fdee772626c,640,640,45395
archive/test/Parking_Issues_Illegal_Parking/illegal-parking-221-_png.rf.64a3a2e9e1a726c1313d7ee1facb17a2.jpg,ILLEGAL_PARKING,validation,illegal_parking-25eb81c4f874e439,test,86f94a852b592bb47a562dda5247ba418720c8b031aabe64cbc62c6ca50dfd9c,640,640,38070
archive/test/Parking_Issues_Illegal_Parking/illegal-parking-25-_png.rf.e9db4437eeff9cd53bf6c8243d077453.jpg,ILLEGAL_PARKING,validation,illegal_parking-f1732394eadf88b7,test,6ac7d0fd8b25ca629332ecf5da9f2905a3c710ca649a9abe3a32325d17578c9f,640,640,30290
archive/test/Parking_Issues_Illegal_Parking/illegal-parking-26-_png.rf.25a55ecc8208118d82b5cbe41606743f.jpg,ILLEGAL_PARKING,validation,illegal_parking-8f2d422d14478994,test,7206d4cd8193980cdee5e623fa40e71f71ca381edb01e1cd04311dacb17681a8,640,640,30572
archive/test/Parking_Issues_Illegal_Parking/illegal-parking-260-_png.rf.ad45c0f4512c9b441210a9182cae783d.jpg,ILLEGAL_PARKING,validation,illegal_parking-a492ed8869b6f62b,test,af60c53fc1fc2d78e7310fed29f03be1c2e96c804165c42a2fdcc221b188a50b,640,640,41013
archive/test/Parking_Issues_Illegal_Parking/illegal-parking-361-_png.rf.af6917005856cc0cb569b5ca75312d98.jpg,ILLEGAL_PARKING,validation,illegal_parking-7c0e3349dfd1658d,test,1dfab1c3b0a477c32aaa478b05d7d3aa35167115241e3a37b0c8977673a596f5,640,640,43404
archive/test/Parking_Issues_Illegal_Parking/illegal-parking-429-_png.rf.e04e516a2b1063f47cf20c04e06b33db.jpg,ILLEGAL_PARKING,validation,illegal_parking-b29cab957c6a557c,test,0fc63b175adc1c755b3b5fbc883e73b25c4c1e50c8900d374ccb9dac41235392,640,640,37309
archive/test/Parking_Issues_Illegal_Parking/illegal-parking-45-_png.rf.fbb1bb1b7a3cd1fc5525bf678464b4cf.jpg,ILLEGAL_PARKING,validation,illegal_parking-2d8d8251a04671e7,test,d87cbae268169224b395a4b520e4bbd08953a012d2785ecb1159fb394036ef1a,640,640,52147
archive/test/Parking_Issues_Illegal_Parking/illegal-parking-478-_png.rf.83b5d1c69ae6c393c345e269fe7a4539.jpg,ILLEGAL_PARKING,validation,illegal_parking-7da0eb04f34546b7,test,bc30bdf91122761ebd97f148c64987f150cd7e97b80e2a435000d87488ecd56d,640,640,28228
archive/test/Parking_Issues_Illegal_Parking/illegal-parking-487-_png.rf.f3f1e0da1faffcbcc38e3d95a4913c41.jpg,ILLEGAL_PARKING,validation,illegal_parking-0452e0ed8d5a4c0b,test,e854a8ab7797d5bcd652cfcb67ac6e6eec6d4cb1487a1e8c6784fbe6492a9714,640,640,41554
archive/test/Parking_Issues_Illegal_Parking/illegal-parking-760-_png.rf.6d6215f5279d021abef34445e43be9e8.jpg,ILLEGAL_PARKING,validation,illegal_parking-82823860fc0202f1,test,003d8975e3f995344272a862778fff6fc684f472dbcdfe64308d475bc4ccc095,640,640,37844
archive/test/Parking_Issues_Illegal_Parking/istockphoto-484622140-612x612_jpg.rf.457a903e822804bb3f4bb12f1aa0b76c.jpg,ILLEGAL_PARKING,validation,illegal_parking-da2e371ea306604d,test,d2e47b27ac9406346700b94a35c2c5facccfb5c8948f43a1ab2fb736eda4d4b8,640,640,58638
archive/train/Parking_Issues_Illegal_Parking/2012-12-08_12_25_08_jpg.rf.c4a394117539ebc0cb026f540ee36578.jpg,ILLEGAL_PARKING,validation,illegal_parking-464c867974a06546,train,837e711aafb015302383b1a30dac71f0dd2b9e33f87e0b64e26a2fb3d6024148,640,640,61139
archive/train/Parking_Issues_Illegal_Parking/illegal-parking-101-_png.rf.13c78c52aaa43186dadf4c6792e6fc03.jpg,ILLEGAL_PARKING,validation,illegal_parking-cce312284a7efdd6,train,b32ae29ea719d6bdf5952971355134b5e0d4809fddde08ccfeac9af3c6f2b406,640,640,26905
archive/train/Parking_Issues_Illegal_Parking/illegal-parking-102-_png.rf.82067eb3fc9bb8d4addb6a640feecb3f.jpg,ILLEGAL_PARKING,validation,illegal_parking-a400b3125ef05156,train,2638d7194ca8080ef8f824fdce038f1063e5494b98869a6d87f3f0083a852ffe,640,640,31426
archive/train/Parking_Issues_Illegal_Parking/illegal-parking-122-_png.rf.3fcf56b29ec9fc3b276b5fe9d94d5b9d.jpg,ILLEGAL_PARKING,validation,illegal_parking-955fd12ae7ff9e1a,train,289b8b6d0ef02f85f60d1bca41a98bd0ca264195546951b375422e8bff312f29,640,640,42602
archive/train/Parking_Issues_Illegal_Parking/illegal-parking-131-_png.rf.92f3281ca06f806978db4aabde34fb89.jpg,ILLEGAL_PARKING,validation,illegal_parking-73f4a4c2460bc74a,train,524cee6985c9a0608c9989daac7ed11fd5026f456ffe8073522368253e73c72c,640,640,44491
archive/train/Parking_Issues_Illegal_Parking/illegal-parking-143-_png.rf.b3f711603de33b38a87844e7e8c1fb0e.jpg,ILLEGAL_PARKING,validation,illegal_parking-78259d7756aa1d66,train,0eed8fd6c8804a5c372d584a81a2e7327f06c8612cc964a8a04cf3a1d2287e3c,640,640,54889
archive/train/Parking_Issues_Illegal_Parking/illegal-parking-146-_png.rf.68321a2ad431bfe93c9b1db03578927e.jpg,ILLEGAL_PARKING,validation,illegal_parking-3aaf0d81e60aa584,train,9c4259011cf89f42d7035de3bf3c8939daad7c11148fe574afb8c52c313391cd,640,640,62994
archive/train/Parking_Issues_Illegal_Parking/illegal-parking-147-_png.rf.0801b7386d650e4903d9f03825c220bd.jpg,ILLEGAL_PARKING,validation,illegal_parking-398dfc276f2016fc,train,3bdf9e70354737534362f3fb99a20503b43bca423d34fe24f11c1c210138cfb7,640,640,62117
archive/train/Parking_Issues_Illegal_Parking/illegal-parking-151-_png.rf.851ddaa9a6d85dc260ec4aa0d4167f52.jpg,ILLEGAL_PARKING,validation,illegal_parking-681d64bddb823037,train,f945ba796666f81075485031222ccda87b0027acd2cc1ae6514d8f22ebffdcaf,640,640,47648
archive/train/Parking_Issues_Illegal_Parking/illegal-parking-176-_png.rf.b9bca945308c81c0a7e2218884f9c9e9.jpg,ILLEGAL_PARKING,validation,illegal_parking-0ea195066a5ec45a,train,952cf7f453d4ba1c814219a6beb97fb8f11dc47b67c188b61a6de79ea4d10b32,640,640,36619
archive/train/Parking_Issues_Illegal_Parking/illegal-parking-186-_png.rf.2c61a569a68ebde5e9f259b17875591b.jpg,ILLEGAL_PARKING,validation,illegal_parking-4a1f46452a7ee359,train,959c09e87ab268a0f7a763c7a565a4320e5f7ceeb3f16e392be08837c2c123fc,640,640,33338
archive/train/Parking_Issues_Illegal_Parking/illegal-parking-193-_png.rf.77093f9378489fdb1759f58aadfac9c6.jpg,ILLEGAL_PARKING,validation,illegal_parking-47673c546dad615c,train,3f35f31b6f33521a69270168991d7edde5018ae80d0097cc8809f8818aba15e4,640,640,31700
archive/train/Parking_Issues_Illegal_Parking/illegal-parking-196-_png.rf.7901e51ba95598d1c2eb55fa3bc05605.jpg,ILLEGAL_PARKING,validation,illegal_parking-77f00b69c5479434,train,ad46e40e830a1f6cd3ac14bb99f907069a7ac08ed90f2a963018b7afad900bbd,640,640,33728
archive/train/Parking_Issues_Illegal_Parking/illegal-parking-203-_png.rf.719130bf7bfde8948657ddce5cca8438.jpg,ILLEGAL_PARKING,validation,illegal_parking-dd6e73b69874b553,train,34e5da22e183900b8a3ed14ecfe31e5255d09f701d654d01b2d2d21298bd5768,640,640,42853
archive/train/Parking_Issues_Illegal_Parking/illegal-parking-210-_png.rf.7b8f4faaa4ebbb5e300dbb0f25a6572d.jpg,ILLEGAL_PARKING,validation,illegal_parking-1deff5fee3682426,train,4f8d4ff02ea615ee8f7d7d3e06cfe0c180838165d4774182e52a2baeeb025cbb,640,640,43421
archive/train/Parking_Issues_Illegal_Parking/illegal-parking-211-_png.rf.44d7c939146498a338aad8c06ec7f815.jpg,ILLEGAL_PARKING,validation,illegal_parking-26889220f0493475,train,b1939e3e1eb7f32058dc075cb94244969358e23456d4282c3ce074b241c93448,640,640,38211
archive/train/Parking_Issues_Illegal_Parking/illegal-parking-214-_png.rf.70af7d3709f7f90015807204f620ef4e.jpg,ILLEGAL_PARKING,validation,illegal_parking-04eb76d89678dd27,train,70ec5d561a8a17eb731379af1cf1718aae933aca8f4f689acc1748d623c9751d,640,640,41016
archive/train/Parking_Issues_Illegal_Parking/illegal-parking-225-_png.rf.ae40a79e04faf266df20d643849e7bb2.jpg,ILLEGAL_PARKING,validation,illegal_parking-6636442fadb4f408,train,70809f3146f19248f092052de30ff2ef1dd7dd1d5ae1959cf8dbab7296e7ca1e,640,640,41581
archive/train/Parking_Issues_Illegal_Parking/illegal-parking-227-_png.rf.3ca212d7c82608febdd829511d4f1a8a.jpg,ILLEGAL_PARKING,validation,illegal_parking-146be6a26bd40e9b,train,638a01b128a86f078815e0b31fab12a9ebbcb96e838b7e41c5e62c2635394c87,640,640,48063
archive/train/Parking_Issues_Illegal_Parking/illegal-parking-229-_png.rf.081b9d23c8ea9e3505a74dcb5c5ca278.jpg,ILLEGAL_PARKING,validation,illegal_parking-2094df994ab6635b,train,67feae75cfc1861ff17328b75521d44e2b504aa5834f820997959bc0920018d4,640,640,31003
archive/train/Parking_Issues_Illegal_Parking/illegal-parking-236-_png.rf.57f2aed1cdaf7b49d2c0e9d0d0ce42a8.jpg,ILLEGAL_PARKING,validation,illegal_parking-a5266bacb723fbed,train,56ee62170a8218b24db9f1c4ec76d531180acd436334b7f4f623dfbe0934045a,640,640,40568
archive/train/Parking_Issues_Illegal_Parking/illegal-parking-244-_png.rf.065d4190c2eabb9e4a6d29c45775552e.jpg,ILLEGAL_PARKING,validation,illegal_parking-44d5da912f0128d9,train,2d49c86af40489b5592f0ed89945db841c67f4157a922bc5cca85dad53d19616,640,640,39543
archive/train/Parking_Issues_Illegal_Parking/illegal-parking-259-_png.rf.009e8b8ee1e1dc8aaf59f6387ab6fd1f.jpg,ILLEGAL_PARKING,validation,illegal_parking-cef8cf7516d51d77,train,b23b0feeebfc3ce7e0653a68964cf9e180c4b43e0e15e1552033c80ee5a7365e,640,640,33251
archive/train/Parking_Issues_Illegal_Parking/illegal-parking-261-_png.rf.55b9f14425fe7930a237e5da6165c9dc.jpg,ILLEGAL_PARKING,validation,illegal_parking-1fec890abae4d8ab,train,fcfffd185c34538bcdcb26d991e08c2c6b8d60920489e92c12da41f7f096c2e8,640,640,41501
archive/train/Parking_Issues_Illegal_Parking/illegal-parking-279-_png.rf.99ebce06693993080a6142b9b7b8b2d5.jpg,ILLEGAL_PARKING,validation,illegal_parking-b4eb27b9d1ef9c9c,train,2b17012acde915baf512e62dcc3e6624096f5fc7815407cfdb62c03ed10d2bac,640,640,35402
archive/train/Parking_Issues_Illegal_Parking/illegal-parking-30-_png.rf.b757c090a410b5d34e6b66ee88127f5f.jpg,ILLEGAL_PARKING,validation,illegal_parking-7ab99608985f07c9,train,1b0ff75551085fd7974c1d17d621bdccb59dddeccf687d3f05674466d7fda2c0,640,640,27781
archive/train/Parking_Issues_Illegal_Parking/illegal-parking-31-_png.rf.872c9cb6cd837975cf0b2d5fd288e813.jpg,ILLEGAL_PARKING,validation,illegal_parking-69181dd41cc76f35,train,64a89f835fea1f1f42e33c84345f17acc10d602c0f0fbd086141f52d9d56c690,640,640,30675
archive/train/Parking_Issues_Illegal_Parking/illegal-parking-319-_png.rf.9cdafe7c34ca63d844d4fde49fa1b83b.jpg,ILLEGAL_PARKING,validation,illegal_parking-d7e3368b3db68d1e,train,ecd13ea76747d216f7e84616e97ecb00dbbf763f68f107150fc9e7d5e5fa344c,640,640,42285
archive/train/Parking_Issues_Illegal_Parking/illegal-parking-333-_png.rf.02436490d162dab7a41277c183b38dea.jpg,ILLEGAL_PARKING,validation,illegal_parking-9c68b8de354ba0dc,train,11a935664386588678e728fb0cedf40ae4773a99e528fee4faf789b3ba0366f3,640,640,42559
archive/train/Parking_Issues_Illegal_Parking/illegal-parking-337-_png.rf.8334c6904e789fc9fe3a525e285c129a.jpg,ILLEGAL_PARKING,validation,illegal_parking-cdaa7ae8a130ec5b,train,52de3b7cd0d3cdba6825133b8ac0204d62653ff496aff20d7034d81f32ed5607,640,640,32979
archive/train/Parking_Issues_Illegal_Parking/illegal-parking-342-_png.rf.0bdd6809f8f8f4ac369df9c5f1ec0607.jpg,ILLEGAL_PARKING,validation,illegal_parking-87074691b387729b,train,492c5b04362c3013b2c16284239dca48b3348daab7f3557a7b63b641c4b8cfee,640,640,33169
archive/train/Parking_Issues_Illegal_Parking/illegal-parking-344-_png.rf.679ba6165d3217043e718c20dd4ec358.jpg,ILLEGAL_PARKING,validation,illegal_parking-226bdfe0e373a5f1,train,063d0536198c7bc752cf4b6588f384ebac9d0a031fafe2c4da8a5cca8767934c,640,640,39249
archive/train/Parking_Issues_Illegal_Parking/illegal-parking-353-_png.rf.d21da76af4797830cf728e0a6edb50d1.jpg,ILLEGAL_PARKING,validation,illegal_parking-2b155ca01a03ba57,train,c178e8e01b3cfd085760368bfa3ef79d451cb3183ad962795adfdff9bfd68be6,640,640,40742
archive/train/Parking_Issues_Illegal_Parking/illegal-parking-362-_png.rf.7108d312164ef997f8064dcdc9fe6543.jpg,ILLEGAL_PARKING,validation,illegal_parking-e2594cd9c3e54161,train,47098c0d5d1e87fe8144cd7f3197b5eb83d109d0c022e35312ba498bfcf11ad9,640,640,27911
archive/train/Parking_Issues_Illegal_Parking/illegal-parking-368-_png.rf.dc4e9a4b52e2df321e7da8d905a29434.jpg,ILLEGAL_PARKING,validation,illegal_parking-9ef3d658e8d94763,train,6197e519009e11b2aec3880fd782537da8ca303fc5c7fa6ff05872e9385abf1f,640,640,41181
archive/train/Parking_Issues_Illegal_Parking/illegal-parking-378-_png.rf.b88f50012a6bf2acf81acdf6dfc61317.jpg,ILLEGAL_PARKING,validation,illegal_parking-baeb57201eccddd6,train,72b7ceb570285c59f37bb2741e0b712c5f6f07ac06ee004489f91c297ec1f9f8,640,640,29145
archive/train/Parking_Issues_Illegal_Parking/illegal-parking-379-_png.rf.4208e218584322c09d763d31bee01dfc.jpg,ILLEGAL_PARKING,validation,illegal_parking-68cac3a12b62b6d1,train,1765d421bbf2c4dd307d507e6e02aa5969df9ec9991abe37985c1d14b24780da,640,640,31524
archive/train/Parking_Issues_Illegal_Parking/illegal-parking-382-_png.rf.7825da1edd0f35fb0309edb99d375d26.jpg,ILLEGAL_PARKING,validation,illegal_parking-4f63051eade38b88,train,4770fcf65f7df064802d5a2f39d4e01934ab5b5424c24e09297816040f40b6b9,640,640,41726
archive/train/Parking_Issues_Illegal_Parking/illegal-parking-389-_png.rf.c04290ab3386c8d4e15bdab3341ce94c.jpg,ILLEGAL_PARKING,validation,illegal_parking-a1d4c3c20aaebdf3,train,7cb832f2d635db3e44b47566845c027e313a016ccc6c497d35209be540267d72,640,640,39372
archive/train/Parking_Issues_Illegal_Parking/illegal-parking-399-_png.rf.3855fec3b6abb06fda1e0189d35d369d.jpg,ILLEGAL_PARKING,validation,illegal_parking-66548361a2b87439,train,3a32dbfc5d88f4942d2aadddd9c42636b82624f58949941906470ca8b0af77b3,640,640,53193
archive/train/Parking_Issues_Illegal_Parking/illegal-parking-408-_png.rf.c7973f15efb3b0835264d04363b0020c.jpg,ILLEGAL_PARKING,validation,illegal_parking-e7bf45eb6ae44e85,train,72ea57e1940632f62b3840b40b227f7eb093d7cbf463375a869f6ad13e4564c0,640,640,35858
archive/train/Parking_Issues_Illegal_Parking/illegal-parking-413-_png.rf.95d0618c60e8ea3f074dcf479ba18c48.jpg,ILLEGAL_PARKING,validation,illegal_parking-fb815c021ef19ccb,train,3a4d6aed7f64fd49674d0613fb9d7f3b2c66422ef7d2c330351da406fb04011e,640,640,29351
archive/train/Parking_Issues_Illegal_Parking/illegal-parking-416-_png.rf.0b6f09e5299c77face829f556fdbd790.jpg,ILLEGAL_PARKING,validation,illegal_parking-d5b58b64e9cb8f50,train,71258be83a90b55595972c3d7376c448d57f9dd7a850b2b9bc56625a57f52118,640,640,34232
archive/train/Parking_Issues_Illegal_Parking/illegal-parking-421-_png.rf.43d76f5c8fadc61a511b7c95a458325e.jpg,ILLEGAL_PARKING,validation,illegal_parking-0213b0f665a9300a,train,79a8731f5e7a2a97b415a9e78271ba5207ac099ab6abbd4480b45e618e5532c6,640,640,32662
archive/train/Parking_Issues_Illegal_Parking/illegal-parking-426-_png.rf.5a9f49cf52a86b47a2f09ca851180ea4.jpg,ILLEGAL_PARKING,validation,illegal_parking-fd248329db91fa6c,train,ef7c94cfb8999767c5eb7693f14a5006d62196ee77882aa6a411374b508acee6,640,640,33017
archive/train/Parking_Issues_Illegal_Parking/illegal-parking-435-_png.rf.00016286f2d6986e61f449fda8fc773c.jpg,ILLEGAL_PARKING,validation,illegal_parking-74fe3cf13e526a06,train,c663d1ed801bf4c2565e11db2e270f07a896df86a36813bb8f749847ea7b2174,640,640,34141
archive/train/Parking_Issues_Illegal_Parking/illegal-parking-438-_png.rf.2c065f28160bc84e2d4dc6117473490d.jpg,ILLEGAL_PARKING,validation,illegal_parking-94597454d7b153bd,train,092985b8bcffbaf84f2a12e73c2e39348c702929ef7591188dc946fa19a7a6e7,640,640,32728
archive/train/Parking_Issues_Illegal_Parking/illegal-parking-44-_png.rf.a4a66776aa9ac3adffbc2dc2e1dc1ae9.jpg,ILLEGAL_PARKING,validation,illegal_parking-ef9a583295d1776a,train,ec8bd47a596459dc2b8fcb07884ed5ce199fdc8cfef17d9d314581151b11056b,640,640,52459
archive/train/Parking_Issues_Illegal_Parking/illegal-parking-456-_png.rf.8be8a90a02eca236d468bb868b7f8a0a.jpg,ILLEGAL_PARKING,validation,illegal_parking-93cd4266e303931d,train,b3746170e44766b35b179dca4f21ca8dfeed003d99f55e7ba66d15dbb0aedbd1,640,640,41157
archive/train/Parking_Issues_Illegal_Parking/illegal-parking-463-_png.rf.67eb5f1b963c53f40f012d89fcd6fa18.jpg,ILLEGAL_PARKING,validation,illegal_parking-b742d5baa0c080da,train,bc7dcdadede92f4b97a7e5374b5a723d1ad9c9ef32a974028c2abc65f4d27bdb,640,640,41492
archive/train/Parking_Issues_Illegal_Parking/illegal-parking-482-_png.rf.6bbbf309d68addf3399922e443ce5540.jpg,ILLEGAL_PARKING,validation,illegal_parking-50867b66d1364a93,train,7f4a6b3286fa4e62d7b69a37875187d53c5f55d305eb9423b588869f4c92819e,640,640,32609
archive/train/Parking_Issues_Illegal_Parking/illegal-parking-489-_png.rf.adf350895dcb6acbd94916c1a1cbc755.jpg,ILLEGAL_PARKING,validation,illegal_parking-793a01c2f1d69e51,train,4ec27677f768e7fd524a1343977e32ff642a3da4926dc6c973c8f0bc7c0a2e25,640,640,39815
archive/train/Parking_Issues_Illegal_Parking/illegal-parking-496-_png.rf.7730429083285801aed87b9941dd78e3.jpg,ILLEGAL_PARKING,validation,illegal_parking-a4a28dd83c1b67de,train,7a44138d43bd3c66506fb7d236458941c21ac0e5af121f172663844f561a1868,640,640,38454
archive/train/Parking_Issues_Illegal_Parking/illegal-parking-497-_png.rf.c739dd0373d831a865a33cf3637c2b88.jpg,ILLEGAL_PARKING,validation,illegal_parking-a9667807833bc4ce,train,152f9fee7234f2fb85b7307036b7648fec3242f3a7bd8ed379821883f2cf27f6,640,640,43551
archive/train/Parking_Issues_Illegal_Parking/illegal-parking-502-_png.rf.441896022720b7929778dfdf3b2815db.jpg,ILLEGAL_PARKING,validation,illegal_parking-b6ca3689d22c2364,train,89497a8f071d483d2bf4c4b810bd21e8dfa4dd5fb23bec0150b4f8ee6f466e2d,640,640,33974
archive/train/Parking_Issues_Illegal_Parking/illegal-parking-504-_png.rf.83f28a5a732e8e5dc46bf56125d0a3d9.jpg,ILLEGAL_PARKING,validation,illegal_parking-4873496da572d3ac,train,97956983190be5eb270b6601d404cd7bbc7258b0c8d9e25d83a20d02d7f1e39b,640,640,34490
archive/train/Parking_Issues_Illegal_Parking/illegal-parking-513-_png.rf.99346c6ef06d7b8d316b8c26194b8a35.jpg,ILLEGAL_PARKING,validation,illegal_parking-20b5de6ccf73977d,train,21296b4e80c6ade9790380158c330b8d103c8c97c103fe1cc71a3eb1142b4499,640,640,52488
archive/train/Parking_Issues_Illegal_Parking/illegal-parking-515-_png.rf.819949fa2bdf277cc8cdf04f51fce3f5.jpg,ILLEGAL_PARKING,validation,illegal_parking-02bf2fc8843a5168,train,8b4c23247118fbe126d7e0e622d68461c78f387e3b269938dd9a4f86db96b6b0,640,640,51980
archive/train/Parking_Issues_Illegal_Parking/illegal-parking-526-_png.rf.bb6c36c54aefc3bef867a9ad6f400169.jpg,ILLEGAL_PARKING,validation,illegal_parking-ce330680c076e7fd,train,24c974d46bed3599a3161621523bcad3418c4132b463e1d243c9b02fc80a63ed,640,640,28549
archive/train/Parking_Issues_Illegal_Parking/illegal-parking-540-_png.rf.ce52c68e6f9e42ce1c676f2d63bb98b0.jpg,ILLEGAL_PARKING,validation,illegal_parking-f073b2e138e4aa97,train,bbf16527ca5650c7eee5bf088a96bf0ef2f873f2a75e0012bc07408eee1ea765,640,640,50620
archive/train/Parking_Issues_Illegal_Parking/illegal-parking-545-_png.rf.700486377e104c240d429ebae29f46cc.jpg,ILLEGAL_PARKING,validation,illegal_parking-27499ea81b80f882,train,bceec1680195d36d95019266a0764aac650e4271169f7f5a7d88d4366b36f23b,640,640,32193
archive/train/Parking_Issues_Illegal_Parking/illegal-parking-557-_png.rf.f752a8ffcc042fd8f4ebcec67090b0ee.jpg,ILLEGAL_PARKING,validation,illegal_parking-6cba3b8ff9481d46,train,057b9df05cb302ffd22b921e44e18529ab5c824ace9331b95e3402580cf5d51d,640,640,24289
archive/train/Parking_Issues_Illegal_Parking/illegal-parking-569-_png.rf.1af4dfe77c3e06a97402830eb88eceac.jpg,ILLEGAL_PARKING,validation,illegal_parking-6c3e84ee7cf2d769,train,cda373e0fbba87ee26b1ca9d6989a79bc037a979bbe062dd56476d9c97557b0a,640,640,29225
archive/train/Parking_Issues_Illegal_Parking/illegal-parking-582-_png.rf.f5e8ebc549e2d668d62d5950a2c14831.jpg,ILLEGAL_PARKING,validation,illegal_parking-cbc514dd352e0379,train,f8eb8f5e6b05c8e25918681af1ef300bb595000c23dbd93d99e2fbb72aaa9bee,640,640,33450
archive/train/Parking_Issues_Illegal_Parking/illegal-parking-653-_png.rf.ea8d485e35b0857ebe4f2ecd23df58f5.jpg,ILLEGAL_PARKING,validation,illegal_parking-de5726650bca9861,train,1628714332ad4b6a0381aa1a4065d3335473b9745b5d6ac9145b194e45645b55,640,640,38843
archive/train/Parking_Issues_Illegal_Parking/illegal-parking-660-_png.rf.232650a1e16a9f10d36a4d8fd759d301.jpg,ILLEGAL_PARKING,validation,illegal_parking-49d9196cbde85575,train,927b7bef7c96bfa232bff1c5275b7d10cddb2b72bd861fe68a9a0926fe85c87c,640,640,32273
archive/train/Parking_Issues_Illegal_Parking/illegal-parking-694-_png.rf.ca058183fceedfa1c67308887fc619e6.jpg,ILLEGAL_PARKING,validation,illegal_parking-74de632e590f1479,train,11eeffbd9b5385f399c7bdcb224bca09744df20bf1e20972179669c4c6568e2b,640,640,48026
archive/train/Parking_Issues_Illegal_Parking/illegal-parking-710-_png.rf.20c0cf976ca2a6491e17c54b9686a441.jpg,ILLEGAL_PARKING,validation,illegal_parking-41bd6e0d22f61fd0,train,b2c87a6611ddc0e293696ddfc0cf321e5342b8aae67ebeff3a081e06f47775f7,640,640,32397
archive/train/Parking_Issues_Illegal_Parking/illegal-parking-736-_png.rf.77c7386e884ec4a467c043aed742e857.jpg,ILLEGAL_PARKING,validation,illegal_parking-2ca4fadb3c2c81dd,train,f0d00dc5f633180289acf703ac1938a61b1ce2a81b9a96ace5a5572d11171b52,640,640,29586
archive/train/Parking_Issues_Illegal_Parking/illegal-parking-77-_png.rf.b5b17c8a36e111c0eb46b02e01694b07.jpg,ILLEGAL_PARKING,validation,illegal_parking-258a0d4d078958df,train,71adfffa56abf7cc42b201cfdd90352b177328dca666ba3f9b6a311c8ae6cb54,640,640,47690
archive/train/Parking_Issues_Illegal_Parking/illegal-parking-771-_png.rf.6a5dd9aef574869789f63389face84f0.jpg,ILLEGAL_PARKING,validation,illegal_parking-f8f429e1a41b9d63,train,a3d2f99a636677792c3b84abdeeccf6ad4655a9a565cc60848492173cf3e1814,640,640,30789
archive/train/Parking_Issues_Illegal_Parking/illegal-parking-790-_png.rf.8abb29dd35b79cd858c11b572720b231.jpg,ILLEGAL_PARKING,validation,illegal_parking-50df771ed921a195,train,e4dbf2ceb6655597a4acf9202201b0411b5913ba34bbe2d2efd66e52652189a4,640,640,35516
archive/train/Parking_Issues_Illegal_Parking/illegal-parking-80-_png.rf.c45a74eafb4e305754bda92f65a842e7.jpg,ILLEGAL_PARKING,validation,illegal_parking-eeb1ee566fbb8200,train,7827ecd518166ad8d08b54b04ccdabfbdae97662d5bf412a5f572632ac3e6d79,640,640,39715
archive/train/Parking_Issues_Illegal_Parking/illegal-parking-81-_png.rf.781a224ecc359f6a667b42950d61cda0.jpg,ILLEGAL_PARKING,validation,illegal_parking-1fcc44587f828fa7,train,cbdc2ba857611b435ff10a5fbd0c34a0ab9da164871ba2d994c3ffaab03ca9cf,640,640,36384
archive/train/Parking_Issues_Illegal_Parking/illegal-parking-824-_png.rf.f3fb124365de64b6d3bdf07d0332450d.jpg,ILLEGAL_PARKING,validation,illegal_parking-baebdcfb178ce9bc,train,6e34fbf86503439b67252936097ce7cedffb6b8c0c7f44d005b0525414382c33,640,640,53939
archive/train/Parking_Issues_Illegal_Parking/illegal-parking-9-_png.rf.be97ffe5c8bcfd66ba1beb4a1ed0930e.jpg,ILLEGAL_PARKING,validation,illegal_parking-f03c32d17fe454e0,train,9c5928cc257ee8210fc0bc51a3f51458032e28148ddb2f4fd0d9dabf62eda543,640,640,42294
archive/train/Parking_Issues_Illegal_Parking/illegal-parking-95-_png.rf.738ee3d49716f8a26f41730cdecb74ff.jpg,ILLEGAL_PARKING,validation,illegal_parking-2e0b0e1c3b97980b,train,fea0e75382c08808d7d854b6ff09930f0da6335f4e676981da214364650dc053,640,640,36256
archive/train/Parking_Issues_Illegal_Parking/images_jpeg.rf.8d81194470ea2a4b8caaa76ad8fed9bd.jpg,ILLEGAL_PARKING,validation,illegal_parking-78dd63589ea0063d,train,fbf382eeed5372593fdf8bcfa4695cb63717b87b22be2deb1e702255fd64939c,640,640,51096
archive/train/Parking_Issues_Illegal_Parking/maxresdefault_jpg.rf.9da81b58472d2e5945fee4c4415706d6.jpg,ILLEGAL_PARKING,validation,illegal_parking-218c7415d3599eb9,train,3d8a8975672b9d39b48cce5c8eede4143f663e26f481d45150ade43ac9e5a74a,640,640,66274
archive/validate/Parking_Issues_Illegal_Parking/illegal-parking-171-_png.rf.5cc0f6acc2e05bff0d13dc2ae644be52.jpg,ILLEGAL_PARKING,validation,illegal_parking-45c25bf7418c364e,validate,5bf310ca98216d3fac76dcf4df2cfea7779f2b4b2fb099e72c79fc7ec4351c7a,640,640,35113
archive/validate/Parking_Issues_Illegal_Parking/illegal-parking-251-_png.rf.383acb9984346e986836de4524cfbd74.jpg,ILLEGAL_PARKING,validation,illegal_parking-93845ebf9ebb9ce1,validate,14bcf196ec36d7eab9bd59cd61cdc79f2b0389417952acd73e2e8f389060164d,640,640,46715
archive/validate/Parking_Issues_Illegal_Parking/illegal-parking-55-_png.rf.b953b121299838e4984aa1fae58f6746.jpg,ILLEGAL_PARKING,validation,illegal_parking-fbadacb7f0541771,validate,a91dea3ae979b28ce6de4427da576abf2c532cddbcbfe0a050deb775c705e8af,640,640,40857
archive/test/Road_Issues_Pothole/1001_jpg.rf.16a76e3694b4febeee3b174e624336de.jpg,POTHOLE,validation,pothole-3506e256602202e2,test,0d22bdc5f25746990b6673dc07337cdfade6163b640911c4f910fb4ea2379cf5,640,640,51631
archive/test/Road_Issues_Pothole/1026_jpg.rf.6738b4d11804f38f76ceff8e5d7743af.jpg,POTHOLE,validation,pothole-170dcc173777510c,test,b0495597fe1e2e8ea010db177ebfb87299ca372e4f761c4086de02a89f26ed3e,640,640,75459
archive/test/Road_Issues_Pothole/1047_jpg.rf.cd40d7f477ec1aeac652a68cc1791ff8.jpg,POTHOLE,validation,pothole-394a6fc062367129,test,a5f41e604a29e242cf5969c94c7983f4b5352a6260ad0ade34c97627dc6b7e80,640,640,74440
archive/test/Road_Issues_Pothole/1058_jpg.rf.80f9f69707b000f5ce41b4e54d5c426a.jpg,POTHOLE,validation,pothole-8aee4665797891a2,test,3b075f07ec345bbf60d489ded28cd7601889c2109c35c086f6eeb87eacbb3398,640,640,63105
archive/test/Road_Issues_Pothole/1071_jpg.rf.8979f27a9e0a4b23054c0e36eba405f5.jpg,POTHOLE,validation,pothole-5d4006e6688af385,test,54a7bb05eb486391ae9b592624ec5e9d0c1547ae6190b245c8c48a3681e2941d,640,640,77301
archive/test/Road_Issues_Pothole/1092_jpg.rf.6fd8e7f1efe49a2beded76c8f5d1cfc3.jpg,POTHOLE,validation,pothole-393d3b6c72bd8efd,test,fb2bce8097706147b2d0f361d75136ea42c6e099c65a2ca273c0f747b1b1ce51,640,640,55805
archive/test/Road_Issues_Pothole/1097_jpg.rf.f26fb0204f92f24dd1ec5da1522dc628.jpg,POTHOLE,validation,pothole-98e4fb48a649c338,test,c58e036611378a16f7077566652831a62b482ade46ae60b14587d2746930c149,640,640,62294
archive/test/Road_Issues_Pothole/1100_jpg.rf.a22d227a96a952d3fe7b7f48e01c1dd6.jpg,POTHOLE,validation,pothole-976f5d1b818db653,test,83609fb27b0de1ebbf3f9c13658dcb5f0604010aafc705f34f521be1ca69dce3,640,640,65164
archive/test/Road_Issues_Pothole/1106_jpg.rf.59772138ed80fd07d2658a2363fcab55.jpg,POTHOLE,validation,pothole-2e2ba6617e53f383,test,ce05edf2feeadfd308717514df70272da11f0b1efbcd22e2c5077ab16f9e6071,640,640,57506
archive/test/Road_Issues_Pothole/1124_jpg.rf.c216f22971ca25a72e6e6c6b7a78b601.jpg,POTHOLE,validation,pothole-1e64d2766d9f3f44,test,c05bd99fa49d7588b9cfcabb23cb06a2d6401b6112c029e55c5ed02ed80cd745,640,640,47446
archive/test/Road_Issues_Pothole/1133_jpg.rf.b915f69206cab66ec3674738389ded0d.jpg,POTHOLE,validation,pothole-706d8acaf1b1fb31,test,63041572da40ef08320be3d362d4ece1676a1fde43655ced8cc46d86d3e6e953,640,640,40162
archive/test/Road_Issues_Pothole/images230_jpg.rf.2cd05e6e3c4a81a17152450dc1d3a68a.jpg,POTHOLE,validation,pothole-3098239a6e2d1fc2,test,8e78e56a9bd5b6274f58104a8d8d1a3f3dbf0ff3b4253a3fc854b72da6460d4b,640,640,73897
archive/train/Road_Issues_Pothole/1019_jpg.rf.8b4fcf055277c218d8ba1f0531004161.jpg,POTHOLE,validation,pothole-c47ce0aead3e10cc,train,d14b1e1c3479ff98e647c911ee7627a996030230beb867ad5f31605347e75a5f,640,640,65656
archive/train/Road_Issues_Pothole/1059_jpg.rf.e4cee3afa2184821ab476d9e2b5e3869.jpg,POTHOLE,validation,pothole-78b0e7b023bd2ae5,train,2353a5622e7e34e096e530d4d49a61d4741ae817fab9514786b09170abb6e2f8,640,640,18103
archive/train/Road_Issues_Pothole/1067_jpg.rf.959f53fe500be49baff189d03aa34f4f.jpg,POTHOLE,validation,pothole-357349e408a56e9b,train,d28fb8a5beec53d6d0c32ddce608fb702bd499d96c7743a29ce0869db5ab2b05,640,640,61277
archive/train/Road_Issues_Pothole/1080_jpg.rf.4bf0601773d1e55fef5d63fbd44c86c6.jpg,POTHOLE,validation,pothole-f3634a7eb40a2cd5,train,928895fd05c60100bcde7eff3a8f354a88b6276b6cf5a0055b07334acd1f8cde,640,640,73810
archive/train/Road_Issues_Pothole/1083_jpg.rf.1d4392865940496da6a2c7acd487d8aa.jpg,POTHOLE,validation,pothole-10e1bb45ecae062d,train,c094c0103370ed9c1000e9fa79ad8f4322172f169f786ff2f2b6517668ce9ca0,640,640,56523
archive/train/Road_Issues_Pothole/1089_jpg.rf.d016a22b715dd6dbcaff467693893cec.jpg,POTHOLE,validation,pothole-0ffb3f7f32c96712,train,6c936f8c2126e6cbdc49b4a053252120e77b63dbad04dd97f1cd05f519f127ae,640,640,78155
archive/train/Road_Issues_Pothole/1108_jpg.rf.8d3b44fa20300d5c361f03c6aa247a81.jpg,POTHOLE,validation,pothole-7622a09b9aa12718,train,34119dbd6e32b0a8f6db817dc208cb61c9ca5fa9c45bb86520d67c3e1dd0c0cb,640,640,68900
archive/train/Road_Issues_Pothole/1138_jpg.rf.d8a7b9881d9df9fd250bd2a0bc2ddf01.jpg,POTHOLE,validation,pothole-af2b75c03efd66ba,train,726b85c776faa0394547fee568631d1532978d3b74e5bf54ddbe041f62f683bd,640,640,25928
archive/train/Road_Issues_Pothole/1149_jpg.rf.dd6e04bf867c6708599be199493229e5.jpg,POTHOLE,validation,pothole-8f1cc596a8b50b9b,train,954fb331a7a0c68591a4a5617a0bec90391b5b7137e47746fde6d12da51c7316,640,640,99723
archive/train/Road_Issues_Pothole/1152_jpg.rf.aa5b49c9ee836cea8d592b619af2d1e2.jpg,POTHOLE,validation,pothole-b8eef2ad70cef813,train,02e724a05d5c7e09d9304852acebeaa75ec29831cee05cd68350e87d0283a41d,640,640,69861
archive/train/Road_Issues_Pothole/1156_jpg.rf.c8539a0be59afd441be8dc3502e42188.jpg,POTHOLE,validation,pothole-2ffca9e17b521b75,train,7bb18ff417a530696ecdc91123cec839f3318287d3814fe511ac5d469519062d,640,640,50475
archive/train/Road_Issues_Pothole/1157_jpg.rf.33c11728a14b74a2033b127e48c7ede1.jpg,POTHOLE,validation,pothole-adad3dba0f774662,train,296ed52f19bb1e50d46a0522a6ef8c8e21987a3cc52b11879a8177bbda35ddb7,640,640,71983
archive/train/Road_Issues_Pothole/images194_jpg.rf.88d63b7de6b916e736aa19f18b543460.jpg,POTHOLE,validation,pothole-b262b0ebfdca17ef,train,9b4fa48bc56797e8c68c034f05761859bfdbea15a540054a54b597ae2d5f0645,640,640,77901
archive/train/Road_Issues_Pothole/youtube-23_jpg.rf.74a95237cff6394d1bf0c844c455ea32.jpg,POTHOLE,validation,pothole-182472503ad76da6,train,581195acdea1f76c00e6524a6d3c0b2f09fba635d6c0a16feebd06eff027f633,640,640,54145
archive/train/Road_Issues_Pothole/youtube-24_jpg.rf.c440ac9388346c63e67dc0637936fb28.jpg,POTHOLE,validation,pothole-bfeacb6a10d583a3,train,c554ce334fdfb2ad59e52d9951ea15be3be9d286553d4327bff15e8d331753db,640,640,53700
archive/train/Road_Issues_Pothole/youtube-26_jpg.rf.489dce3a995b9be2c3a02ba422bc7685.jpg,POTHOLE,validation,pothole-82f1602415747b16,train,103d4cbbdd4a039a78781e82b2b7dc2c6e16f1cef6decde7cc6f69c55f4a2cc1,640,640,52642
archive/validate/Road_Issues_Pothole/1087_jpg.rf.483629bc59692a66efda1c284a0d5cf4.jpg,POTHOLE,validation,pothole-b711cd24b51eb53e,validate,5056a73e8596db2e74b4aef40702ced49873f36185d761bc65c916609742a3c9,640,640,62298
archive/test/Road_Issues_Damaged_Sign/IMG_8102_jpg.rf.77c205c16264324eaa56d68003a7d6f2.jpg,DAMAGED_SIGN,test,damaged_sign-bbdb9e390f2b8fee,test,8705209dd38d8be244540e10c58597e8e072918e0cb963e4732f45906f9df88c,640,640,28016
archive/test/Road_Issues_Damaged_Sign/IMG_8220_jpg.rf.23d2622cdf635c16b0109d22dae3320f.jpg,DAMAGED_SIGN,test,damaged_sign-7b7c71cf1cfd7d5e,test,478a994ced94a76bde58656cb81434a3b603fd47cbbaf24cfbd64c8cd0c14e46,640,640,24991
archive/test/Road_Issues_Damaged_Sign/IMG_8231_jpg.rf.19c39458b254db85a334f5d56547664e.jpg,DAMAGED_SIGN,test,damaged_sign-606956a91a10a413,test,64fba152cf1a66311f01a825b4728a7f84ff88e7b39e7d3d7c619ef6df5f8493,640,640,35774
archive/test/Road_Issues_Damaged_Sign/IMG_8249_jpg.rf.91521ea0df1159a9e0ba2e1d5dac9cf0.jpg,DAMAGED_SIGN,test,damaged_sign-34f5e93bb31b0ec1,test,19b49c1f34343f3a3837cbbfd46bb0fbd509e57785ee4658b009b3b6d27ad2ae,640,640,28074
archive/test/Road_Issues_Damaged_Sign/IMG_8710_jpg.rf.eeac7d3b980eade940ecbb2305855212.jpg,DAMAGED_SIGN,test,damaged_sign-4d4c7ec5bb2f79df,test,ff572792a1772f3af50eb943935cbb39b7f7bf629216b09ed650f605594f45a0,640,640,31115
archive/test/Road_Issues_Damaged_Sign/IMG_8782_jpg.rf.db58e71ad3a5a63afcdd023fc9542050.jpg,DAMAGED_SIGN,test,damaged_sign-fbaede373dcc8be2,test,5b3d2863b0e723f775e7a658975b3475578ae1856b0be864910e97798127100c,640,640,63461
archive/test/Road_Issues_Damaged_Sign/IMG_8854_jpg.rf.90697e420338bd3043b6d1e23c99f63a.jpg,DAMAGED_SIGN,test,damaged_sign-73b450d8993b5e2a,test,4e728a2a43b26e47db80c1692fe6afcc2a3c6b43418df9292189a47f10a5b905,640,640,53861
archive/test/Road_Issues_Damaged_Sign/IMG_8909_jpg.rf.efe41fef2ab24d26cc9fe9c0e6a211f7.jpg,DAMAGED_SIGN,test,damaged_sign-8412262357d3c494,test,ee3b759c559a01661647bfab620a0ec6c848c8bcd6be1efa8dad3c1126c47e4a,640,640,39627
archive/test/Road_Issues_Damaged_Sign/IMG_8987_jpg.rf.ea8789fdbc7eebeedf13eb6c3582a4b3.jpg,DAMAGED_SIGN,test,damaged_sign-d28553549795b790,test,8afb30efedeeb5253eff40cb1b4f5bed80c18a33965aa89ff7407058d0e737ba,640,640,35154
archive/test/Road_Issues_Damaged_Sign/IMG_9078_jpg.rf.9f9461ffb7c81cd8b76eaf39d92e6241.jpg,DAMAGED_SIGN,test,damaged_sign-4ae720d3c16e89b5,test,067c9f0702483c77bc35b2570eeb38b87adc925397cbd065ff07f4d0e7b6acc5,640,640,38490
archive/test/Road_Issues_Damaged_Sign/IMG_9102_jpg.rf.8d19367fd2cd63a1908af55a8093ddc3.jpg,DAMAGED_SIGN,test,damaged_sign-4f412b6e593fd375,test,5630518eefdcff70823f313d1496efd424fae3bc727fd341caf5d50b7cf14090,640,640,35441
archive/train/Road_Issues_Damaged_Sign/IMG_8134_jpg.rf.c1a2210094b16261ff8471af1e3a08f3.jpg,DAMAGED_SIGN,test,damaged_sign-c90577fc93a25e62,train,f65f87f7af36e56aa0ecc94a81ef912a3075e13a3419c77a4421a44d4eeadf88,640,640,25660
archive/train/Road_Issues_Damaged_Sign/IMG_8141_jpg.rf.eb1e02a2a29ad2d2e341051b7c1d159c.jpg,DAMAGED_SIGN,test,damaged_sign-35ae5a6a446f96ce,train,d0676dfd64a1696149d7a88adc3397bfbc9e69200a990ca8971bcbe5042dada8,640,640,23892
archive/train/Road_Issues_Damaged_Sign/IMG_8163_jpg.rf.ac1894f038ce23a128278d6e7e931f9b.jpg,DAMAGED_SIGN,test,damaged_sign-add0f0888b08b551,train,2bd7399dd179c7ff87a0d4cb441d1c1a9cdbb6b36a164086468b16cce4774d5f,640,640,40424
archive/train/Road_Issues_Damaged_Sign/IMG_8195_jpg.rf.ceb525b57f92bc39851c51cd665642cc.jpg,DAMAGED_SIGN,test,damaged_sign-2b1b4ec3777605e7,train,87854a081685774f8c4aa5f6b9194d291cae74f27bacfcb6d8a4d6dba52db7f2,640,640,36576
archive/train/Road_Issues_Damaged_Sign/IMG_8208_jpg.rf.529d49e67167cbc025ae93a9cbde17fc.jpg,DAMAGED_SIGN,test,damaged_sign-32d80fb8e651a450,train,bb6463a4a35a83d53cd361b1d5e4871c896d9279b6f2cf1ed2a9f17228cbfa6f,640,640,25607
archive/train/Road_Issues_Damaged_Sign/IMG_8229_jpg.rf.035cdeff6f83de85b4a9da2126fde9d5.jpg,DAMAGED_SIGN,test,damaged_sign-a81a33f1bab352de,train,30fa3f8dffd7feda9386cf4a08c1774a33553d4b65a54a7a4ce06afbc588cdee,640,640,36122
archive/train/Road_Issues_Damaged_Sign/IMG_8245_jpg.rf.12f8e5c75f5b3a2bc2bdfe27dfb6ea87.jpg,DAMAGED_SIGN,test,damaged_sign-1143c115c0a34549,train,af40ab0d6099c4bfae5b10f948ac4a4991a23cc2d710dc2e8cc5a0706bca4a41,640,640,34645
archive/train/Road_Issues_Damaged_Sign/IMG_8251_jpg.rf.8de4c439b69840671bfd5a95bd4738a6.jpg,DAMAGED_SIGN,test,damaged_sign-0e2a0c78bf107eee,train,4c3a5aed8c2a47c7c62d9cce369023b1492e459d6ceb6cae800d003b7592c2c6,640,640,28825
archive/train/Road_Issues_Damaged_Sign/IMG_8259_jpg.rf.c3624fb069b36b0b3aff9f8d23dc1e2b.jpg,DAMAGED_SIGN,test,damaged_sign-e4372e3f20a9cbc5,train,3d4a20494fcf2f41e77f72d5c6c51899458bdfe9b92ff2ba453ed66b75d90c8f,640,640,29785
archive/train/Road_Issues_Damaged_Sign/IMG_8267_jpg.rf.7006ffbb101abd6a48f52530c39ab4c8.jpg,DAMAGED_SIGN,test,damaged_sign-7a4958a506b9d521,train,11bfadd632987b36d1052c1bcbcf13923499e4188ca2df3fab535181f7308112,640,640,31473
archive/train/Road_Issues_Damaged_Sign/IMG_8269_jpg.rf.25fdb490581617b429d908bb5a30ee33.jpg,DAMAGED_SIGN,test,damaged_sign-084c9a39197f1e8b,train,d567435ca1ddf3f79e954aae56a78975a6a51116800032d7b4af17480e93c14f,640,640,33378
archive/train/Road_Issues_Damaged_Sign/IMG_8290_jpg.rf.c5cc6c5058298658983e23113577fcc6.jpg,DAMAGED_SIGN,test,damaged_sign-625d7fd0fa15dc1c,train,23164e124c6f97c567c06b7fd13bf5ac60614d169c72d877e4d6e2957bfdfbfd,640,640,32079
archive/train/Road_Issues_Damaged_Sign/IMG_8335_jpg.rf.4ce7898f489863201ac7155f967e29eb.jpg,DAMAGED_SIGN,test,damaged_sign-387b6f46ea9e297b,train,73190a67d8530b7b6d917e7374f3ae8e9b680a8bf1ced3c824c6ca105dec2fb1,640,640,36650
archive/train/Road_Issues_Damaged_Sign/IMG_8355_jpg.rf.e629d8b77cd2a823c5e7db0d97880d48.jpg,DAMAGED_SIGN,test,damaged_sign-bc0aac210aa4fafc,train,38b39de1356a0a1d8224fbfddd0ca9499b7d9856125c4bbe985cd8ac49e08df6,640,640,30703
archive/train/Road_Issues_Damaged_Sign/IMG_8376_jpg.rf.db971cafa107c696f3218bad962ae171.jpg,DAMAGED_SIGN,test,damaged_sign-2353f02e4561d974,train,8358e534ed21fbaaa10a55332c7ea7dd2221dba7e959fe94688b54d28ef04cbe,640,640,31702
archive/train/Road_Issues_Damaged_Sign/IMG_8379_jpg.rf.c930b61e35b01f73d1b2c03d7e524c4d.jpg,DAMAGED_SIGN,test,damaged_sign-afa1cc15f312bc71,train,8c86c3949705d86bbd8eb10a1cb09b2b9b925fb5c3d5202d198f8d1190e81d1a,640,640,31540
archive/train/Road_Issues_Damaged_Sign/IMG_8385_jpg.rf.b51f09bcbbd60a05250192f5034d65bd.jpg,DAMAGED_SIGN,test,damaged_sign-d63796d4c220f45a,train,7c32871d6f7e60932f53fc9660f62fecf46d7acbe4a1611c0207dd45f40cee9a,640,640,50097
archive/train/Road_Issues_Damaged_Sign/IMG_8665_jpg.rf.065f154b842fb5b12b7c21fc2bb15846.jpg,DAMAGED_SIGN,test,damaged_sign-1717bf9f556c3df8,train,2af6270c4c1a9e153516386830c63ef110c40a05ce0a98630ffa9041091d0e95,640,640,31615
archive/train/Road_Issues_Damaged_Sign/IMG_8690_jpg.rf.986b3ab3292f1d8651a4402ca3aa2e97.jpg,DAMAGED_SIGN,test,damaged_sign-07487e589d44897d,train,e75f7de8350d5510df57a6957036cfb04619a1b90383f93c63e3ee8600956ace,640,640,41828
archive/train/Road_Issues_Damaged_Sign/IMG_8711_jpg.rf.aa1e204fa74a2c99d55ffe2c3b94204c.jpg,DAMAGED_SIGN,test,damaged_sign-187ba5cb9e38c3d4,train,02f529ee9d2d68c94ff049c82707ea1dae04559c6d901c201bef123429603d01,640,640,33696
archive/train/Road_Issues_Damaged_Sign/IMG_8723_jpg.rf.afd945cb394d15d78eaf3f5c6059d65f.jpg,DAMAGED_SIGN,test,damaged_sign-03525b26b90b7df7,train,3772990a8c0f7d516cd5747538a0206ad7310de1250aa7ad58205a7e004e22d7,640,640,20582
archive/train/Road_Issues_Damaged_Sign/IMG_8726_jpg.rf.0944b4fd7c065d78bb3f156908156235.jpg,DAMAGED_SIGN,test,damaged_sign-cc393ec8fe19eeb8,train,70c5d19fb3918dc3bf373ea9460169b7eec7e00c48e1d92157b74d5d7332d2fd,640,640,23535
archive/train/Road_Issues_Damaged_Sign/IMG_8730_jpg.rf.336864967be6482f7c99ce8e83729476.jpg,DAMAGED_SIGN,test,damaged_sign-3fa2e3494a9d9d84,train,6bb651db151d700c5603faf93aafae34033f0f698a4979099c1b57c48bfd2974,640,640,70496
archive/train/Road_Issues_Damaged_Sign/IMG_8759_jpg.rf.9a1747eb13147587f1e1c379cbee8ed1.jpg,DAMAGED_SIGN,test,damaged_sign-1e59fd965eba5033,train,3e564d807b4111fe918232287e9688022c76a38e583c2cc604d53fe43c149d1d,640,640,31374
archive/train/Road_Issues_Damaged_Sign/IMG_8761_jpg.rf.a1a729f6e8b5ee80ac72a7522660d84d.jpg,DAMAGED_SIGN,test,damaged_sign-2c3a4d1ac0cee44c,train,58ca5aaa38ab7b67a6b227ac2b1651824ecdae8404c19fae476c4c945869ea54,640,640,29593
archive/train/Road_Issues_Damaged_Sign/IMG_8776_jpg.rf.355e9629316294e4d538877a40a461a7.jpg,DAMAGED_SIGN,test,damaged_sign-825d388cbb7ac6ec,train,cf92e9e2e83a2197a13a8c2ba562e937c17be36dea4fd2697bc8fd68adfbef40,640,640,28290
archive/train/Road_Issues_Damaged_Sign/IMG_8791_jpg.rf.a7279824ff0f051bc3816c24c3ce9605.jpg,DAMAGED_SIGN,test,damaged_sign-b317e997ed6dc7fa,train,e005124261c678d8ddf5b3bb94801dd7ed895f99b547552161435dc9fab171c0,640,640,44824
archive/train/Road_Issues_Damaged_Sign/IMG_8800_jpg.rf.a20a664b77e009cd6dcfba96583e2e8b.jpg,DAMAGED_SIGN,test,damaged_sign-de5f85e1cbed2d9a,train,693cc22314765844ea08e929799cb58fe8158f7589772cac8328da0254aade6b,640,640,47764
archive/train/Road_Issues_Damaged_Sign/IMG_8806_jpg.rf.def91f86d9d3745961e0a6657c687e77.jpg,DAMAGED_SIGN,test,damaged_sign-1996f2f919722a6a,train,a74ba1587ba2987ffa4f7b7ee3e56182f81dde164b759087869883f741acc40b,640,640,30657
archive/train/Road_Issues_Damaged_Sign/IMG_8809_jpg.rf.782b1c437ad110f86a3452cb665c4ba6.jpg,DAMAGED_SIGN,test,damaged_sign-8eed489513013046,train,83467c156e728878de7e28b08d660ec30a750f0576970c40c7772d0d352815f4,640,640,46413
archive/train/Road_Issues_Damaged_Sign/IMG_8825_jpg.rf.6db884acbaac3d0c978a7d06768a152b.jpg,DAMAGED_SIGN,test,damaged_sign-a61c81ab8e5a37bb,train,4869727ee63411751cc4df1328642710e469129d1e320964863abfb2827429c6,640,640,35466
archive/train/Road_Issues_Damaged_Sign/IMG_8832_jpg.rf.0802880475a2cc1e0318d15e2a570a7c.jpg,DAMAGED_SIGN,test,damaged_sign-9ec961a9055e2bc2,train,e8763d4c7604c555e04d1e283f23ac3a89337bc10398e5a143be3c7a0cd2c9f4,640,640,50450
archive/train/Road_Issues_Damaged_Sign/IMG_8849_jpg.rf.25b66b28f901d85149d0bc78ec47a3ca.jpg,DAMAGED_SIGN,test,damaged_sign-c33b713fcea488be,train,582b4d767bdf88161d623a99719b62a452c004b2c7e302af76ccea047e27a2e0,640,640,26129
archive/train/Road_Issues_Damaged_Sign/IMG_8902_jpg.rf.257ff2316234787f01e214afbf6d62b3.jpg,DAMAGED_SIGN,test,damaged_sign-d4c4f2701f4e1f47,train,1fcbe041ab28d124e5422eafcd493efb9f0037b0d69b516d49f3ba17aa9b7c2d,640,640,39788
archive/train/Road_Issues_Damaged_Sign/IMG_8903_jpg.rf.82e502c33b2a2a4c40c5ba0d213fee31.jpg,DAMAGED_SIGN,test,damaged_sign-578a9e2c5ddfca37,train,8c5a07de0ec8c554379dbd29bcdf2604d42ec6de00e1aedff0fea7c436127800,640,640,33980
archive/train/Road_Issues_Damaged_Sign/IMG_8911_jpg.rf.96cb5729ef325ad4fc7e7879788c0f2e.jpg,DAMAGED_SIGN,test,damaged_sign-b7c4be26f89d3104,train,6d21c02076c8f60a84ec07d05543f50e78ca9408c4d24ca6b6fd97c785e38613,640,640,33428
archive/train/Road_Issues_Damaged_Sign/IMG_8931_jpg.rf.5e5ac70b5ea6ecdcff4ae5627e294acc.jpg,DAMAGED_SIGN,test,damaged_sign-c87cd367899220b8,train,5fdaaf79b06bf02f7d7fe8c648cd6e4c63a97fa487a43e7ceceeced4540b7bf4,640,640,27922
archive/train/Road_Issues_Damaged_Sign/IMG_8941_jpg.rf.024a64519e831d0a6005d5bc91c46892.jpg,DAMAGED_SIGN,test,damaged_sign-29a31bd490c5899a,train,11338edb0b4ca4e221d221d53dbe2a267db34872f88e8f7193ea3527fbaee8a8,640,640,32947
archive/train/Road_Issues_Damaged_Sign/IMG_8951_jpg.rf.534e1ea354813f1b2a100ecc69b3f222.jpg,DAMAGED_SIGN,test,damaged_sign-e78b8e47c5e2fbf4,train,1a75fb458437b5b030db53819f52cc10c55a7cbc2321ef07db1a19533600001b,640,640,35437
archive/train/Road_Issues_Damaged_Sign/IMG_8955_jpg.rf.5d0aca3c1b5bdc70fe9853c32ed81e2a.jpg,DAMAGED_SIGN,test,damaged_sign-9de259a197bf2304,train,d433f7698b56ce4df0bcb5b096fb4274601e8d0d26223faf2486753bcbc6acc0,640,640,60054
archive/train/Road_Issues_Damaged_Sign/IMG_8962_jpg.rf.b7046d473e51b35d9649cad5ccac978f.jpg,DAMAGED_SIGN,test,damaged_sign-1c894ba36066ca63,train,6bcbe29662a8a9a393d7596c4a952f147f235b620a1d9b69c76cfe75d9990736,640,640,41563
archive/train/Road_Issues_Damaged_Sign/IMG_8964_jpg.rf.aa760a1e45a4d9fd509a18c874bdb659.jpg,DAMAGED_SIGN,test,damaged_sign-f91a4bc1b4208550,train,5b00ee947ffc9eb48c42a38389ab60ba82db5150f1c60627f29e60bfbfd360d4,640,640,54506
archive/train/Road_Issues_Damaged_Sign/IMG_8971_jpg.rf.229508e4588601d4130014ffb40f7e26.jpg,DAMAGED_SIGN,test,damaged_sign-cf02585579a64959,train,3610d3fe8dbc9f3063c798f9275c49443e352e2141c4d2e379ca4e1b39dcf3d4,640,640,68177
archive/train/Road_Issues_Damaged_Sign/IMG_9027_jpg.rf.d05d5c0440415c81cf1eedb078c0e6cb.jpg,DAMAGED_SIGN,test,damaged_sign-2cbec1c4cb00bb59,train,f36651a8c7f56f31d28bc49099151064b5262d358187fb48d51cf1a15cc363a8,640,640,49252
archive/train/Road_Issues_Damaged_Sign/IMG_9065_jpg.rf.b8e3df0f3f58f6b895672f2096eb3d72.jpg,DAMAGED_SIGN,test,damaged_sign-d046abe825ab5da8,train,21bae8bb461fd4fb9105104c3e4cf4fb9867e923ba2216e98472d9b4e2cb6a34,640,640,32041
archive/train/Road_Issues_Damaged_Sign/IMG_9069_jpg.rf.1a2723db7f50e00bc9e789da892b0898.jpg,DAMAGED_SIGN,test,damaged_sign-905cd9073ac010e4,train,99c2f25eb9041b5ef25c37d5b67ff154749f68c5db76a05735336b2cbe16d4b1,640,640,34932
archive/train/Road_Issues_Damaged_Sign/IMG_9077_jpg.rf.ad22a7bfb85f22fea9fccacc3e705f07.jpg,DAMAGED_SIGN,test,damaged_sign-6228888ade6644b9,train,90b5da8777ad21ebff15eff7f20652bb6f4458d8241a1e296a51d0691175e961,640,640,73729
archive/train/Road_Issues_Damaged_Sign/IMG_9081_jpg.rf.afb72773aa31732a4f42b92f91cdef44.jpg,DAMAGED_SIGN,test,damaged_sign-7dad63bce7a6aa8f,train,cb9dc5ba02674b021bf7ab66fa598db796cb8ee4deaaf3aeea844e84417b50b4,640,640,30142
archive/train/Road_Issues_Damaged_Sign/IMG_9088_jpg.rf.aab1b9eac117a54abcc6c49d4d5612c8.jpg,DAMAGED_SIGN,test,damaged_sign-5f615490d1a63d6a,train,d94df35649089d76c0f4484b484221fc2bcd194e27917e1a5a333a4dee37de3a,640,640,34162
archive/train/Road_Issues_Damaged_Sign/IMG_9096_jpg.rf.0582ef4ee8940ed4290263107576f10f.jpg,DAMAGED_SIGN,test,damaged_sign-949745c78a03c133,train,f73719ec4c85d77ba6fe088101e1e6e7eb582c89afae02d0b473c34e5ce68ed1,640,640,35995
archive/train/Road_Issues_Damaged_Sign/IMG_9099_jpg.rf.7c5dc528a362510061b7ffa04135b62d.jpg,DAMAGED_SIGN,test,damaged_sign-775afb32d2406849,train,6a60adb81a6c224041d828e60728cd697d6772fb5ce5f67c874f6e2823407466,640,640,40990
archive/train/Road_Issues_Damaged_Sign/IMG_9110_jpg.rf.251eafa364ba02d5ea9624c78bb8976a.jpg,DAMAGED_SIGN,test,damaged_sign-f5d21950370f41be,train,ff99ff23174ac7b0a2286f21ccd296f1b180f06ba9b01f5a85d77adb43bc2e6c,640,640,42859
archive/train/Road_Issues_Damaged_Sign/IMG_9112_jpg.rf.343b849b849c109dac3938f71c18fa95.jpg,DAMAGED_SIGN,test,damaged_sign-a69d87a46e710cca,train,4b7946c42c096de14d50454886693af84ddd17c6443f1b177dec2354a0156cfe,640,640,33413
archive/train/Road_Issues_Damaged_Sign/IMG_9126_jpg.rf.e42ccd825519046a10a5fde7b82f7187.jpg,DAMAGED_SIGN,test,damaged_sign-8c12f9a3445d1a3a,train,701cf2d5f20475860738419582e3f3f0d3f3be9a084c92931e4708c2c9a43f3b,640,640,27654
archive/train/Road_Issues_Damaged_Sign/IMG_9132_jpg.rf.e995443fc81e563225a4760f549e06bb.jpg,DAMAGED_SIGN,test,damaged_sign-641a7f1d31efde10,train,2cb7a2b95286f5792c8bffa12432d2b70209e26d72291d2dbb31a99d83d74c62,640,640,26476
archive/train/Road_Issues_Damaged_Sign/image5-14-_jpeg_jpg.rf.4319a46907ecf810a2e004089992ccd7.jpg,DAMAGED_SIGN,test,damaged_sign-1b0bad2b6da3d7b2,train,9ebbcf525f0aa710eb6b55aa8e1299361dcf02f71324ea4faf45224c585765b8,640,640,37365
archive/validate/Road_Issues_Damaged_Sign/IMG_8139_jpg.rf.eb2ca425a2f56f53ee65176a28965d80.jpg,DAMAGED_SIGN,test,damaged_sign-59c2755889c76a18,validate,03f4ad759d0154f8b0b61a46d9de7d14f74cc9b50e91acc0ff5a98fbe8771e6c,640,640,34677
archive/validate/Road_Issues_Damaged_Sign/IMG_8166_jpg.rf.5881c1fc56dfe25081715f40c84646de.jpg,DAMAGED_SIGN,test,damaged_sign-f9a739979a7e6a6c,validate,f02fd3ed0bafcfaa75bd4144ee7595f9357d96e3f74e1c7295c38f9af0aaab54,640,640,40135
archive/validate/Road_Issues_Damaged_Sign/IMG_8275_jpg.rf.10cf9025f1f64b087d8e0fcca35b17ce.jpg,DAMAGED_SIGN,test,damaged_sign-d3c4755bb36d906e,validate,60b81b2b3e2db303b2245fb9f485dc012bcd03f634c0840d29a18d17ea247dea,640,640,33962
archive/test/Domestic_trash/Datacluster-Trash-112-_jpg.rf.2253db2f5fbbd5c43828937dfd5da6d1.jpg,DOMESTIC_TRASH,test,domestic_trash-481c5a586676edbd,test,93b1ca132dae558dbd6c23cfe28feb84f602c1519bbdfe755d7a8c624486f9c0,2448,3264,1825848
archive/test/Domestic_trash/Datacluster-Trash-143-_jpg.rf.2e169dfb509aeb77c0d96dd5c86ef2ce.jpg,DOMESTIC_TRASH,test,domestic_trash-3c7d92efd6c8fc95,test,b3fb1202423305f7f36b3a9b4625a2ff297eb7dcf0472c67b6162eeaa52d0d63,3000,4000,403817
archive/test/Domestic_trash/Datacluster-Trash-149-_jpg.rf.0c4f7d8e85f0fd36e20fd4b3f1587cd5.jpg,DOMESTIC_TRASH,test,domestic_trash-2572e74592b64e5b,test,fc2e4a8390900775c4a8438a75671a7ceb87590f473464faaefa18d37367c02f,3000,4000,391783
archive/test/Domestic_trash/Datacluster-Trash-178-_jpg.rf.064dfb7624167564a0774588dffb7606.jpg,DOMESTIC_TRASH,test,domestic_trash-5a46f448c002672e,test,c5582338bc1bc40d7b8a47b2a158bab0ff1e22bda578a8ef6bfa0b219d1f0b90,3120,4160,2677145
archive/test/Domestic_trash/Datacluster-Trash-193-_jpg.rf.a71d59c2ea4e6a8846443ebec87141c4.jpg,DOMESTIC_TRASH,test,domestic_trash-e5782591bc04ec42,test,f879e9d4a54771b9fe8adf220fbd2c907a438eb4037217bbbb7449b9352e2296,3120,4160,2603576
archive/test/Domestic_trash/Datacluster-Trash-21-_jpg.rf.94f20c84f1d6a86d0ba033feb595a9ea.jpg,DOMESTIC_TRASH,test,domestic_trash-bdc20acb7437e94e,test,c0177405f55306a2b229b4d8c3b4d043bb75647352ed60e8e859712b0be00e6c,3000,4000,846810
archive/test/Domestic_trash/Datacluster-Trash-225-_jpg.rf.1b2251a9ce51c2fef47319f50d2ccc85.jpg,DOMESTIC_TRASH,test,domestic_trash-89ea163ab1f32eac,test,d1ceb401fc73cbf7d621d6d07dfe43fbebeaacdc082efe1f6653785b0b60d94c,4160,3120,2708680
archive/test/Domestic_trash/Datacluster-Trash-41-_jpg.rf.0c41eff32309d368b31a8cb41578bb84.jpg,DOMESTIC_TRASH,test,domestic_trash-87229990b6b58130,test,fe434799052d0141694812efb8273215af536a8f6824fd5a38c2493d0068eca5,3096,4128,1811589
archive/test/Domestic_trash/Datacluster-Trash-42-_jpg.rf.72b20e5519549dce4d2c256cd8256b5e.jpg,DOMESTIC_TRASH,test,domestic_trash-34c5d03c04375254,test,49348c676e604d5d8c07679d81e9237e81a601649732c0a6634ec5735bde57f3,1800,4000,478933
archive/test/Domestic_trash/Datacluster-Trash-45-_jpg.rf.2e01b4d69a0035a88c6c15958119d4af.jpg,DOMESTIC_TRASH,test,domestic_trash-400e93593b2dbe59,test,ca313341f46ecc90a5142882785f7084f59766d1fb0ae72920a24ea386b712c5,3000,4000,1165081
archive/test/Domestic_trash/Datacluster-Trash-66-_jpg.rf.d00afd15e0272f8be4bc8a6f5749020c.jpg,DOMESTIC_TRASH,test,domestic_trash-59e53f5ea63308cf,test,bbfe4bdd2f64f82266509d6c6d04d0ada406963ceee6e41714ddee12ec4dcc16,3000,4000,993712
archive/test/Domestic_trash/Datacluster-Trash-77-_jpg.rf.ca4384d8634e034bd64360b318e8c40f.jpg,DOMESTIC_TRASH,test,domestic_trash-129211c2b1cb6871,test,a118fc227a8d4c5a34a9bc80c5e9f614bd11b6bd420d54cb9f6a5812ac913309,3000,4000,3208439
archive/test/Domestic_trash/Datacluster-Trash-78-_jpg.rf.f6aae825c311ec8575cc9de38684de94.jpg,DOMESTIC_TRASH,test,domestic_trash-fcd6d142310e2ace,test,1884c6bd790fd3c2bc13824ecafbc52bec94876f84aa98ecb227375f809a5794,3000,4000,2267459
archive/test/Domestic_trash/Datacluster-Trash-80-_jpg.rf.9f469db9bdb407d90adb6662c4a01d50.jpg,DOMESTIC_TRASH,test,domestic_trash-a128ae20ad71db97,test,41ee9ae9300fe2a29438bd965e22263b312bfeb4b0213ce77ccdf081c12e85d0,3000,4000,2387655
archive/test/Domestic_trash/Datacluster-Trash-89-_jpg.rf.ba80343bea1a2edb4289d864b4c875c9.jpg,DOMESTIC_TRASH,test,domestic_trash-9b628f8b5de7cf41,test,b4bd57ad11b330dbd11d924e6d869eb67aae6402c81f76ad349ef3dc91f2e001,4000,3000,921907
archive/train/Domestic_trash/Datacluster-Trash-1-_jpg.rf.4ac04ae96a74b55d98db8016022aa09a.jpg,DOMESTIC_TRASH,test,domestic_trash-383ce3b12d1c1577,train,43d2533daf8b3a4f9d0a2fd5a6938ed269c433f6e1d4a48fc6239f0c355cb063,3000,4000,2130272
archive/train/Domestic_trash/Datacluster-Trash-105-_jpg.rf.6c07f6dbc5dcdd8f498754219af3ea8c.jpg,DOMESTIC_TRASH,test,domestic_trash-79624383a2c77829,train,990f799f9c32e6196aa12af1a33e4bbc3012962a42fc0d4337e65ea8947a96c9,3000,4000,1453525
archive/train/Domestic_trash/Datacluster-Trash-128-_jpg.rf.a02a52fd8c25e7123a96f501f7b666bd.jpg,DOMESTIC_TRASH,test,domestic_trash-49eb691b6cda638f,train,a1c13cde4ccb8e9cc3c2936d8087064c94d1e3f0ae4fc5c2027fbd84685c4ac4,3000,4000,458132
archive/train/Domestic_trash/Datacluster-Trash-130-_jpg.rf.ed1b3d8317bdc36a9ff69e7c10147cb7.jpg,DOMESTIC_TRASH,test,domestic_trash-f678094d97fa5b9c,train,36b1bb303356226d9497ce200e37d038ee4cb67d3e786b47402d33f85f1189e1,3000,4000,1732149
archive/train/Domestic_trash/Datacluster-Trash-140-_jpg.rf.b5bfffb3459cdde1c20b4c427e6201e5.jpg,DOMESTIC_TRASH,test,domestic_trash-dfb87f1aeb6b4672,train,47da13005b7e020ddf60035c451426e03f4fac5b0370f7f242365894b7348a79,3000,4000,2466561
archive/train/Domestic_trash/Datacluster-Trash-151-_jpg.rf.78187a147a9ba746b33cb96da027338a.jpg,DOMESTIC_TRASH,test,domestic_trash-fe0dd6074b96cfdc,train,b3b72c4f052d974f6e1571c28ff9aef9a65fb6dcaad14f6a0d2d6bcf86591414,2448,3264,1292003
archive/train/Domestic_trash/Datacluster-Trash-157-_jpg.rf.92435819e339e66c5b8f6bdd347b904e.jpg,DOMESTIC_TRASH,test,domestic_trash-af4657a79fb38547,train,46b3fbec501f8b557b48c1a15e85dfb134256d3bb90ead3cf9a94100526b0007,3120,4160,2470118
archive/train/Domestic_trash/Datacluster-Trash-161-_jpg.rf.a1697ae797da5570f349188edf19a5c4.jpg,DOMESTIC_TRASH,test,domestic_trash-4d63ba967bee9347,train,5d24f766df3186284bf1f78560ac949025474a8eced2953e1ee79d679a7245a2,3120,4160,2292803
archive/train/Domestic_trash/Datacluster-Trash-17-_jpg.rf.bfad08f0dc2663ec23433e9b43320aed.jpg,DOMESTIC_TRASH,test,domestic_trash-cd80b29c6888bced,train,8a33a87a1724d4517fa49b117c6ea2d385ebfcebb63a23eab0f4047f011a3f69,3000,4000,805045
archive/train/Domestic_trash/Datacluster-Trash-189-_jpg.rf.268a89b5e26fcc358cb3d3dd4c442594.jpg,DOMESTIC_TRASH,test,domestic_trash-ec04ebd1803bcbf5,train,eccba59e1a14926e014806485efd104ffbbf331aab744e357d3c999e129e2927,2448,3264,1375765
archive/train/Domestic_trash/Datacluster-Trash-202-_jpg.rf.95b73bf3046019a43637cfeb27c2606a.jpg,DOMESTIC_TRASH,test,domestic_trash-defef38c98e29904,train,c888eeaed9324d6b2878128359cd66299d4e1b2edcfd6e2a548310b08646773c,3120,4160,3257703
archive/train/Domestic_trash/Datacluster-Trash-205-_jpg.rf.48c71c63c24478a7e4b312d72f15323a.jpg,DOMESTIC_TRASH,test,domestic_trash-ac296835e71a43c5,train,53453c58f746e423dd33ad5c1760fac6d6aa1728207dafd34ae3cc51a2ccd51b,3120,4160,2318375
archive/train/Domestic_trash/Datacluster-Trash-23-_jpg.rf.891dabb965b0bf5b7e313613d4683567.jpg,DOMESTIC_TRASH,test,domestic_trash-e07f5db2be1dd305,train,ebe5a6d08f983eb47a1f361c8dccde8e3d37689179f87596904451e64b862372,3000,4000,747418
archive/train/Domestic_trash/Datacluster-Trash-24-_jpg.rf.65d00c7a57efba243aefed9a8ace8e55.jpg,DOMESTIC_TRASH,test,domestic_trash-ba0b04f0b587f200,train,aa6c1805486486b3a6598dc211f0cb87cf03ed62ea43f3a00844d1f141d175e2,3000,4000,1182447
archive/train/Domestic_trash/Datacluster-Trash-30-_jpg.rf.e822fefed1b7eef3f94ec9705d2def76.jpg,DOMESTIC_TRASH,test,domestic_trash-08c75b709b3a7a15,train,7d960e27647572d9a15cc032bfc1d40b686f4d9e7eaf5ca58b914ca131ce2b8f,3000,4000,800485
archive/train/Domestic_trash/Datacluster-Trash-32-_jpg.rf.966a6905f89f0cf4bcccb3d8aa68b9c6.jpg,DOMESTIC_TRASH,test,domestic_trash-6d29333d8e436f01,train,d03d25e885f520c3de46dd9a862b7469c1664df29fbf130092ce14991b404659,3000,4000,1474359
archive/train/Domestic_trash/Datacluster-Trash-36-_jpg.rf.b286b7d82431b896c962af5a25730304.jpg,DOMESTIC_TRASH,test,domestic_trash-6c673b6b4f989afd,train,85da45acab49c873a33199d93f183db50c5816628b1402e5277a5941f6522bdc,3000,4000,718312
archive/train/Domestic_trash/Datacluster-Trash-50-_jpg.rf.a3a21aa061e1841dffdb130fcac93ad7.jpg,DOMESTIC_TRASH,test,domestic_trash-433db6f7326c81c0,train,f09a7c2ca7553a60c5fd08be6d2c41bab96ee9cce037868af85050236cca9433,3000,4000,817805
archive/train/Domestic_trash/Datacluster-Trash-76-_jpg.rf.c2a992e4b1d2bf6c41a10aae210fa6a6.jpg,DOMESTIC_TRASH,test,domestic_trash-def77042d3862d2c,train,fddc514a6f7e09293c65b89e51363e3b7e5b5f28ed3d71e51db3550b9d76bd06,3000,4000,2011313
archive/train/Domestic_trash/Datacluster-Trash-88-_jpg.rf.147ad39725992c51eef99ba893c54321.jpg,DOMESTIC_TRASH,test,domestic_trash-cb33716d83949582,train,a1606c8a79fff4b210b8ef81fb2e98968a7d41ddb118dc003a74e4e5a4ee6642,3000,4000,1121524
archive/train/Domestic_trash/Datacluster-Trash-9-_jpg.rf.492b72a1282c27d2bdb6f1a7fb1110b6.jpg,DOMESTIC_TRASH,test,domestic_trash-b7a55eb5ed2b29e3,train,05a64cd0106d41bbff42868bde6785eef542fc3688e6f2dbbc6bebca1698b23e,3000,4000,943896
archive/train/Domestic_trash/Datacluster-Trash-97-_jpg.rf.fd522ce1dc1ab6eb70d004a0fa232f17.jpg,DOMESTIC_TRASH,test,domestic_trash-0c35ca05fd0925b1,train,bbfe9a154318af7d6005082dbf7b9fbf63bc28cb80e151b1b015d5807aeea34d,3096,4128,2500956
archive/test/Parking_Issues_Illegal_Parking/2012-12-11_18_56_11_jpg.rf.d41d99153e4d00b82116dbb1df43fc09.jpg,ILLEGAL_PARKING,test,illegal_parking-15db60ce0d72e1be,test,ffd1aa6b74d91f2d40d5b2ee9f2777e4ed340cbf5d1442ac9703c987acac7713,640,640,63718
archive/test/Parking_Issues_Illegal_Parking/illegal-parking-107-_png.rf.fdff5781bf2cc9a4c2f1af3857a914c6.jpg,ILLEGAL_PARKING,test,illegal_parking-bb51badbbecfaab4,test,d69163aa9b03be9a177e56c8c994baccf02ad04cd6d2ac8c2b028912b93289ec,640,640,40285
archive/test/Parking_Issues_Illegal_Parking/illegal-parking-124-_png.rf.cfaf80c50a6f48cc9f4055b866eb87a0.jpg,ILLEGAL_PARKING,test,illegal_parking-e4f4bcce61cb81ab,test,6d07964f42d7f5940a7133a799bbdbe431cdae3856dd51b240f93e636db0d6ac,640,640,43079
archive/test/Parking_Issues_Illegal_Parking/illegal-parking-220-_png.rf.7a503a39a2404c98fd5fc3e94c919aae.jpg,ILLEGAL_PARKING,test,illegal_parking-af6b05e3635227f1,test,aff8df27e751fe0f5e88907a53232f149d894bbdff27a718109c342751c1a31b,640,640,36725
archive/test/Parking_Issues_Illegal_Parking/illegal-parking-223-_png.rf.aa95cd5a58043ce825b48fe63c6a025f.jpg,ILLEGAL_PARKING,test,illegal_parking-3539e8d5f5e8c001,test,2340fa067444b9c5662e504073e549fdc5263132117e4d8c4fc056b8891cfaed,640,640,30174
archive/test/Parking_Issues_Illegal_Parking/illegal-parking-234-_png.rf.5ab04f7bd86d0e5c1c924ba2588cfd76.jpg,ILLEGAL_PARKING,test,illegal_parking-6c8d26177fd039f1,test,004fa39f2a39ef07169f2a9d8ebcc39d27ab32e6643d1e5e6699266699d45db8,640,640,30909
archive/test/Parking_Issues_Illegal_Parking/illegal-parking-27-_png.rf.89e8539bd4b9a0f2557814665eff90ff.jpg,ILLEGAL_PARKING,test,illegal_parking-6ddffdf01f4bc1af,test,6db664c8138e8ba9ec73e8411f3266ab9b7cc144a3b3d29c51b52e1c22490c54,640,640,36772
archive/test/Parking_Issues_Illegal_Parking/illegal-parking-307-_png.rf.c7f33a2c79dc47ab134a29005b348383.jpg,ILLEGAL_PARKING,test,illegal_parking-a1133f669a5ec6ea,test,5f63209d89fdd5e8ce0c5ea6f5045dd91440b83ee145248c002e4cb467aea3cc,640,640,39513
archive/test/Parking_Issues_Illegal_Parking/illegal-parking-33-_png.rf.3d404043d691ff15f0a6c91c81589aeb.jpg,ILLEGAL_PARKING,test,illegal_parking-3b4fa02e6b4bd04c,test,8fde6f1e7b8d7f43a8d3b64c5af2847cbe8f8d4772ca7fef2cd7ab81386dd7f2,640,640,38058
archive/test/Parking_Issues_Illegal_Parking/illegal-parking-336-_png.rf.e7ebeceac61cbdc2cab7d57a5221554b.jpg,ILLEGAL_PARKING,test,illegal_parking-ab231948789a4fed,test,56e02b05756186e02035b03763cdeb4a038322df47fa9adc0ca6fdd2465bf3f9,640,640,38206
archive/test/Parking_Issues_Illegal_Parking/illegal-parking-352-_png.rf.00cf3f846e9aecbdd0265ca99f098525.jpg,ILLEGAL_PARKING,test,illegal_parking-4d4c54a600b9bcc9,test,21d78ac807ce11cea24fecb1a6c06820dcbeb414ff96e9038b9e19c8b4133de2,640,640,40572
archive/test/Parking_Issues_Illegal_Parking/illegal-parking-376-_png.rf.649dc9a3611021409dbd5c9c79eb2430.jpg,ILLEGAL_PARKING,test,illegal_parking-9351e0b2beb5172d,test,c9e95883349889df991ce20fadf8606dbd00c826f140b70ae8f31204e032a3a8,640,640,33464
archive/test/Parking_Issues_Illegal_Parking/illegal-parking-48-_png.rf.b0f49840245d5d435e173991ada7e919.jpg,ILLEGAL_PARKING,test,illegal_parking-3808cd27d8e596f6,test,3ea083b07cfca683ba5be37b089c260307c3882a66a39093e99b0801f897aa0c,640,640,49586
archive/test/Parking_Issues_Illegal_Parking/illegal-parking-53-_png.rf.1d03a234a6ec43cb96a65c3fedd79b3f.jpg,ILLEGAL_PARKING,test,illegal_parking-fdc5b5976a36e56d,test,a2340a53313f30018f615f0045f43aabe9ac9f0e75bce802aef6fbd5208d4705,640,640,36324
archive/test/Parking_Issues_Illegal_Parking/illegal-parking-539-_png.rf.e8ede995fffa81fdf58330fdca49a896.jpg,ILLEGAL_PARKING,test,illegal_parking-34df1a091a7fa5e5,test,d4e57ae730f5e5f0b2b4cb86ed9fcf09e5ba981ac882076a11c91f29d63087ad,640,640,47756
archive/test/Parking_Issues_Illegal_Parking/illegal-parking-73-_png.rf.4ccc716f73443ea79a9b39e3d80cdfde.jpg,ILLEGAL_PARKING,test,illegal_parking-5d2a769fd35d1f81,test,021497da4b4cefc0354a45a3fd09b9f3b004e2fbf92185a8b56453813e30b24d,640,640,27787
archive/test/Parking_Issues_Illegal_Parking/illegal-parking-762-_png.rf.c6de5ffec466e428cec1c51ba83d6d80.jpg,ILLEGAL_PARKING,test,illegal_parking-773266659521855b,test,c91563e25f10f05350569f4faf5c11e1fa7ba2bf25fcd642f1beb13ad0bd90b3,640,640,34129
archive/test/Parking_Issues_Illegal_Parking/illegal-parking-788-_png.rf.38b95b28e55625f9fb7c14436c244799.jpg,ILLEGAL_PARKING,test,illegal_parking-bb4c9c4434b38869,test,6aa5063075020b86c95eb661ddc4345f420aa13b6026cfd28c2c948b5b7eb836,640,640,42793
archive/train/Parking_Issues_Illegal_Parking/1-vstiX3OBkyhtYtlJkgA2_g_jpeg.rf.afa47d431f04159c32521b3787523594.jpg,ILLEGAL_PARKING,test,illegal_parking-b373f66de83267d8,train,a22fe52ae0543a6f97b8470a4c94e02f8415bf8f6fe74502d4503806b009f9a8,640,640,47908
archive/train/Parking_Issues_Illegal_Parking/2012-09-12_06_36_36_jpg.rf.55e6011483b3fe359220b5e162a5e282.jpg,ILLEGAL_PARKING,test,illegal_parking-c07eca0324f3f557,train,5598df064d4f0ff977c86a2a20c402647d8a91e9cf39d11853e1aaf535b64ac3,640,640,48747
archive/train/Parking_Issues_Illegal_Parking/2012-12-08_15_15_11_jpg.rf.b55be9ac643f9f98c86ed7c7a7ac67f0.jpg,ILLEGAL_PARKING,test,illegal_parking-605f7dde7ac3c7dd,train,84fdb0524dedf4b0cf4db52decc99543434aea024fe2cddb81b90abd10c54a55,640,640,66053
archive/train/Parking_Issues_Illegal_Parking/2013-02-22_13_10_07_jpg.rf.02d69781637fee0311ece4b4a2d737f9.jpg,ILLEGAL_PARKING,test,illegal_parking-e4743669200089a6,train,44a3ba72f8ec869675549d355906c16d0d0849514a042341af07d3097adc057d,640,640,71733
archive/train/Parking_Issues_Illegal_Parking/illegal-parking-1-_png.rf.bac2ef5f6a617968c23fb4813e2a003e.jpg,ILLEGAL_PARKING,test,illegal_parking-db8f779a94be7e43,train,d5aef769b825039bcda261e44f9f5e04e123ca8b8d9e9d4e0bd970ab01787b87,640,640,89467
archive/train/Parking_Issues_Illegal_Parking/illegal-parking-10-_png.rf.eb05589b2750d007919cdbfb97e2df95.jpg,ILLEGAL_PARKING,test,illegal_parking-750a3eeb2aeada8b,train,e23f5d4d9f3a82847d0ab6fd6eca645d93f0cee2a1e5a1d909e168f7f5af7ddb,640,640,45179
archive/train/Parking_Issues_Illegal_Parking/illegal-parking-104-_png.rf.0a4e10a64e1f9ac1442f4b8de029667b.jpg,ILLEGAL_PARKING,test,illegal_parking-60ee194672849781,train,736411fbe93e70b7f8e32464fc5291a14a8944e42b335af1dec874267f8cda63,640,640,41263
archive/train/Parking_Issues_Illegal_Parking/illegal-parking-112-_png.rf.26167b4e8dd175faf08d97bfacfe0adb.jpg,ILLEGAL_PARKING,test,illegal_parking-c28d646b31873b46,train,6fdcb4af7f14afe6399578c25253d3240f3fb8ca15ae03844fdd7d5be1839a95,640,640,41084
archive/train/Parking_Issues_Illegal_Parking/illegal-parking-125-_png.rf.d7653bcbb99b237642355de1e99e19db.jpg,ILLEGAL_PARKING,test,illegal_parking-d40407c1d0665010,train,964983f5c40c908df9cb20ddebb7dd2dbdcf6834030e8862a4e7f547e9342d88,640,640,34220
archive/train/Parking_Issues_Illegal_Parking/illegal-parking-126-_png.rf.7916771cd3c2bbde5c236dc67cdb69b3.jpg,ILLEGAL_PARKING,test,illegal_parking-6a08ee2b700b6973,train,13c5dbf4e30d6ee1e1e1ff3ea71a0cb6143db169e026aa688c58bc52e02eadd1,640,640,33234
archive/train/Parking_Issues_Illegal_Parking/illegal-parking-127-_png.rf.b7d665347a48004a3ffa0d82e38c9fca.jpg,ILLEGAL_PARKING,test,illegal_parking-ee4d1936f11a4658,train,0c0c2556fea1adbe13e9eb2a005bd15e9d4885b4cd97330831165e4604307e11,640,640,36167
archive/train/Parking_Issues_Illegal_Parking/illegal-parking-14-_png.rf.61b6a4220f382f0cc5f672e802ed31e4.jpg,ILLEGAL_PARKING,test,illegal_parking-a3154f9bbfea13fa,train,a762c626d742993eb59d72357e55c3e3ad1121541be4f5141892c1de358d6fca,640,640,42925
archive/train/Parking_Issues_Illegal_Parking/illegal-parking-152-_png.rf.8a05ab0738fe73b64634f940ef966b8d.jpg,ILLEGAL_PARKING,test,illegal_parking-91d674f3988e6f18,train,5b53ced9e86648d42121a2b09793fa6af815bd11207b6bf3906930d1808c7fe5,640,640,57355
archive/train/Parking_Issues_Illegal_Parking/illegal-parking-164-_png.rf.e9d763b5747f868050fc38fda7ccc574.jpg,ILLEGAL_PARKING,test,illegal_parking-3b74925d1cbab771,train,31ca5aae13a5adbcdf4ce96207ec5ac23bcd28b4c5aa7a24084f3b8220c393cd,640,640,33599
archive/train/Parking_Issues_Illegal_Parking/illegal-parking-174-_png.rf.181f412db41570a4f982b8bf614f57ca.jpg,ILLEGAL_PARKING,test,illegal_parking-a77c6ddde6be49a5,train,cbb311b1118235c4d539e1e039fb59feed140105c85ca1f00326f51a2e60c8b0,640,640,29133
archive/train/Parking_Issues_Illegal_Parking/illegal-parking-181-_png.rf.7f11145dc1b9d192b6575df2a9a9b6cf.jpg,ILLEGAL_PARKING,test,illegal_parking-4be11faede174007,train,18ee46cdf13ca19775b162ec5dc978b01529a533ac9eadc28d00e1d05a62e9c3,640,640,34762
archive/train/Parking_Issues_Illegal_Parking/illegal-parking-200-_png.rf.b41a86f0ed4b5be6c2345cc18bab4a98.jpg,ILLEGAL_PARKING,test,illegal_parking-78ab30656390afd0,train,5a665a52f70ef1bce8aa08758f5111344810ac81793c69ca4ae3c826bca8b5ec,640,640,33491
archive/train/Parking_Issues_Illegal_Parking/illegal-parking-217-_png.rf.600c8057bd8c0361229b64d5f0a0f151.jpg,ILLEGAL_PARKING,test,illegal_parking-c47adcb2abccbe47,train,aaede6cbffe4349c15f0668e97e53fdd76fe22c4b4c82d23b4ce6055545205f6,640,640,33588
archive/train/Parking_Issues_Illegal_Parking/illegal-parking-218-_png.rf.6708f1080da46378ac75b2862ede686c.jpg,ILLEGAL_PARKING,test,illegal_parking-3a736c3437523d12,train,8d348baa59f54a1bf84f7f83548ec53fd259fffb2cb2efac5b01928b416b97e8,640,640,35868
archive/train/Parking_Issues_Illegal_Parking/illegal-parking-230-_png.rf.e0c60fdee651b08e0c01e86c0f76821e.jpg,ILLEGAL_PARKING,test,illegal_parking-64cd0f92531c599a,train,f1cdca80c0f7d40d0560f2cd35d1498482f7c6214ba3bd5fcf2b073929b33887,640,640,27774
archive/train/Parking_Issues_Illegal_Parking/illegal-parking-240-_png.rf.ddc79857804986895bf2b9887129dd67.jpg,ILLEGAL_PARKING,test,illegal_parking-e9f38ceed1e7a2d5,train,565dbac3be3db87dc4d38ba9d7c67b8947af2a4611321e00fc175f9a2f128cfe,640,640,42126
archive/train/Parking_Issues_Illegal_Parking/illegal-parking-250-_png.rf.a0b3b9a31dc0c6ab0fa744e71676a3e2.jpg,ILLEGAL_PARKING,test,illegal_parking-9618301b510efe4b,train,c83fbaed05cf80362ca674ba52b97fb7f3041a0457599ecfeeea787f687300c0,640,640,46512
archive/train/Parking_Issues_Illegal_Parking/illegal-parking-256-_png.rf.a6ba757ebeb8238b51142d9d2e496330.jpg,ILLEGAL_PARKING,test,illegal_parking-64ff1c0af7bcdc0c,train,bb1f7500e183ffc45c0940fb1271a32eece63bc25514927dccfc5a2dc3fed0aa,640,640,32023
archive/train/Parking_Issues_Illegal_Parking/illegal-parking-257-_png.rf.dea12b0b0c001eb63ddcf61e43f7691f.jpg,ILLEGAL_PARKING,test,illegal_parking-c589455bf5054c89,train,94fa72c37578bc400553f6a06e1a626463480c3a82daf9c7ab73edefdf483816,640,640,36678
archive/train/Parking_Issues_Illegal_Parking/illegal-parking-269-_png.rf.92baadbd02c56f2672124e192d1591f8.jpg,ILLEGAL_PARKING,test,illegal_parking-4496753f18139be4,train,55762c4e47ebc02e41506945e78a0fedb0499b48a9066391b3df8ad1b8c0acbf,640,640,47623
archive/train/Parking_Issues_Illegal_Parking/illegal-parking-278-_png.rf.1a9fa2d9fdfbd7f367a71bed4d777828.jpg,ILLEGAL_PARKING,test,illegal_parking-c97f41764959d105,train,9dea4eb4bf83236b4697da6767aabb2525fc973c605ba06573160c9a6db99aba,640,640,20103
archive/train/Parking_Issues_Illegal_Parking/illegal-parking-284-_png.rf.7e6c4d556d6c4130c45b60f71fd485a9.jpg,ILLEGAL_PARKING,test,illegal_parking-7bd2c38d0261101a,train,2749209e19103251607589daf75f9f44e405e263b00391ceef68173aba88b997,640,640,39252
archive/train/Parking_Issues_Illegal_Parking/illegal-parking-291-_png.rf.b4eb719e065867fc3782507c23c003f4.jpg,ILLEGAL_PARKING,test,illegal_parking-120d01b8bef79a0b,train,46e1ed50ea2317563198fb65e004c37c99b5a608483dbe65bfa36695f7ea13a0,640,640,34377
archive/train/Parking_Issues_Illegal_Parking/illegal-parking-327-_png.rf.37f192b054f65f8bb43990b771fd6e88.jpg,ILLEGAL_PARKING,test,illegal_parking-f7c8bc2eed693bfd,train,7dbee5d4c66e596d4c0d01239a069e3a64fd7555b9f31479035d2a5e0ccf3366,640,640,37439
archive/train/Parking_Issues_Illegal_Parking/illegal-parking-37-_png.rf.ac7537248a2f3ca1ccc448c4a9bb7f3d.jpg,ILLEGAL_PARKING,test,illegal_parking-95e07f1f27d94945,train,cb0f7ddeb3fb43c677d3eb8ee6394ecba3f89bc443b1d3d6b1f0347a25425da9,640,640,51586
archive/train/Parking_Issues_Illegal_Parking/illegal-parking-372-_png.rf.e35d0a3f1bd79ca651589585fe0ce387.jpg,ILLEGAL_PARKING,test,illegal_parking-60076016d6fed5f6,train,0225d5661fff4d0cda9835adb461d52d5fc4e83a4959ad3740bc1c4a1cca58cb,640,640,32225
archive/train/Parking_Issues_Illegal_Parking/illegal-parking-375-_png.rf.b095c1d4a032a24d3e1e5899146d0aa7.jpg,ILLEGAL_PARKING,test,illegal_parking-0ccb81d60eb53ec6,train,afef71c2a2ad08338c4292c8d6eeec2fdf64f2ea548123abc9d4537537acb61f,640,640,34193
archive/train/Parking_Issues_Illegal_Parking/illegal-parking-394-_png.rf.011f834140c04a0bcbc828e1d541f93d.jpg,ILLEGAL_PARKING,test,illegal_parking-c763358cb428470a,train,cc5719c62019c5e7f939df3d79b790a91aa98b92e79edba2359fbfcf76eaa77e,640,640,45100
archive/train/Parking_Issues_Illegal_Parking/illegal-parking-397-_png.rf.584080cd7704e280ed96e96c9dd05fe7.jpg,ILLEGAL_PARKING,test,illegal_parking-49a5ceaccd300a00,train,1afa2aed4fc2463e01965ca004cb679b2ce344a36411417245e916dc16842277,640,640,57991
archive/train/Parking_Issues_Illegal_Parking/illegal-parking-401-_png.rf.3b5d15c3f25008af22ad0de43189ced1.jpg,ILLEGAL_PARKING,test,illegal_parking-e445b7e253f53fc4,train,f17e8ee03a7c020037705f78648a58a1c1645355aa863463f08a69e1a58be018,640,640,53868
archive/train/Parking_Issues_Illegal_Parking/illegal-parking-425-_png.rf.23c65b0df76f2e6a690cf2f1b7230858.jpg,ILLEGAL_PARKING,test,illegal_parking-1904e26e5e0fe546,train,f7fa6acedaaaed753f3fbbd2324be2733fa159cb97ae81f2b5769ba13fc6fdc2,640,640,31603
archive/train/Parking_Issues_Illegal_Parking/illegal-parking-430-_png.rf.13323ce1b7aa28e8b708969f003fa4e8.jpg,ILLEGAL_PARKING,test,illegal_parking-487a04d769509a44,train,205d264ef169ad4855aa44766d8e0ef6f6edd7aafc6f12b7be15ff759576c0df,640,640,33912
archive/train/Parking_Issues_Illegal_Parking/illegal-parking-442-_png.rf.2e8448265aaf5e5d3b0feda1cd01df9d.jpg,ILLEGAL_PARKING,test,illegal_parking-d7bc545e257fb513,train,bdf2f1bc6226b485b7009c413b0a41bb63eab886f5ffc279042d0c83ca78bdf0,640,640,29773
archive/train/Parking_Issues_Illegal_Parking/illegal-parking-446-_png.rf.ccd29d3d0b9716c6b40053c3b099fa2e.jpg,ILLEGAL_PARKING,test,illegal_parking-b5335ed31b0d86ef,train,c01ba0afd0e44fb8f6969dd266e46dd15767ab8175f29a5c9cdf331af4829682,640,640,31183
archive/train/Parking_Issues_Illegal_Parking/illegal-parking-448-_png.rf.d6d2dff884f4772d66622274a6a075a5.jpg,ILLEGAL_PARKING,test,illegal_parking-bc3aefcacaa4f1bf,train,2d7d8591843129338d0e77130653ddb18d62a652521c53a47fd6e261adcb06c1,640,640,32904
archive/train/Parking_Issues_Illegal_Parking/illegal-parking-449-_png.rf.e4aa4f66deea0436d205eb4fea802ed3.jpg,ILLEGAL_PARKING,test,illegal_parking-16b2278d829b42e8,train,ac027893e01a9bcad3ec214f57cad60fba7e547b2f337c4ac1040802aa052a9b,640,640,39736
archive/train/Parking_Issues_Illegal_Parking/illegal-parking-457-_png.rf.e88ff9fb49a8c4f9b0a3431fd3693669.jpg,ILLEGAL_PARKING,test,illegal_parking-b9741cfe18b118f3,train,080fb0070bfa81a0eb22a9a92a48ee32848b55b6d74287ba02c1eb3edf8b20c0,640,640,44004
archive/train/Parking_Issues_Illegal_Parking/illegal-parking-458-_png.rf.79e980de6e98e217f412cee5f07c0909.jpg,ILLEGAL_PARKING,test,illegal_parking-4a09446321781494,train,83adc5f3d554cf5b672c1e82c9d262d57ef704c3e055ae3ae5f4f877bce131d1,640,640,42346
archive/train/Parking_Issues_Illegal_Parking/illegal-parking-46-_png.rf.486309c1fd64d2c230650e2424d90872.jpg,ILLEGAL_PARKING,test,illegal_parking-815f7f17da53d8da,train,5781556093a79ca533405e8bbb2a4fa2d533cf8c1b7302badabd2d6369c17319,640,640,48245
archive/train/Parking_Issues_Illegal_Parking/illegal-parking-469-_png.rf.a2f96c20eb257e481ac97bd34273a922.jpg,ILLEGAL_PARKING,test,illegal_parking-4946727fc22a5ded,train,b265bf4c3203a526b2f4158f9b43fa4b521db986dffb95fde40eceafc80e6760,640,640,37984
archive/train/Parking_Issues_Illegal_Parking/illegal-parking-470-_png.rf.6245f805247e40120df74b13531a16cd.jpg,ILLEGAL_PARKING,test,illegal_parking-21bf222691d93af5,train,711a7c596af35366ad1718a9ca26929f9b5b9cadfbcde2ebe41f9fb1f3132a25,640,640,34038
archive/train/Parking_Issues_Illegal_Parking/illegal-parking-475-_png.rf.0031e22944531e639cb6379af11ee55f.jpg,ILLEGAL_PARKING,test,illegal_parking-236167411de4ed40,train,11f81d39d3b38a6444ec46fcdfc5c728e03a1497564fb077b2f56bdb6c7a889b,640,640,46681
archive/train/Parking_Issues_Illegal_Parking/illegal-parking-493-_png.rf.8061eac798366b91e4e404bd8e2743c8.jpg,ILLEGAL_PARKING,test,illegal_parking-e334a2010df1dbcb,train,bfab78bae528ff962210c1e377718a71c947331fb3cc48d59a7e50a63126c6ac,640,640,44753
archive/train/Parking_Issues_Illegal_Parking/illegal-parking-5-_png.rf.e17902c9c0be1989db01a41679cd2efe.jpg,ILLEGAL_PARKING,test,illegal_parking-2fe04c1d8223bf1e,train,d6bf45285d928ae10e2deb72cd205ad44b921cf97d994321660280a65d6746ca,640,640,63211
archive/train/Parking_Issues_Illegal_Parking/illegal-parking-50-_png.rf.3a83a04d29df89af99008866d7fa9c2f.jpg,ILLEGAL_PARKING,test,illegal_parking-373f39681df79445,train,960eee1428594ea2c8efae96cd1257fdba74340127ffa32260614a61fe2dae75,640,640,29695
archive/train/Parking_Issues_Illegal_Parking/illegal-parking-505-_png.rf.e7419d49e19c348c24e4aa087d8724b2.jpg,ILLEGAL_PARKING,test,illegal_parking-3c099b81d85ac604,train,87339d018625ea2cea6ca3d09f976704708ce7a057721c038c1694a69042d66f,640,640,31442
archive/train/Parking_Issues_Illegal_Parking/illegal-parking-507-_png.rf.ca6decb3d3d2dcc9b91c0693159a3f88.jpg,ILLEGAL_PARKING,test,illegal_parking-de5f219450b144a9,train,660da7e18bf3c60c632178b3c9c1527f257fe544a663a3f912c7d3823f4acfaf,640,640,35999
archive/train/Parking_Issues_Illegal_Parking/illegal-parking-511-_png.rf.c91c186a04d5e700fb9bdee202333b7d.jpg,ILLEGAL_PARKING,test,illegal_parking-1dfde0a9172c3865,train,868570397536d091bbc0bd825b04917f187e6222bfe94d495c65562fd0779a54,640,640,35354
archive/train/Parking_Issues_Illegal_Parking/illegal-parking-530-_png.rf.42c60f273d173b17c72188c411104a9a.jpg,ILLEGAL_PARKING,test,illegal_parking-82fc8b5c07983319,train,e60d879fb0a9cd68c0da371800e45238e42a31fd90fe2c13ed69b2607aa76d33,640,640,72330
archive/train/Parking_Issues_Illegal_Parking/illegal-parking-531-_png.rf.8acce428dccc1b624cd365e061218399.jpg,ILLEGAL_PARKING,test,illegal_parking-c720ac4329ec229e,train,b9ef26a54da0fbd6a708875806aaee97049e9cd0f31fd04a0b61ff0c50e0576f,640,640,21706
archive/train/Parking_Issues_Illegal_Parking/illegal-parking-532-_png.rf.6d2b289532e68a7d34f36e376b99fc16.jpg,ILLEGAL_PARKING,test,illegal_parking-8be30cde8b06c062,train,46a2cc76c7ad2403c8cd4882a418c863a3d165291c7dc3db23c15ad1b9bb7f0f,640,640,34333
archive/train/Parking_Issues_Illegal_Parking/illegal-parking-533-_png.rf.5602898c6e00ef450042a73190a20e79.jpg,ILLEGAL_PARKING,test,illegal_parking-76ea64fd5e9767d3,train,37fc36f132a5b2cfa5a7afa54b7f59f71835ba9097bd73c222afa7d11b5e36ab,640,640,29466
archive/train/Parking_Issues_Illegal_Parking/illegal-parking-536-_png.rf.8a871e685e6ff4a65410ca6b3ce4e7bc.jpg,ILLEGAL_PARKING,test,illegal_parking-e7aa2e5a4d33a0fc,train,e79c948bc4711634d87775644b4cb0a9242f34aee4bd3ff836ee3ddbe8adf0d0,640,640,31231
archive/train/Parking_Issues_Illegal_Parking/illegal-parking-542-_png.rf.80bb7d702f0ef58b2b21595196dfc6dc.jpg,ILLEGAL_PARKING,test,illegal_parking-c3f91cb6bb3a9fb2,train,785bf0908ade581601ad0f5461a02264b2d4e0b8148a2135218539190465e0a2,640,640,36684
archive/train/Parking_Issues_Illegal_Parking/illegal-parking-575-_png.rf.b3e7857d942b1a05d5e3a894725d7162.jpg,ILLEGAL_PARKING,test,illegal_parking-d28025294e914a1a,train,7c8fff7c9f185e4c7fe73baee736c857baf8e33bd893f6a8cddd5a0f557156de,640,640,34305
archive/train/Parking_Issues_Illegal_Parking/illegal-parking-580-_png.rf.96aab2503172e5a580679d67177cd876.jpg,ILLEGAL_PARKING,test,illegal_parking-49b1a459b07e21f7,train,fea1deb21576cf819b764cb505b3e1b1147a3440eba06ad9848c618ef38c4616,640,640,31477
archive/train/Parking_Issues_Illegal_Parking/illegal-parking-581-_png.rf.4c1514638bde8d23a9fa4a2b4b73a976.jpg,ILLEGAL_PARKING,test,illegal_parking-d6ddf80adaff1389,train,c6f4c1e012bb1c0053cbe8403451aaf9df70f22b3bbd1328a7f61aa3c185b76d,640,640,32029
archive/train/Parking_Issues_Illegal_Parking/illegal-parking-595-_png.rf.0f5134b77a236bf9c46db02fa5d69736.jpg,ILLEGAL_PARKING,test,illegal_parking-63813acf980a31ef,train,7db5c487eb11edfb3cb16ce77bba59317beb0415529fb7cedd289be1507e60b8,640,640,54868
archive/train/Parking_Issues_Illegal_Parking/illegal-parking-596-_png.rf.55e52f8bbc04ae319643e3162989756c.jpg,ILLEGAL_PARKING,test,illegal_parking-b21f06a6e9faf426,train,c03f249a50a8a0b2f60fad2aea88ea834d823d6986f81970ecbb0c7230673196,640,640,46992
archive/train/Parking_Issues_Illegal_Parking/illegal-parking-607-_png.rf.16b2b547ee16a1d9698f0fe28bb377cb.jpg,ILLEGAL_PARKING,test,illegal_parking-85f34331279a7d71,train,31d87e005e3bcc922be3233557cfadbb868352dbc29c22cb832f208a133355f3,640,640,52510
archive/train/Parking_Issues_Illegal_Parking/illegal-parking-622-_png.rf.2fcd7deeed2dee7bc33ea7d2c3c9f227.jpg,ILLEGAL_PARKING,test,illegal_parking-11f061a847536e0d,train,1f0ff3e8f9a8fd7b569c8a653412a29a4d6486d8575f985b63bde0c66d442a8c,640,640,30369
archive/train/Parking_Issues_Illegal_Parking/illegal-parking-650-_png.rf.92824a74a09f7185c1e20c4a7bd9875b.jpg,ILLEGAL_PARKING,test,illegal_parking-cf51475312846cd4,train,17ac762c65534e6eecb417722799d07e4e2247d2d0338d459e00c0bf0cf75e4e,640,640,28778
archive/train/Parking_Issues_Illegal_Parking/illegal-parking-66-_png.rf.eee23027518b8a4f37c46d4c5e2fe0fb.jpg,ILLEGAL_PARKING,test,illegal_parking-58cab4c02c206976,train,f276782e2cd5bfe730e8d168622019b3123d64e873c0d9fe9257ece9893c1af9,640,640,47729
archive/train/Parking_Issues_Illegal_Parking/illegal-parking-665-_png.rf.a5c823a3b5ad39dac57fe98276fa1a10.jpg,ILLEGAL_PARKING,test,illegal_parking-3eea00767ae11047,train,9846db9ea9eb72ec13ba4839361a0574e33bcf8683a54197e9e67dd3aad8b6da,640,640,27375
archive/train/Parking_Issues_Illegal_Parking/illegal-parking-67-_png.rf.47454f312e1692a11cf26e9c9d08c034.jpg,ILLEGAL_PARKING,test,illegal_parking-356c67da5d636ad8,train,d1e921dd04776e173bee7344fceee426b25de7b9f27c5e612218920519bd23ed,640,640,50865
archive/train/Parking_Issues_Illegal_Parking/illegal-parking-675-_png.rf.92ca30e0dba641e51977f439cd4350f0.jpg,ILLEGAL_PARKING,test,illegal_parking-c3239a20d2292441,train,3cfcdd6f23ae39d177d0e94cea09c7aeda87953dd33412ceebb24a7cd3063bcc,640,640,38321
archive/train/Parking_Issues_Illegal_Parking/illegal-parking-68-_png.rf.b1886ecf353dc4043daae5d6e7154a0e.jpg,ILLEGAL_PARKING,test,illegal_parking-8d44ec19c90517da,train,65da226c0499de6b08af033dec451927f821fa74c99971bf4a6af398adc46366,640,640,41456
archive/train/Parking_Issues_Illegal_Parking/illegal-parking-716-_png.rf.fb7502ece51130a2ad6aff54ca310d17.jpg,ILLEGAL_PARKING,test,illegal_parking-837a16840689c3d2,train,c2d04d8ff892de315f547993c4b32230a2718a9f878cdd07280fb9f2268cee02,640,640,35140
archive/train/Parking_Issues_Illegal_Parking/illegal-parking-731-_png.rf.79185a239db26a43786ca77ae5664d36.jpg,ILLEGAL_PARKING,test,illegal_parking-fb9873674a87edb9,train,1c39bedd7221c99ba43f7e081a1ec59cfb5b2b6ef59e22bd7e591c6c098b0cd0,640,640,32733
archive/train/Parking_Issues_Illegal_Parking/illegal-parking-751-_png.rf.e0afe7b9a9df5aa269fb50873c4bf91d.jpg,ILLEGAL_PARKING,test,illegal_parking-0c08d005bc3519ba,train,7f6bd5d92902e292a90d5730c98f444b24811eaecf8a01b519a1e8f19ad7db08,640,640,34577
archive/train/Parking_Issues_Illegal_Parking/illegal-parking-8-_png.rf.9dcfd238eaec39e4721ee6b57db0f9d7.jpg,ILLEGAL_PARKING,test,illegal_parking-bb616690ea810d00,train,abed89470888ed983063dd9c2f8f8978850a8ce3f370e157ae1361a585e3adcd,640,640,24094
archive/train/Parking_Issues_Illegal_Parking/illegal-parking-810-_png.rf.23c4f054ee5462de4e84e4ebc630bfc0.jpg,ILLEGAL_PARKING,test,illegal_parking-56a9615e33bb50e8,train,d9a170404afbd44d2f667c2638b0d043d5b238e2c60ff442d47e20f42be98122,640,640,36382
archive/validate/Parking_Issues_Illegal_Parking/illegal-parking-141-_png.rf.9d316833926e4ef61f7524c6f7ceabf3.jpg,ILLEGAL_PARKING,test,illegal_parking-a27d5dbfbd2e5c5e,validate,a211598c258f546f372d51261b34f387262316c97e60a282f6056d62e51ccd56,640,640,50840
archive/test/Road_Issues_Pothole/1003_jpg.rf.5a61d919d3c1b00604d5e7ba1066f1d9.jpg,POTHOLE,test,pothole-a157a92e2078d569,test,d80690663985697f2fbd1d5dba49737ea417eb21b3a0f920e57ca80492fe8214,640,640,50989
archive/test/Road_Issues_Pothole/1004_jpg.rf.38f679512419e32c6bbca8eeaed8c197.jpg,POTHOLE,test,pothole-c7288436c623d5bb,test,cba007c230f53d8e4dde325bd08d0f2ba0a18b2fe0f198ec409b11571c3d5e09,640,640,42723
archive/test/Road_Issues_Pothole/1007_jpg.rf.f2f2ccf478cf344290b2b00b72eeb30d.jpg,POTHOLE,test,pothole-e22837d1de9ecde9,test,8ce043361d37b280f6f9b2fc77a28a05d4fe23b67d7ea1e1f7a3a0be76263ee2,640,640,114342
archive/test/Road_Issues_Pothole/1008_jpg.rf.5570cac1cfe6407f06a5ce8101a1799c.jpg,POTHOLE,test,pothole-88e4263d8e26e818,test,165892496981d44072da1e6cf30cd9b1ff66778f72bde4ccb2f01ab01f8c726d,640,640,66044
archive/test/Road_Issues_Pothole/1027_jpg.rf.62e05faf89f3c8bd978b85eabd450e61.jpg,POTHOLE,test,pothole-35f4dabc29078ceb,test,37a3fe6aeef667e11846ca707a47b48d37fd1609f18c076bda06346bb28ffe60,640,640,41409
archive/test/Road_Issues_Pothole/1037_jpg.rf.f4ac96223520bf3e1eb0531939a6c19c.jpg,POTHOLE,test,pothole-3bb50c5cd0ed2523,test,8111308204906326de01a970757d6a5ac81cc362018ceecc90e1b30b6e2d1dc4,640,640,77213
archive/test/Road_Issues_Pothole/1054_jpg.rf.156cdea770ccd47fa14ae8074f0b9b3f.jpg,POTHOLE,test,pothole-512dcff35f58aa7a,test,7b9231b036efb5ccd0e749768e350032d7a6bf1a41cc2285d661ef330995c75e,640,640,68250
archive/test/Road_Issues_Pothole/1057_jpg.rf.11ac4a093e6d5cd3026af16be6f26a3c.jpg,POTHOLE,test,pothole-7ed5562b0e81ed15,test,51da23a30354f680fa21edd704b06d8fe01da85733d976140e7c79de71f19da8,640,640,51835
archive/test/Road_Issues_Pothole/1070_jpg.rf.00b761d522857c6f13535732b8ced41e.jpg,POTHOLE,test,pothole-2f1cb7072d8c12c6,test,f15ec4231d0e44b64235ea833e3333ff3e3a6eb268fadfd3182098cf43b431d8,640,640,51081
archive/test/Road_Issues_Pothole/1086_jpg.rf.ca7269a84200fe461a0c41ae4bc19150.jpg,POTHOLE,test,pothole-58614c4c74a3775c,test,354982f6eff65f08cf177258e788e4a02320ff44658ba17309973c9f9cee1f02,640,640,76567
archive/test/Road_Issues_Pothole/1095_jpg.rf.a1f22af190bf32aed4a5892dcad8552d.jpg,POTHOLE,test,pothole-893bb280c67fe837,test,b8315eceee6c4c4393576cff985c27fec5018211cdb5db3ba38c4c2aa5f49a01,640,640,55755
archive/test/Road_Issues_Pothole/1104_jpg.rf.3ca3b151229c6f29f12c9941925035e7.jpg,POTHOLE,test,pothole-84293fa926e29549,test,7b915543a754d912d09fe13c6ead0c58766d21c158a34ac0f0c2dd6bcdad0794,640,640,63107
archive/test/Road_Issues_Pothole/1150_jpg.rf.6e3a0559bbe678c324a5fc531aa7a224.jpg,POTHOLE,test,pothole-3ece06f717210e7b,test,84915f6253c6d40cec3cde09bcfd81664d3429a514463966543a7477f5c263c5,640,640,115743
archive/train/Road_Issues_Pothole/1061_jpg.rf.0749bc4dae22c36c85a0324ef7d28d4e.jpg,POTHOLE,test,pothole-30fa9673fc8c3625,train,009e88595b9b52fb723fbe0303ffa198b0f650308b7804cac0fcf664224fc276,640,640,38727
archive/train/Road_Issues_Pothole/1102_jpg.rf.866a1c6f8047801da3a5812642c34673.jpg,POTHOLE,test,pothole-dc602ab52e2c628b,train,3e99f9c3d0f6ef9a5cc418b491af810f0a012652854c83abe2752e74db2ec9ca,640,640,83485
archive/train/Road_Issues_Pothole/1120_jpg.rf.f1fc69aecba3ab7afe33c044b9eb0073.jpg,POTHOLE,test,pothole-81c19ed9aaa9141d,train,1c7c531df0810be0b80b9da836111d24d5b430ea2a63035155fd44aa4cee83e6,640,640,73573
archive/train/Road_Issues_Pothole/1129_jpg.rf.428566b16dd2e7ff45b8be8c24143d4a.jpg,POTHOLE,test,pothole-2eb27ee4f29b412c,train,fd8911a10966f9e24ef0341dc072a1372f903be3fc03e9f11a93a823dfbaa18b,640,640,76564
archive/train/Road_Issues_Pothole/1136_jpg.rf.4fc8dd3b0066940db3cd18a8f26e9178.jpg,POTHOLE,test,pothole-63f2ce7915285049,train,29df82d7cdb365b1bfc259abede96107ce601d8bd049b7026ea988c3eac2e888,640,640,68609
archive/train/Road_Issues_Pothole/1153_jpg.rf.7499bf54029b82aba407c0c59648d13e.jpg,POTHOLE,test,pothole-ccb8243208897afc,train,548bc953b96dd1681be648624d3cfbcd3bf93cda748b4d4d676721ddf1e3e859,640,640,79686
archive/train/Road_Issues_Pothole/1158_jpg.rf.ebc19dcb2ce8ec86ae81ff53179522eb.jpg,POTHOLE,test,pothole-b208871625df6094,train,7b6272aabd8ed4879b26bc94ae7a1bad17bc1594cc1678e5e0f76365e49db068,640,640,49181
archive/train/Road_Issues_Pothole/1159_jpg.rf.3dc2b92cd6c40c4bb8bd13a5c371baa2.jpg,POTHOLE,test,pothole-6e5dcf0d9b1fd6ee,train,cdac46d3bc99c6e43543f763192e68c7372d3cc903642ec73c3ed418029d7ff6,640,640,121622
archive/train/Road_Issues_Pothole/1167_jpg.rf.5080a49ee0608083a459b1976b28a3d4.jpg,POTHOLE,test,pothole-92c3e2a62676c70b,train,457dc5604c9052c33f0e1b4b38290f0941ac1438786c199f5f2726ae12b0bce8,640,640,64085
archive/train/Road_Issues_Pothole/1168_jpg.rf.811d756acd350f1630721b463ee2f3ba.jpg,POTHOLE,test,pothole-30e6e7b4aace745f,train,602e162c0f780233ba71b0145897272628669fe19fa1313d9db7a7598a812eff,640,640,105023
archive/train/Road_Issues_Pothole/1170_jpg.rf.b61d70d4a8e60c848abae53fb4ceb236.jpg,POTHOLE,test,pothole-191e89410d173055,train,868af8103819698bc8578904108271ad30eadbe7e955b89bec040e92f13a742e,640,640,47633
archive/train/Road_Issues_Pothole/1178_jpg.rf.84fbdeb0da2a3257549d741396e23b1e.jpg,POTHOLE,test,pothole-ec5cd1ed76fb18d7,train,8e1793cd4da1b2e3d6e1b9618040aa0cab9a67dfa8e3f3861008d1f897b136db,640,640,79484
archive/train/Road_Issues_Pothole/1179_jpg.rf.9b93d2de6f1f47a843a69bfcf698446f.jpg,POTHOLE,test,pothole-0e9f4748090f4a86,train,07002ddd0c78a37297e699bcdd5d8fe199b1d314a7e58c3a278b4407773ba212,640,640,65756
archive/train/Road_Issues_Pothole/images180_jpg.rf.40f0ccc72c63b99470d6577a8bf2756f.jpg,POTHOLE,test,pothole-cb09d3b4396cd0d8,train,07c8ab611bdced2b27504b0b80dbea4778f8fe4ed100459403a3042d3f8f2762,640,640,63873
archive/train/Road_Issues_Pothole/images198_jpg.rf.91892f630e0563691d7ef32acb1d17e7.jpg,POTHOLE,test,pothole-234ce97e4aa349fa,train,11fc6f4f4b9f03f5ea4cbb1b7805f65a6f499f1aad59bb06abfb4c9fcf22ee39,640,640,58938
archive/train/Road_Issues_Pothole/images207_jpg.rf.793529af5b8f6013aed916e07a154d92.jpg,POTHOLE,test,pothole-aaf7253f0f5dd63c,train,35ef60273fc80c4e12ffad6672a287f938ff7a93abbf576116a129bafc48e88a,640,640,54183
